id ;MÓDULO;CATÁLOGO MAESTRO(ZOHO CRM);NOMENCLATURA (DESARROLLO)(API VM);ID ZOHO;DESCRIPCIÓN CATÁLOGO ZOHO;DOBRA TYT;DOBRA CIA;DOBRA ESTIBAS;IROUTE;SAP TYT;SAP CIA;SAP ESTIBAS;SAP TOLEPU;SAP TyT 1;SAP CIA 1;SAP ESTIBA 1;SAP TOLEPU 1
0;CLIENTE;Tipo Identificación;Tip_Identificacion;1;Ruc;1;1;1;0000000198;R;R;R;R;R;R;R;R
0;CLIENTE;Tipo Identificación;Tip_Identificacion;2;Cédula;2;2;2;0000000199;C;C;C;C;C;C;C;C
0;CLIENTE;Tipo Identificación;Tip_Identificacion;3;Catastro;3;n/a;n/a;0000000200;n/a;n/a;n/a;n/a;n/a;n/a;n/a;n/a
0;CLIENTE;Tipo Identificación;Tip_Identificacion;4;Pasaporte;4;3;3;0000000201;P;P;P;P;P;P;P;P
0;CLIENTE;Tipo Identificación;Tip_Identificacion;5;Otros;5;4;4;0000000202;n/a;n/a;n/a;n/a;n/a;n/a;n/a;n/a
0;CLIENTE;Tipo Identificación;Tip_Identificacion;6;CONSUMIDOR FINAL;n/a;n/a;n/a;n/a;F;F;F;F;F;F;F;F
0;CLIENTE;Nivel;NivelID;1;(Ninguno);(Ninguno);n/a;n/a;n/a;n/a;n/a;n/a;n/a;n/a;n/a;n/a;n/a
0;CLIENTE;Nivel;NivelID;2;Detallista;0000004739;n/a;n/a;n/a;n/a;n/a;n/a;n/a;n/a;n/a;n/a;n/a
0;CLIENTE;Nivel;NivelID;3;Distribuidor;0000005023;n/a;n/a;n/a;n/a;n/a;n/a;n/a;n/a;n/a;n/a;n/a
0;CLIENTE;Nivel;NivelID;4;Mayorista;0000001261;n/a;n/a;n/a;n/a;n/a;n/a;n/a;n/a;n/a;n/a;n/a
0;CLIENTE;Nivel;NivelID;5;Minorista;0000001262;n/a;n/a;n/a;n/a;n/a;n/a;n/a;n/a;n/a;n/a;n/a
0;CLIENTE;Nivel;NivelID;6;Otros;0000001263;n/a;n/a;n/a;n/a;n/a;n/a;n/a;n/a;n/a;n/a;n/a
0;CLIENTE;Nivel;NivelID;7;Usuario Final;0000004740;n/a;n/a;n/a;n/a;n/a;n/a;n/a;n/a;n/a;n/a;n/a
0;CLIENTE;Nivel;NivelID;8;Usuario Industrial (Fabricante);0000001260;n/a;n/a;n/a;n/a;n/a;n/a;n/a;n/a;n/a;n/a;n/a
0;CLIENTE;Sector;SectorID;1;SECTOR PUBLICO                                    ;0000000001;0000000001;0000000001;0000000001;n/a;n/a;n/a;n/a;n/a;n/a;n/a;n/a
0;CLIENTE;Sector;SectorID;2;Gobierno Central                                  ;0000000002;0000000002;0000000002;0000000002;n/a;n/a;n/a;n/a;n/a;n/a;n/a;n/a
0;CLIENTE;Sector;SectorID;3;Gobierno Local (Municipios y Consejos Provinciales;0000000003;0000000003;0000000003;0000000003;n/a;n/a;n/a;n/a;n/a;n/a;n/a;n/a
0;CLIENTE;Sector;SectorID;4;Seguridad Social                                  ;0000000004;0000000004;0000000004;0000000004;n/a;n/a;n/a;n/a;n/a;n/a;n/a;n/a
0;CLIENTE;Sector;SectorID;5;Empresa Pública                                   ;0000000005;0000000005;0000000005;0000000005;n/a;n/a;n/a;n/a;n/a;n/a;n/a;n/a
0;CLIENTE;Sector;SectorID;6;Institución Financiera                            ;0000000006;0000000006;0000000006;0000000006;n/a;n/a;n/a;n/a;n/a;n/a;n/a;n/a
0;CLIENTE;Sector;SectorID;7;Otros Organismos                                  ;0000000007;0000000007;0000000007;0000000007;n/a;n/a;n/a;n/a;n/a;n/a;n/a;n/a
0;CLIENTE;Sector;SectorID;8;SECTOR PRIVADO                                    ;0000000008;0000000008;0000000008;0000000008;n/a;n/a;n/a;n/a;n/a;n/a;n/a;n/a
0;CLIENTE;Sector;SectorID;9;Empresa no Financiera                             ;0000000009;0000000009;0000000009;0000000009;n/a;n/a;n/a;n/a;n/a;n/a;n/a;n/a
0;CLIENTE;Sector;SectorID;10;Institución Financiera                            ;0000000010;0000000010;0000000010;0000000010;n/a;n/a;n/a;n/a;n/a;n/a;n/a;n/a
0;CLIENTE;Sector;SectorID;11;Compañía de Seguro                                ;0000000011;0000000011;0000000011;0000000011;n/a;n/a;n/a;n/a;n/a;n/a;n/a;n/a
0;CLIENTE;Sector;SectorID;12;Institución sin fin de lucro                      ;0000000012;0000000012;0000000012;0000000012;n/a;n/a;n/a;n/a;n/a;n/a;n/a;n/a
0;CLIENTE;Sector;SectorID;13;Productor Individual                              ;0000000013;0000000013;0000000013;0000000013;n/a;n/a;n/a;n/a;n/a;n/a;n/a;n/a
0;CLIENTE;Sector;SectorID;14;Persona Natural                                   ;0000000014;0000000014;0000000014;0000000014;n/a;n/a;n/a;n/a;n/a;n/a;n/a;n/a
0;CLIENTE;Sector;SectorID;15;Persona Juridica;n/a;n/a;n/a;0000000015;n/a;n/a;n/a;n/a;n/a;n/a;n/a;n/a
0;CLIENTE;Art. provee S.N.;TipoProveedor;1;AMBOS;n/a;n/a;n/a;n/a;A;A;A;A;A;A;A;A
0;CLIENTE;Art. provee S.N.;TipoProveedor;2;SERVICIO;n/a;n/a;n/a;n/a;S;S;S;S;S;S;S;S
0;CLIENTE;Art. provee S.N.;TipoProveedor;3;BIEN;n/a;n/a;n/a;n/a;B;B;B;B;B;B;B;B
0;CLIENTE;Tipo Contenedor;TarifaID;1;NORMAL;n/a;0000001606;n/a;n/a;n/a;n/a;n/a;n/a;n/a;n/a;n/a;n/a
0;CLIENTE;Tipo Contenedor;TarifaID;2;EXTENDIDO;n/a;0000001607;n/a;n/a;n/a;n/a;n/a;n/a;n/a;n/a;n/a;n/a
0;CLIENTE;Tipo Contenedor;TarifaID;3;FLATRACK;n/a;0000001810;n/a;n/a;n/a;n/a;n/a;n/a;n/a;n/a;n/a;n/a
0;CLIENTE;Tipo Contenedor;TarifaID;4;REFEER;n/a;0000001811;n/a;n/a;n/a;n/a;n/a;n/a;n/a;n/a;n/a;n/a
0;CLIENTE;Tipo Contenedor;TarifaID;5;ISOTANQUE;n/a;0000002231;n/a;n/a;n/a;n/a;n/a;n/a;n/a;n/a;n/a;n/a
0;CLIENTE;Tipo Contenedor;TarifaID;6;OPENTOP;n/a;0000002336;n/a;n/a;n/a;n/a;n/a;n/a;n/a;n/a;n/a;n/a
0;CLIENTE;Zona - Ciudad;ZonaID;1;ALAUSI;0000000124 ;0000000107;n/a;n/a;n/a;n/a;n/a;n/a;n/a;n/a;n/a;n/a
0;CLIENTE;Zona - Ciudad;ZonaID;2;Aloag;n/a;0000000120;n/a;n/a;n/a;n/a;n/a;n/a;n/a;n/a;n/a;n/a
0;CLIENTE;Zona - Ciudad;ZonaID;3;Arenillas;n/a;0000000116;n/a;n/a;n/a;n/a;n/a;n/a;n/a;n/a;n/a;n/a
0;CLIENTE;Zona - Ciudad;ZonaID;4;Azuay;0000000056;0000000056;0000000056;0000000056;n/a;n/a;n/a;n/a;n/a;n/a;n/a;n/a
0;CLIENTE;Zona - Ciudad;ZonaID;5;Bolívar;0000000040;0000000040;0000000040;0000000040;n/a;n/a;n/a;n/a;n/a;n/a;n/a;n/a
0;CLIENTE;Zona - Ciudad;ZonaID;6;BUENOS AIRES;n/a;n/a;n/a;0000000097;n/a;n/a;n/a;n/a;n/a;n/a;n/a;n/a
0;CLIENTE;Zona - Ciudad;ZonaID;7;CAÑAR;0000000059;0000000059;0000000059;0000000059;n/a;n/a;n/a;n/a;n/a;n/a;n/a;n/a
0;CLIENTE;Zona - Ciudad;ZonaID;8;CARCHI;0000000060;0000000060;0000000060;0000000060;n/a;n/a;n/a;n/a;n/a;n/a;n/a;n/a
0;CLIENTE;Zona - Ciudad;ZonaID;9;CAYAMBE;n/a;0000000073;0000000073;n/a;n/a;n/a;n/a;n/a;n/a;n/a;n/a;n/a
0;CLIENTE;Zona - Ciudad;ZonaID;10;Chanduy;n/a;0000000134;n/a;n/a;n/a;n/a;n/a;n/a;n/a;n/a;n/a;n/a
0;CLIENTE;Zona - Ciudad;ZonaID;11;Cerecita;n/a;0000000108;n/a;n/a;n/a;n/a;n/a;n/a;n/a;n/a;n/a;n/a
0;CLIENTE;Zona - Ciudad;ZonaID;12;Cotopaxi;0000000004;0000000004;0000000004;0000000004;n/a;n/a;n/a;n/a;n/a;n/a;n/a;n/a
0;CLIENTE;Zona - Ciudad;ZonaID;13;CALLAO;0000000123 ;n/a;n/a;0000000105;n/a;n/a;n/a;n/a;n/a;n/a;n/a;n/a
0;CLIENTE;Zona - Ciudad;ZonaID;14;CANADA;n/a;n/a;n/a;0000000102;n/a;n/a;n/a;n/a;n/a;n/a;n/a;n/a
0;CLIENTE;Zona - Ciudad;ZonaID;15;Casa Blanca;n/a;n/a;n/a;0000000113;n/a;n/a;n/a;n/a;n/a;n/a;n/a;n/a
0;CLIENTE;Zona - Ciudad;ZonaID;16;CHALTURA;n/a;n/a;n/a;0000000076;n/a;n/a;n/a;n/a;n/a;n/a;n/a;n/a
0;CLIENTE;Zona - Ciudad;ZonaID;17;EL ORO;0000000062;0000000062;0000000062;0000000062;n/a;n/a;n/a;n/a;n/a;n/a;n/a;n/a
0;CLIENTE;Zona - Ciudad;ZonaID;18;Esmeraldas;0000000003;0000000027;0000000003;0000000003;n/a;n/a;n/a;n/a;n/a;n/a;n/a;n/a
0;CLIENTE;Zona - Ciudad;ZonaID;19;Guayllabamba;n/a;0000000091;n/a;n/a;n/a;n/a;n/a;n/a;n/a;n/a;n/a;n/a
0;CLIENTE;Zona - Ciudad;ZonaID;20;Guayas;0000000001;0000000001;0000000001;0000000001;n/a;n/a;n/a;n/a;n/a;n/a;n/a;n/a
0;CLIENTE;Zona - Ciudad;ZonaID;21;IMBABURA;0000000074;0000000072;0000000072;0000000070;n/a;n/a;n/a;n/a;n/a;n/a;n/a;n/a
0;CLIENTE;Zona - Ciudad;ZonaID;22;Ipiales;n/a;0000000100;n/a;n/a;n/a;n/a;n/a;n/a;n/a;n/a;n/a;n/a
0;CLIENTE;Zona - Ciudad;ZonaID;23;Isidro Ayora;n/a;0000000115;n/a;n/a;n/a;n/a;n/a;n/a;n/a;n/a;n/a;n/a
0;CLIENTE;Zona - Ciudad;ZonaID;24;HUAQUILLAS;0000000106;0000000070;0000000070;n/a;n/a;n/a;n/a;n/a;n/a;n/a;n/a;n/a
0;CLIENTE;Zona - Ciudad;ZonaID;25;MACHALA;0000000073;0000000081;n/a;0000000078;n/a;n/a;n/a;n/a;n/a;n/a;n/a;n/a
0;CLIENTE;Zona - Ciudad;ZonaID;26;Guayaquil                                         ;0000000007;0000000007;0000000007;0000000007;n/a;n/a;n/a;n/a;n/a;n/a;n/a;n/a
0;CLIENTE;Zona - Ciudad;ZonaID;27;Milagro                                           ;0000000010;0000000010;0000000010;0000000010;n/a;n/a;n/a;n/a;n/a;n/a;n/a;n/a
0;CLIENTE;Zona - Ciudad;ZonaID;28;LOJA;0000000063;0000000063;0000000063;0000000063;n/a;n/a;n/a;n/a;n/a;n/a;n/a;n/a
0;CLIENTE;Zona - Ciudad;ZonaID;29;Lomas de Sargentillo;n/a;0000000113;n/a;n/a;n/a;n/a;n/a;n/a;n/a;n/a;n/a;n/a
0;CLIENTE;Zona - Ciudad;ZonaID;30;Los Ríos;0000000002;0000000002;0000000002;0000000002;n/a;n/a;n/a;n/a;n/a;n/a;n/a;n/a
0;CLIENTE;Zona - Ciudad;ZonaID;31;Manabí;0000000006;0000000006;0000000006;0000000006;n/a;n/a;n/a;n/a;n/a;n/a;n/a;n/a
0;CLIENTE;Zona - Ciudad;ZonaID;32;MORONA SANTIAGO;0000000093;0000000146;n/a;n/a;n/a;n/a;n/a;n/a;n/a;n/a;n/a;n/a
0;CLIENTE;Zona - Ciudad;ZonaID;33;Pichincha;0000000005;0000000005;0000000005;0000000005;n/a;n/a;n/a;n/a;n/a;n/a;n/a;n/a
0;CLIENTE;Zona - Ciudad;ZonaID;34;TUNGURAHUA;0000000067;0000000077;0000000077;0000000064;n/a;n/a;n/a;n/a;n/a;n/a;n/a;n/a
0;CLIENTE;Zona - Ciudad;ZonaID;35;ZAMORA;0000000110;0000000124;n/a;n/a;n/a;n/a;n/a;n/a;n/a;n/a;n/a;n/a
0;CLIENTE;Zona - Ciudad;ZonaID;36;GALAPAGOS;0000000075;n/a;n/a;0000000075;n/a;n/a;n/a;n/a;n/a;n/a;n/a;n/a
0;CLIENTE;Zona - Ciudad;ZonaID;37;GUANO;n/a;0000000138;n/a;n/a;n/a;n/a;n/a;n/a;n/a;n/a;n/a;n/a
0;CLIENTE;Zona - Ciudad;ZonaID;38;TULCAN;0000000072;0000000078;0000000078;n/a;n/a;n/a;n/a;n/a;n/a;n/a;n/a;n/a
0;CLIENTE;Zona - Ciudad;ZonaID;39;CHIMBORAZO;0000000061;0000000061;0000000061;0000000061;n/a;n/a;n/a;n/a;n/a;n/a;n/a;n/a
0;CLIENTE;Zona - Ciudad;ZonaID;40;SUCUMBIOS;0000000107;0000000074;0000000074;n/a;n/a;n/a;n/a;n/a;n/a;n/a;n/a;n/a
0;CLIENTE;Zona - Ciudad;ZonaID;41;Quito                                             ;0000000036;0000000036;0000000036;0000000036;n/a;n/a;n/a;n/a;n/a;n/a;n/a;n/a
0;CLIENTE;Zona - Ciudad;ZonaID;42;ORELLANA;0000000078;0000000095;n/a;n/a;n/a;n/a;n/a;n/a;n/a;n/a;n/a;n/a
0;CLIENTE;Zona - Ciudad;ZonaID;43;Santa Elena;0000000083;0000000105;n/a;0000000066;n/a;n/a;n/a;n/a;n/a;n/a;n/a;n/a
0;CLIENTE;Zona - Ciudad;ZonaID;44;TAMBO;n/a;0000000136;n/a;n/a;n/a;n/a;n/a;n/a;n/a;n/a;n/a;n/a
0;CLIENTE;Zona - Ciudad;ZonaID;45;TENA;n/a;0000000157;n/a;n/a;n/a;n/a;n/a;n/a;n/a;n/a;n/a;n/a
0;CLIENTE;Zona - Ciudad;ZonaID;46;Tenguel;n/a;0000000149;n/a;n/a;n/a;n/a;n/a;n/a;n/a;n/a;n/a;n/a
0;CLIENTE;Zona - Ciudad;ZonaID;47;Tosagua;n/a;0000000131;n/a;n/a;n/a;n/a;n/a;n/a;n/a;n/a;n/a;n/a
0;CLIENTE;Zona - Ciudad;ZonaID;48;PASTAZA;0000000065;0000000065;0000000065;n/a;n/a;n/a;n/a;n/a;n/a;n/a;n/a;n/a
0;CLIENTE;Zona - Ciudad;ZonaID;49;ALEMANIA;0000000099;0000000087;0000000082;0000000100;n/a;n/a;n/a;n/a;n/a;n/a;n/a;n/a
0;CLIENTE;Zona - Ciudad;ZonaID;50;Ambato;0000000058;0000000058;0000000058;0000000058;n/a;n/a;n/a;n/a;n/a;n/a;n/a;n/a
0;CLIENTE;Zona - Ciudad;ZonaID;51;ARGENTINA;0000000103;n/a;n/a;n/a;n/a;n/a;n/a;n/a;n/a;n/a;n/a;n/a
0;CLIENTE;Zona - Ciudad;ZonaID;52;ATUNTAQUI;0000000082;n/a;n/a;n/a;n/a;n/a;n/a;n/a;n/a;n/a;n/a;n/a
0;CLIENTE;Zona - Ciudad;ZonaID;53;AZOGUES;0000000105;0000000092;n/a;0000000094;n/a;n/a;n/a;n/a;n/a;n/a;n/a;n/a
0;CLIENTE;Zona - Ciudad;ZonaID;54;Babahoyo                                          ;0000000018;0000000018;0000000018;0000000018;n/a;n/a;n/a;n/a;n/a;n/a;n/a;n/a
0;CLIENTE;Zona - Ciudad;ZonaID;55;Bahía de Caraquez                                 ;0000000053;0000000053;0000000053;0000000053;n/a;n/a;n/a;n/a;n/a;n/a;n/a;n/a
0;CLIENTE;Zona - Ciudad;ZonaID;56;BALSAS;n/a;0000000155;n/a;n/a;n/a;n/a;n/a;n/a;n/a;n/a;n/a;n/a
0;CLIENTE;Zona - Ciudad;ZonaID;57;Balzar                                            ;0000000008;0000000008;0000000008;0000000008;n/a;n/a;n/a;n/a;n/a;n/a;n/a;n/a
0;CLIENTE;Zona - Ciudad;ZonaID;58;BARCELONA, ESPAÑA;n/a;0000000082;n/a;0000000075;n/a;n/a;n/a;n/a;n/a;n/a;n/a;n/a
0;CLIENTE;Zona - Ciudad;ZonaID;59;Borbón                                            ;0000000030;0000000030;0000000030;0000000030;n/a;n/a;n/a;n/a;n/a;n/a;n/a;n/a
0;CLIENTE;Zona - Ciudad;ZonaID;60;Bucay;n/a;0000000112;n/a;n/a;n/a;n/a;n/a;n/a;n/a;n/a;n/a;n/a
0;CLIENTE;Zona - Ciudad;ZonaID;61;Buena Fé                                          ;0000000025;0000000025;0000000025;0000000025;n/a;n/a;n/a;n/a;n/a;n/a;n/a;n/a
0;CLIENTE;Zona - Ciudad;ZonaID;62;CAJABAMBA;n/a;0000000137;n/a;n/a;n/a;n/a;n/a;n/a;n/a;n/a;n/a;n/a
0;CLIENTE;Zona - Ciudad;ZonaID;63;CALCETA;n/a;0000000148;n/a;n/a;n/a;n/a;n/a;n/a;n/a;n/a;n/a;n/a
0;CLIENTE;Zona - Ciudad;ZonaID;64;CALI / COLOMBIA;0000000119;0000000159;n/a;0000000114;n/a;n/a;n/a;n/a;n/a;n/a;n/a;n/a
0;CLIENTE;Zona - Ciudad;ZonaID;65;Caluma                                            ;0000000046;0000000046;0000000046;0000000046;n/a;n/a;n/a;n/a;n/a;n/a;n/a;n/a
0;CLIENTE;Zona - Ciudad;ZonaID;66;Camilo Ponce Enríquez;n/a;0000000142;n/a;n/a;n/a;n/a;n/a;n/a;n/a;n/a;n/a;n/a
0;CLIENTE;Zona - Ciudad;ZonaID;67;CHILE;0000000111;0000000083;n/a;n/a;n/a;n/a;n/a;n/a;n/a;n/a;n/a;n/a
0;CLIENTE;Zona - Ciudad;ZonaID;68;Chone                                             ;0000000049;0000000049;0000000049;0000000049;n/a;n/a;n/a;n/a;n/a;n/a;n/a;n/a
0;CLIENTE;Zona - Ciudad;ZonaID;69;Chongon;n/a;0000000111;n/a;n/a;n/a;n/a;n/a;n/a;n/a;n/a;n/a;n/a
0;CLIENTE;Zona - Ciudad;ZonaID;70;Ciudad de Esmeraldas                              ;0000000027;n/a;0000000027;0000000027;n/a;n/a;n/a;n/a;n/a;n/a;n/a;n/a
0;CLIENTE;Zona - Ciudad;ZonaID;71;Colombia;0000000091;0000000099;n/a;n/a;n/a;n/a;n/a;n/a;n/a;n/a;n/a;n/a
0;CLIENTE;Zona - Ciudad;ZonaID;72;Cotacachi;0000000080;n/a;n/a;n/a;n/a;n/a;n/a;n/a;n/a;n/a;n/a;n/a
0;CLIENTE;Zona - Ciudad;ZonaID;73;CUBA;0000000113;0000000135;n/a;n/a;n/a;n/a;n/a;n/a;n/a;n/a;n/a;n/a
0;CLIENTE;Zona - Ciudad;ZonaID;74;Cuenca;0000000057;0000000057;0000000057;0000000057;n/a;n/a;n/a;n/a;n/a;n/a;n/a;n/a
0;CLIENTE;Zona - Ciudad;ZonaID;75;DAULAR;n/a;0000000150;n/a;n/a;n/a;n/a;n/a;n/a;n/a;n/a;n/a;n/a
0;CLIENTE;Zona - Ciudad;ZonaID;76;Daule                                             ;0000000009;0000000009;0000000009;0000000009;n/a;n/a;n/a;n/a;n/a;n/a;n/a;n/a
0;CLIENTE;Zona - Ciudad;ZonaID;77;Dayuma;n/a;0000000156;n/a;n/a;n/a;n/a;n/a;n/a;n/a;n/a;n/a;n/a
0;CLIENTE;Zona - Ciudad;ZonaID;78;Dinamarca;0000000089;n/a;n/a;n/a;n/a;n/a;n/a;n/a;n/a;n/a;n/a;n/a
0;CLIENTE;Zona - Ciudad;ZonaID;79;DIEZ AGOSTO ( VIA CALACALI);n/a;0000000158;n/a;n/a;n/a;n/a;n/a;n/a;n/a;n/a;n/a;n/a
0;CLIENTE;Zona - Ciudad;ZonaID;80;Duran;0000000084;0000000069;0000000069;n/a;n/a;n/a;n/a;n/a;n/a;n/a;n/a;n/a
0;CLIENTE;Zona - Ciudad;ZonaID;81;Echeandía                                         ;0000000047;0000000047;0000000047;0000000047;n/a;n/a;n/a;n/a;n/a;n/a;n/a;n/a
0;CLIENTE;Zona - Ciudad;ZonaID;82;Estados Unidos;0000000096;0000000085;0000000083;0000000106;n/a;n/a;n/a;n/a;n/a;n/a;n/a;n/a
0;CLIENTE;Zona - Ciudad;ZonaID;83;El Carmen                                         ;0000000044;0000000044;0000000044;0000000044;n/a;n/a;n/a;n/a;n/a;n/a;n/a;n/a
0;CLIENTE;Zona - Ciudad;ZonaID;84;El Empalme                                        ;0000000011;0000000011;0000000011;0000000011;n/a;n/a;n/a;n/a;n/a;n/a;n/a;n/a
0;CLIENTE;Zona - Ciudad;ZonaID;85;El Guabo;1000000001;0000000122;n/a;n/a;n/a;n/a;n/a;n/a;n/a;n/a;n/a;n/a
0;CLIENTE;Zona - Ciudad;ZonaID;86;España/Madrid;0000000088;n/a;n/a;0000000074;n/a;n/a;n/a;n/a;n/a;n/a;n/a;n/a
0;CLIENTE;Zona - Ciudad;ZonaID;87;EXTERIOR;0000000066;0000000066;0000000066;0000000081;n/a;n/a;n/a;n/a;n/a;n/a;n/a;n/a
0;CLIENTE;Zona - Ciudad;ZonaID;88;Francisco de Orellana;0000000079;0000000096;n/a;n/a;n/a;n/a;n/a;n/a;n/a;n/a;n/a;n/a
0;CLIENTE;Zona - Ciudad;ZonaID;89;FRANCIA;0000000098;0000000086;n/a;n/a;n/a;n/a;n/a;n/a;n/a;n/a;n/a;n/a
0;CLIENTE;Zona - Ciudad;ZonaID;90;Guaranda;0000000112;n/a;n/a;n/a;n/a;n/a;n/a;n/a;n/a;n/a;n/a;n/a
0;CLIENTE;Zona - Ciudad;ZonaID;91;IBARRA;0000000064;0000000064;0000000064;n/a;n/a;n/a;n/a;n/a;n/a;n/a;n/a;n/a
0;CLIENTE;Zona - Ciudad;ZonaID;92;ITALIA;0000000114;n/a;n/a;0000000098;n/a;n/a;n/a;n/a;n/a;n/a;n/a;n/a
0;CLIENTE;Zona - Ciudad;ZonaID;93;Jaramijó;n/a;0000000125;n/a;n/a;n/a;n/a;n/a;n/a;n/a;n/a;n/a;n/a
0;CLIENTE;Zona - Ciudad;ZonaID;94;Juján                                             ;0000000015;0000000015;0000000015;0000000015;n/a;n/a;n/a;n/a;n/a;n/a;n/a;n/a
0;CLIENTE;Zona - Ciudad;ZonaID;95;Jumón;n/a;0000000119;n/a;n/a;n/a;n/a;n/a;n/a;n/a;n/a;n/a;n/a
0;CLIENTE;Zona - Ciudad;ZonaID;96;Junin (Manabí);n/a;0000000128;n/a;n/a;n/a;n/a;n/a;n/a;n/a;n/a;n/a;n/a
0;CLIENTE;Zona - Ciudad;ZonaID;97;La Concordia                                      ;0000000037;0000000037;0000000037;0000000037;n/a;n/a;n/a;n/a;n/a;n/a;n/a;n/a
0;CLIENTE;Zona - Ciudad;ZonaID;98;La Maná                                           ;0000000026;0000000026;0000000026;0000000026;n/a;n/a;n/a;n/a;n/a;n/a;n/a;n/a
0;CLIENTE;Zona - Ciudad;ZonaID;99;Lago Agrio;0000000108;0000000075;0000000075;n/a;n/a;n/a;n/a;n/a;n/a;n/a;n/a;n/a
0;CLIENTE;Zona - Ciudad;ZonaID;100;Latacunga                                         ;0000000055;0000000055;0000000055;0000000055;n/a;n/a;n/a;n/a;n/a;n/a;n/a;n/a
0;CLIENTE;Zona - Ciudad;ZonaID;101;Lima;0000000092;0000000088;0000000081;0000000071;n/a;n/a;n/a;n/a;n/a;n/a;n/a;n/a
0;CLIENTE;Zona - Ciudad;ZonaID;102;LA LIBERTAD;0000000117;0000000068;0000000068;n/a;n/a;n/a;n/a;n/a;n/a;n/a;n/a;n/a
0;CLIENTE;Zona - Ciudad;ZonaID;103;MACAS;0000000097;0000000147;n/a;n/a;n/a;n/a;n/a;n/a;n/a;n/a;n/a;n/a
0;CLIENTE;Zona - Ciudad;ZonaID;104;MACHACHI;n/a;0000000089;n/a;n/a;n/a;n/a;n/a;n/a;n/a;n/a;n/a;n/a
0;CLIENTE;Zona - Ciudad;ZonaID;105;Manta                                             ;0000000033;0000000033;0000000033;0000000033;n/a;n/a;n/a;n/a;n/a;n/a;n/a;n/a
0;CLIENTE;Zona - Ciudad;ZonaID;106;Marcelino Maridueña;n/a;0000000097;n/a;n/a;n/a;n/a;n/a;n/a;n/a;n/a;n/a;n/a
0;CLIENTE;Zona - Ciudad;ZonaID;107;Mexico;0000000094;n/a;n/a;0000000065;n/a;n/a;n/a;n/a;n/a;n/a;n/a;n/a
0;CLIENTE;Zona - Ciudad;ZonaID;108;Mocache                                           ;0000000042;0000000042;0000000042;0000000042;n/a;n/a;n/a;n/a;n/a;n/a;n/a;n/a
0;CLIENTE;Zona - Ciudad;ZonaID;109;Montecristi;n/a;0000000094;n/a;0000000120;n/a;n/a;n/a;n/a;n/a;n/a;n/a;n/a
0;CLIENTE;Zona - Ciudad;ZonaID;110;Monteverde;n/a;0000000104;n/a;n/a;n/a;n/a;n/a;n/a;n/a;n/a;n/a;n/a
0;CLIENTE;Zona - Ciudad;ZonaID;111;Montalvo                                          ;0000000019;0000000019;0000000019;0000000019;n/a;n/a;n/a;n/a;n/a;n/a;n/a;n/a
0;CLIENTE;Zona - Ciudad;ZonaID;112;MORONA;0000000095;n/a;n/a;n/a;n/a;n/a;n/a;n/a;n/a;n/a;n/a;n/a
0;CLIENTE;Zona - Ciudad;ZonaID;113;Muisne                                            ;0000000038;0000000038;0000000038;0000000038;n/a;n/a;n/a;n/a;n/a;n/a;n/a;n/a
0;CLIENTE;Zona - Ciudad;ZonaID;114;NAPO;n/a;0000000140;n/a;n/a;n/a;n/a;n/a;n/a;n/a;n/a;n/a;n/a
0;CLIENTE;Zona - Ciudad;ZonaID;115;Naranjal;0000000104;0000000132;n/a;n/a;n/a;n/a;n/a;n/a;n/a;n/a;n/a;n/a
0;CLIENTE;Zona - Ciudad;ZonaID;116;NICARAGUA;0000000100;n/a;n/a;n/a;n/a;n/a;n/a;n/a;n/a;n/a;n/a;n/a
0;CLIENTE;Zona - Ciudad;ZonaID;117;Nobol                                             ;0000000014;0000000014;0000000014;0000000014;n/a;n/a;n/a;n/a;n/a;n/a;n/a;n/a
0;CLIENTE;Zona - Ciudad;ZonaID;118;Olmedo;n/a;0000000130;n/a;n/a;n/a;n/a;n/a;n/a;n/a;n/a;n/a;n/a
0;CLIENTE;Zona - Ciudad;ZonaID;119;OTAVALO;0000000081;0000000080;0000000080;n/a;n/a;n/a;n/a;n/a;n/a;n/a;n/a;n/a
0;CLIENTE;Zona - Ciudad;ZonaID;120;Paján;n/a;0000000126;n/a;n/a;n/a;n/a;n/a;n/a;n/a;n/a;n/a;n/a
0;CLIENTE;Zona - Ciudad;ZonaID;121;Palenque                                          ;0000000050;0000000050;0000000050;0000000050;n/a;n/a;n/a;n/a;n/a;n/a;n/a;n/a
0;CLIENTE;Zona - Ciudad;ZonaID;122;Palestina                                         ;0000000013;0000000013;0000000013;0000000013;n/a;n/a;n/a;n/a;n/a;n/a;n/a;n/a
0;CLIENTE;Zona - Ciudad;ZonaID;123;PANAMA;0000000076;0000000084;n/a;0000000072;n/a;n/a;n/a;n/a;n/a;n/a;n/a;n/a
0;CLIENTE;Zona - Ciudad;ZonaID;124;PATATE;0000000068;n/a;n/a;n/a;n/a;n/a;n/a;n/a;n/a;n/a;n/a;n/a
0;CLIENTE;Zona - Ciudad;ZonaID;125;Patricia Pilar                                    ;0000000035;0000000035;0000000035;0000000035;n/a;n/a;n/a;n/a;n/a;n/a;n/a;n/a
0;CLIENTE;Zona - Ciudad;ZonaID;126;Papallacta (Napo);n/a;0000000141;n/a;n/a;n/a;n/a;n/a;n/a;n/a;n/a;n/a;n/a
0;CLIENTE;Zona - Ciudad;ZonaID;127;Pasaje;n/a;0000000121;n/a;n/a;n/a;n/a;n/a;n/a;n/a;n/a;n/a;n/a
0;CLIENTE;Zona - Ciudad;ZonaID;128;PERU;0000000122 ;0000000109;n/a;0000000104;n/a;n/a;n/a;n/a;n/a;n/a;n/a;n/a
0;CLIENTE;Zona - Ciudad;ZonaID;129;Pedernales                                        ;0000000054;0000000054;0000000054;0000000054;n/a;n/a;n/a;n/a;n/a;n/a;n/a;n/a
0;CLIENTE;Zona - Ciudad;ZonaID;130;Pedro Carbo;0000000118;0000000106;n/a;n/a;n/a;n/a;n/a;n/a;n/a;n/a;n/a;n/a
0;CLIENTE;Zona - Ciudad;ZonaID;131;Petrillo;n/a;0000000151;n/a;n/a;n/a;n/a;n/a;n/a;n/a;n/a;n/a;n/a
0;CLIENTE;Zona - Ciudad;ZonaID;132;San Pedro de Pelileo;0000000086;n/a;n/a;n/a;n/a;n/a;n/a;n/a;n/a;n/a;n/a;n/a
0;CLIENTE;Zona - Ciudad;ZonaID;133;Pichincha (Manabí)                                ;0000000032;0000000032;0000000032;0000000032;n/a;n/a;n/a;n/a;n/a;n/a;n/a;n/a
0;CLIENTE;Zona - Ciudad;ZonaID;134;Piñas;n/a;0000000103;n/a;n/a;n/a;n/a;n/a;n/a;n/a;n/a;n/a;n/a
0;CLIENTE;Zona - Ciudad;ZonaID;135;Pitahaya;n/a;0000000144;n/a;n/a;n/a;n/a;n/a;n/a;n/a;n/a;n/a;n/a
0;CLIENTE;Zona - Ciudad;ZonaID;136;Playas                                            ;0000000051;0000000051;0000000051;0000000051;n/a;n/a;n/a;n/a;n/a;n/a;n/a;n/a
0;CLIENTE;Zona - Ciudad;ZonaID;137;POLONIA;0000000115;n/a;n/a;n/a;n/a;n/a;n/a;n/a;n/a;n/a;n/a;n/a
0;CLIENTE;Zona - Ciudad;ZonaID;138;Portovelo;n/a;0000000118;n/a;n/a;n/a;n/a;n/a;n/a;n/a;n/a;n/a;n/a
0;CLIENTE;Zona - Ciudad;ZonaID;139;Portoviejo                                        ;0000000031;0000000031;0000000031;0000000031;n/a;n/a;n/a;n/a;n/a;n/a;n/a;n/a
0;CLIENTE;Zona - Ciudad;ZonaID;140;Posorja;0000000085;0000000102;n/a;n/a;n/a;n/a;n/a;n/a;n/a;n/a;n/a;n/a
0;CLIENTE;Zona - Ciudad;ZonaID;141;Puebloviejo                                       ;0000000020;n/a;0000000020;0000000020;n/a;n/a;n/a;n/a;n/a;n/a;n/a;n/a
0;CLIENTE;Zona - Ciudad;ZonaID;142;PTO. BOLIVAR;n/a;0000000067;0000000067;n/a;n/a;n/a;n/a;n/a;n/a;n/a;n/a;n/a
0;CLIENTE;Zona - Ciudad;ZonaID;143;PUERTO BOLIVAR;0000000116;n/a;n/a;n/a;n/a;n/a;n/a;n/a;n/a;n/a;n/a;n/a
0;CLIENTE;Zona - Ciudad;ZonaID;144;PUERTO INCA;n/a;0000000110;n/a;n/a;n/a;n/a;n/a;n/a;n/a;n/a;n/a;n/a
0;CLIENTE;Zona - Ciudad;ZonaID;145;Puerto Lopez;n/a;0000000129;n/a;n/a;n/a;n/a;n/a;n/a;n/a;n/a;n/a;n/a
0;CLIENTE;Zona - Ciudad;ZonaID;146;Puerto Sabana Grande;n/a;0000000143;n/a;n/a;n/a;n/a;n/a;n/a;n/a;n/a;n/a;n/a
0;CLIENTE;Zona - Ciudad;ZonaID;147;Progreso;n/a;0000000152;n/a;n/a;n/a;n/a;n/a;n/a;n/a;n/a;n/a;n/a
0;CLIENTE;Zona - Ciudad;ZonaID;148;Quevedo                                           ;0000000017;0000000017;0000000017;0000000017;n/a;n/a;n/a;n/a;n/a;n/a;n/a;n/a
0;CLIENTE;Zona - Ciudad;ZonaID;149;Quininde                                          ;0000000029;0000000029;0000000029;0000000029;n/a;n/a;n/a;n/a;n/a;n/a;n/a;n/a
0;CLIENTE;Zona - Ciudad;ZonaID;150;Quinsaloma                                        ;0000000043;0000000043;0000000043;0000000043;n/a;n/a;n/a;n/a;n/a;n/a;n/a;n/a
0;CLIENTE;Zona - Ciudad;ZonaID;151;QUIROGA;n/a;0000000139;n/a;n/a;n/a;n/a;n/a;n/a;n/a;n/a;n/a;n/a
0;CLIENTE;Zona - Ciudad;ZonaID;152;REPÚBLICA DOMINICANA;0000000101;n/a;n/a;n/a;n/a;n/a;n/a;n/a;n/a;n/a;n/a;n/a
0;CLIENTE;Zona - Ciudad;ZonaID;153;Ricaurte                                          ;0000000041;0000000041;0000000041;0000000041;n/a;n/a;n/a;n/a;n/a;n/a;n/a;n/a
0;CLIENTE;Zona - Ciudad;ZonaID;154;RIOBAMBA;0000000070;0000000076;0000000076;n/a;n/a;n/a;n/a;n/a;n/a;n/a;n/a;n/a
0;CLIENTE;Zona - Ciudad;ZonaID;155;Salango;n/a;0000000154;n/a;n/a;n/a;n/a;n/a;n/a;n/a;n/a;n/a;n/a
0;CLIENTE;Zona - Ciudad;ZonaID;156;Salinas;0000000052;0000000052;0000000052;0000000052;n/a;n/a;n/a;n/a;n/a;n/a;n/a;n/a
0;CLIENTE;Zona - Ciudad;ZonaID;157;Samborondon;0000000087;0000000114;n/a;0000000090;n/a;n/a;n/a;n/a;n/a;n/a;n/a;n/a
0;CLIENTE;Zona - Ciudad;ZonaID;158;San Carlos                                        ;0000000023;0000000023;0000000023;0000000023;n/a;n/a;n/a;n/a;n/a;n/a;n/a;n/a
0;CLIENTE;Zona - Ciudad;ZonaID;159;San Francisco de Puebloviejo;n/a;0000000020;n/a;n/a;n/a;n/a;n/a;n/a;n/a;n/a;n/a;n/a
0;CLIENTE;Zona - Ciudad;ZonaID;160;San Juan                                          ;0000000021;0000000021;0000000021;0000000021;n/a;n/a;n/a;n/a;n/a;n/a;n/a;n/a
0;CLIENTE;Zona - Ciudad;ZonaID;161;San Lorenzo                                       ;0000000048;0000000048;0000000048;0000000048;n/a;n/a;n/a;n/a;n/a;n/a;n/a;n/a
0;CLIENTE;Zona - Ciudad;ZonaID;162;San Pablo;n/a;0000000145;n/a;n/a;n/a;n/a;n/a;n/a;n/a;n/a;n/a;n/a
0;CLIENTE;Zona - Ciudad;ZonaID;163;Sangolquí;0000000121;0000000101;n/a;n/a;n/a;n/a;n/a;n/a;n/a;n/a;n/a;n/a
0;CLIENTE;Zona - Ciudad;ZonaID;164;Santa Ana;n/a;0000000127;n/a;n/a;n/a;n/a;n/a;n/a;n/a;n/a;n/a;n/a
0;CLIENTE;Zona - Ciudad;ZonaID;165;Santa Lucía                                       ;0000000012;0000000012;0000000012;0000000012;n/a;n/a;n/a;n/a;n/a;n/a;n/a;n/a
0;CLIENTE;Zona - Ciudad;ZonaID;166;Santo Domingo                                     ;0000000034;0000000034;0000000034;0000000034;n/a;n/a;n/a;n/a;n/a;n/a;n/a;n/a
0;CLIENTE;Zona - Ciudad;ZonaID;167;Santa Rosa;n/a;0000000117;n/a;n/a;n/a;n/a;n/a;n/a;n/a;n/a;n/a;n/a
0;CLIENTE;Zona - Ciudad;ZonaID;168;Shushufindi;n/a;0000000093;n/a;n/a;n/a;n/a;n/a;n/a;n/a;n/a;n/a;n/a
0;CLIENTE;Zona - Ciudad;ZonaID;169;El Triunfo;0000000090;0000000098;n/a;n/a;n/a;n/a;n/a;n/a;n/a;n/a;n/a;n/a
0;CLIENTE;Zona - Ciudad;ZonaID;170;LA TRONCAL;0000000077;0000000079;0000000079;n/a;n/a;n/a;n/a;n/a;n/a;n/a;n/a;n/a
0;CLIENTE;Zona - Ciudad;ZonaID;171;URUGUAY;0000000120;n/a;n/a;0000000108;n/a;n/a;n/a;n/a;n/a;n/a;n/a;n/a
0;CLIENTE;Zona - Ciudad;ZonaID;172;VALDIVIA;n/a;0000000071;0000000071;n/a;n/a;n/a;n/a;n/a;n/a;n/a;n/a;n/a
0;CLIENTE;Zona - Ciudad;ZonaID;173;Valencia                                          ;0000000039;0000000039;0000000039;0000000039;n/a;n/a;n/a;n/a;n/a;n/a;n/a;n/a
0;CLIENTE;Zona - Ciudad;ZonaID;174;Ventanas                                          ;0000000024;0000000024;0000000024;0000000024;n/a;n/a;n/a;n/a;n/a;n/a;n/a;n/a
0;CLIENTE;Zona - Ciudad;ZonaID;175;Viche                                             ;0000000028;0000000028;0000000028;0000000028;n/a;n/a;n/a;n/a;n/a;n/a;n/a;n/a
0;CLIENTE;Zona - Ciudad;ZonaID;176;Vinces                                            ;0000000022;0000000022;0000000022;0000000022;n/a;n/a;n/a;n/a;n/a;n/a;n/a;n/a
0;CLIENTE;Zona - Ciudad;ZonaID;177;VIRGEN DE FÁTIMA;n/a;0000000153;n/a;n/a;n/a;n/a;n/a;n/a;n/a;n/a;n/a;n/a
0;CLIENTE;Zona - Ciudad;ZonaID;178;Yaguachi                                          ;0000000016;0000000016;0000000016;0000000016;n/a;n/a;n/a;n/a;n/a;n/a;n/a;n/a
0;CLIENTE;Zona - Ciudad;ZonaID;179;Yaruquí;n/a;0000000133;n/a;n/a;n/a;n/a;n/a;n/a;n/a;n/a;n/a;n/a
0;CLIENTE;Zona - Ciudad;ZonaID;180;ZARUMA;0000000102;0000000090;n/a;n/a;n/a;n/a;n/a;n/a;n/a;n/a;n/a;n/a
0;CLIENTE;Zona - Ciudad;ZonaID;181;Zamora Chinchipe;0000000109;0000000123;n/a;0000000095;n/a;n/a;n/a;n/a;n/a;n/a;n/a;n/a
0;CLIENTE;Zona - Ciudad;ZonaID;182;Chicago;n/a;n/a;n/a;0000000079;n/a;n/a;n/a;n/a;n/a;n/a;n/a;n/a
0;CLIENTE;Zona - Ciudad;ZonaID;183;BARRANQUILLA;n/a;n/a;n/a;0000000092;n/a;n/a;n/a;n/a;n/a;n/a;n/a;n/a
0;CLIENTE;Zona - Ciudad;ZonaID;184;PAQUISHA;n/a;n/a;n/a;0000000096;n/a;n/a;n/a;n/a;n/a;n/a;n/a;n/a
0;CLIENTE;Zona - Ciudad;ZonaID;185;MIAMI;n/a;n/a;n/a;0000000068;n/a;n/a;n/a;n/a;n/a;n/a;n/a;n/a
0;CLIENTE;Zona - Ciudad;ZonaID;186;KANSAS;n/a;n/a;n/a;0000000083;n/a;n/a;n/a;n/a;n/a;n/a;n/a;n/a
0;CLIENTE;Zona - Ciudad;ZonaID;187;Missouri;n/a;n/a;n/a;0000000086;n/a;n/a;n/a;n/a;n/a;n/a;n/a;n/a
0;CLIENTE;Zona - Ciudad;ZonaID;188;LOS ANGELES;n/a;n/a;n/a;0000000088;n/a;n/a;n/a;n/a;n/a;n/a;n/a;n/a
0;CLIENTE;Zona - Ciudad;ZonaID;189;Ontario;n/a;n/a;n/a;0000000116;n/a;n/a;n/a;n/a;n/a;n/a;n/a;n/a
0;CLIENTE;Zona - Ciudad;ZonaID;190;MANAGUA;n/a;n/a;n/a;0000000082;n/a;n/a;n/a;n/a;n/a;n/a;n/a;n/a
0;CLIENTE;Zona - Ciudad;ZonaID;191;MANILA;n/a;n/a;n/a;0000000118;n/a;n/a;n/a;n/a;n/a;n/a;n/a;n/a
0;CLIENTE;Zona - Ciudad;ZonaID;192;Valparaiso;n/a;n/a;n/a;0000000073;n/a;n/a;n/a;n/a;n/a;n/a;n/a;n/a
0;CLIENTE;Zona - Ciudad;ZonaID;193;Medellin;n/a;n/a;n/a;0000000115;n/a;n/a;n/a;n/a;n/a;n/a;n/a;n/a
0;CLIENTE;Zona - Ciudad;ZonaID;194;GUATEMALA;n/a;n/a;n/a;0000000103;n/a;n/a;n/a;n/a;n/a;n/a;n/a;n/a
0;CLIENTE;Zona - Ciudad;ZonaID;195;VIENA;n/a;n/a;n/a;0000000119;n/a;n/a;n/a;n/a;n/a;n/a;n/a;n/a
0;CLIENTE;Zona - Ciudad;ZonaID;196;Milan;n/a;n/a;n/a;0000000099;n/a;n/a;n/a;n/a;n/a;n/a;n/a;n/a
0;CLIENTE;Zona - Ciudad;ZonaID;197;TAIPEI;n/a;n/a;n/a;0000000089;n/a;n/a;n/a;n/a;n/a;n/a;n/a;n/a
0;CLIENTE;Zona - Ciudad;ZonaID;198;Shenzhen;n/a;n/a;n/a;0000000111;n/a;n/a;n/a;n/a;n/a;n/a;n/a;n/a
0;CLIENTE;Zona - Ciudad;ZonaID;199;ATLANTA;n/a;n/a;n/a;0000000085;n/a;n/a;n/a;n/a;n/a;n/a;n/a;n/a
0;CLIENTE;Zona - Ciudad;ZonaID;200;FILIPINAS;n/a;n/a;n/a;0000000117;n/a;n/a;n/a;n/a;n/a;n/a;n/a;n/a
0;CLIENTE;Zona - Ciudad;ZonaID;201;Frankfurt;n/a;n/a;n/a;0000000101;n/a;n/a;n/a;n/a;n/a;n/a;n/a;n/a
0;CLIENTE;Zona - Ciudad;ZonaID;202;SANTIAGO;n/a;n/a;n/a;0000000091;n/a;n/a;n/a;n/a;n/a;n/a;n/a;n/a
0;CLIENTE;Zona - Ciudad;ZonaID;203;Montevideo;n/a;n/a;n/a;0000000109;n/a;n/a;n/a;n/a;n/a;n/a;n/a;n/a
0;CLIENTE;Zona - Ciudad;ZonaID;204;CHINA;n/a;n/a;n/a;0000000110;n/a;n/a;n/a;n/a;n/a;n/a;n/a;n/a
0;CLIENTE;Zona - Ciudad;ZonaID;205;INDIA;n/a;n/a;n/a;0000000093;n/a;n/a;n/a;n/a;n/a;n/a;n/a;n/a
0;CLIENTE;Zona - Ciudad;ZonaID;206;MARRUECOS;n/a;n/a;n/a;0000000112;n/a;n/a;n/a;n/a;n/a;n/a;n/a;n/a
0;CLIENTE;Zona - Ciudad;ZonaID;207;Lod;n/a;n/a;n/a;0000000080;n/a;n/a;n/a;n/a;n/a;n/a;n/a;n/a
0;CLIENTE;Zona - Ciudad;ZonaID;208;SAO PAULO;n/a;n/a;n/a;0000000084;n/a;n/a;n/a;n/a;n/a;n/a;n/a;n/a
0;CLIENTE;Zona - Ciudad;ZonaID;209;San Francisco;n/a;n/a;n/a;0000000107;n/a;n/a;n/a;n/a;n/a;n/a;n/a;n/a
0;CLIENTE;Zona - Ciudad;ZonaID;210;MISSISSAUGA;n/a;n/a;n/a;0000000087;n/a;n/a;n/a;n/a;n/a;n/a;n/a;n/a
0;CLIENTE;Zona - Ciudad;ZonaID;211;Bogota;n/a;n/a;n/a;0000000077;n/a;n/a;n/a;n/a;n/a;n/a;n/a;n/a
0;CLIENTE;CIIU;CiiudID;1;CULTIVO DE CEREALES Y OTROS CULTIVOS N.C.P.       ;0000000001;0000000001;0000000001;0000000001;n/a;n/a;n/a;n/a;n/a;n/a;n/a;n/a
0;CLIENTE;CIIU;CiiudID;2;CULTIVOS DE HORTALIZAS Y LEGUMBRES,ESPECIALIDADES ;0000000002;0000000002;0000000002;0000000002;n/a;n/a;n/a;n/a;n/a;n/a;n/a;n/a
0;CLIENTE;CIIU;CiiudID;3;CULTIVO DE FRUTAS,NUECES,PLANTAS QUE SE UTILIZAN P;0000000003;0000000003;0000000003;0000000003;n/a;n/a;n/a;n/a;n/a;n/a;n/a;n/a
0;CLIENTE;CIIU;CiiudID;4;CRIA DE GANADO VACUNO Y DE OVEJAS,CABRAS,CABALLOS,;0000000004;0000000004;0000000004;0000000004;n/a;n/a;n/a;n/a;n/a;n/a;n/a;n/a
0;CLIENTE;CIIU;CiiudID;5;"CRIA DE OTROS ANIMALES;ELABORACION DE PRODUCTOS AN";0000000005;0000000005;0000000005;0000000005;n/a;n/a;n/a;n/a;n/a;n/a;n/a;n/a
0;CLIENTE;CIIU;CiiudID;6;CULTIVO DE PRODUCTOS AGRICOLAS EN COMBINACION CON ;0000000006;0000000006;0000000006;0000000006;n/a;n/a;n/a;n/a;n/a;n/a;n/a;n/a
0;CLIENTE;CIIU;CiiudID;7;ACTIVIDADES DE SERVICIOS AGRICOLAS Y GANADEROS,EXC;0000000007;0000000007;0000000007;0000000007;n/a;n/a;n/a;n/a;n/a;n/a;n/a;n/a
0;CLIENTE;CIIU;CiiudID;8;CAZA ORDINARIA Y MEDIANTE TRAMPAS,REPOBLACION DE;0000000008;0000000008;0000000008;0000000008;n/a;n/a;n/a;n/a;n/a;n/a;n/a;n/a
0;CLIENTE;CIIU;CiiudID;9;SILVICULTURA,EXTRACCION DE MADERA Y ACTIVIDADES DE;0000000009;0000000009;0000000009;0000000009;n/a;n/a;n/a;n/a;n/a;n/a;n/a;n/a
0;CLIENTE;CIIU;CiiudID;10;PESCA,EXPLOTACION DE CRIADEROS DE PECES Y GRANJAS ;0000000010;0000000010;0000000010;0000000010;n/a;n/a;n/a;n/a;n/a;n/a;n/a;n/a
0;CLIENTE;CIIU;CiiudID;11;EXTRACCION Y AGLOMERACION DE CARBON DE PIEDRA;0000000011;0000000011;0000000011;0000000011;n/a;n/a;n/a;n/a;n/a;n/a;n/a;n/a
0;CLIENTE;CIIU;CiiudID;12;EXTRACCION Y AGLOMERACION DE LIGNITO              ;0000000012;0000000012;0000000012;0000000012;n/a;n/a;n/a;n/a;n/a;n/a;n/a;n/a
0;CLIENTE;CIIU;CiiudID;13;EXTRACCION Y AGLOMERACION DE TURBA;0000000013;0000000013;0000000013;0000000013;n/a;n/a;n/a;n/a;n/a;n/a;n/a;n/a
0;CLIENTE;CIIU;CiiudID;14;EXTRACCION DE PETROLEO CRUDO Y DE GAS NATURAL     ;0000000014;0000000014;0000000014;0000000014;n/a;n/a;n/a;n/a;n/a;n/a;n/a;n/a
0;CLIENTE;CIIU;CiiudID;15;ACTIVIDADES DE SERVICIOS RELACIONADAS CON LA EXTRA;0000000015;0000000015;0000000015;0000000015;n/a;n/a;n/a;n/a;n/a;n/a;n/a;n/a
0;CLIENTE;CIIU;CiiudID;16;EXTRACCION DE MINERALES DE URANIO Y DE TORIO      ;0000000016;0000000016;0000000016;0000000016;n/a;n/a;n/a;n/a;n/a;n/a;n/a;n/a
0;CLIENTE;CIIU;CiiudID;17;EXTRACCION DE MINERALES DE HIERRO                 ;0000000017;0000000017;0000000017;0000000017;n/a;n/a;n/a;n/a;n/a;n/a;n/a;n/a
0;CLIENTE;CIIU;CiiudID;18;EXTRACCION DE MINERALES METALIFEROS NO FERROSOS,EX;0000000018;0000000018;0000000018;0000000018;n/a;n/a;n/a;n/a;n/a;n/a;n/a;n/a
0;CLIENTE;CIIU;CiiudID;19;EXTRACCION DE PIEDRA,ARENA Y ARCILLA              ;0000000019;0000000019;0000000019;0000000019;n/a;n/a;n/a;n/a;n/a;n/a;n/a;n/a
0;CLIENTE;CIIU;CiiudID;20;EXTRACCION DE MINERALES PARA LA FABRICACION DE ABO;0000000020;0000000020;0000000020;0000000020;n/a;n/a;n/a;n/a;n/a;n/a;n/a;n/a
0;CLIENTE;CIIU;CiiudID;21;EXTRACCION DE SAL                                 ;0000000021;0000000021;0000000021;0000000021;n/a;n/a;n/a;n/a;n/a;n/a;n/a;n/a
0;CLIENTE;CIIU;CiiudID;22;EXPLOTACION DE OTRAS MINAS Y CANTERAS N.C.P       ;0000000022;0000000022;0000000022;0000000022;n/a;n/a;n/a;n/a;n/a;n/a;n/a;n/a
0;CLIENTE;CIIU;CiiudID;23;PRODUCCION,PROCESAMIENTO Y CONSERVACION DE CARNE;0000000023;0000000023;0000000023;0000000023;n/a;n/a;n/a;n/a;n/a;n/a;n/a;n/a
0;CLIENTE;CIIU;CiiudID;24;ELABORACION Y CONSERVACION DE PESCADO Y PRODUCTOS ;0000000024;0000000024;0000000024;0000000024;n/a;n/a;n/a;n/a;n/a;n/a;n/a;n/a
0;CLIENTE;CIIU;CiiudID;25;ELABORACION Y CONSERVACION DE FRUTAS,LEGUMBRES Y H;0000000025;0000000025;0000000025;0000000025;n/a;n/a;n/a;n/a;n/a;n/a;n/a;n/a
0;CLIENTE;CIIU;CiiudID;26;ELABORACION DE ACEITES Y GRASAS DE ORIGEN VEGETAL ;0000000026;0000000026;0000000026;0000000026;n/a;n/a;n/a;n/a;n/a;n/a;n/a;n/a
0;CLIENTE;CIIU;CiiudID;27;ELABORACION DE PRODUCTOS LACTEOS                  ;0000000027;0000000027;0000000027;0000000027;n/a;n/a;n/a;n/a;n/a;n/a;n/a;n/a
0;CLIENTE;CIIU;CiiudID;28;ELABORACION DE PRODUCTOS DE MOLINERIA             ;0000000028;0000000028;0000000028;0000000028;n/a;n/a;n/a;n/a;n/a;n/a;n/a;n/a
0;CLIENTE;CIIU;CiiudID;29;ELABORACION DE ALMIDONES Y DE PRODUCTOS DERIVADOS ;0000000029;0000000029;0000000029;0000000029;n/a;n/a;n/a;n/a;n/a;n/a;n/a;n/a
0;CLIENTE;CIIU;CiiudID;30;ELABORACION DE ALIMENTOS PREPARADOS PARA ANIMALES ;0000000030;0000000030;0000000030;0000000030;n/a;n/a;n/a;n/a;n/a;n/a;n/a;n/a
0;CLIENTE;CIIU;CiiudID;31;ELABORACION DE PRODUCTOS DE PANADERIA             ;0000000031;0000000031;0000000031;0000000031;n/a;n/a;n/a;n/a;n/a;n/a;n/a;n/a
0;CLIENTE;CIIU;CiiudID;32;ELABORACION DE AZUCAR                             ;0000000032;0000000032;0000000032;0000000032;n/a;n/a;n/a;n/a;n/a;n/a;n/a;n/a
0;CLIENTE;CIIU;CiiudID;33;ELABORACION DE CACAO Y CHOCOLATE Y DE PRODUCTOS DE;0000000033;0000000033;0000000033;0000000033;n/a;n/a;n/a;n/a;n/a;n/a;n/a;n/a
0;CLIENTE;CIIU;CiiudID;34;ELABORACION DE MACARRONES,FIDEOS,ALCUZCUZ Y PRODUC;0000000034;0000000034;0000000034;0000000034;n/a;n/a;n/a;n/a;n/a;n/a;n/a;n/a
0;CLIENTE;CIIU;CiiudID;35;ELABORACION DE OTROS PRODUCTOS ALIMENTICIOS N.C.P.;0000000035;0000000035;0000000035;0000000035;n/a;n/a;n/a;n/a;n/a;n/a;n/a;n/a
0;CLIENTE;CIIU;CiiudID;36;DESTILACION,RECTIFICACION Y MEZCLA DE BEBIDAS ALCO;0000000036;0000000036;0000000036;0000000036;n/a;n/a;n/a;n/a;n/a;n/a;n/a;n/a
0;CLIENTE;CIIU;CiiudID;37;ELABORACION DE VINOS                              ;0000000037;0000000037;0000000037;0000000037;n/a;n/a;n/a;n/a;n/a;n/a;n/a;n/a
0;CLIENTE;CIIU;CiiudID;38;ELABORACION DE BEBIDAS MALTEADAS Y DE MALTA       ;0000000038;0000000038;0000000038;0000000038;n/a;n/a;n/a;n/a;n/a;n/a;n/a;n/a
0;CLIENTE;CIIU;CiiudID;39;"ELABORACION DE BEBIDAS NO ALCOHOLICAS;PRODUCCION D";0000000039;0000000039;0000000039;0000000039;n/a;n/a;n/a;n/a;n/a;n/a;n/a;n/a
0;CLIENTE;CIIU;CiiudID;40;ELABORACION DE PRODUCTOS DE TABACO                ;0000000040;0000000040;0000000040;0000000040;n/a;n/a;n/a;n/a;n/a;n/a;n/a;n/a
0;CLIENTE;CIIU;CiiudID;41;FABRICACIÓN DE HOJAS DE MADERA PARA ENCHAPADO Y TABLEROS A BASE DE MADERA.;0000000293;0000000293;0000000293;n/a;n/a;n/a;n/a;n/a;n/a;n/a;n/a;n/a
0;CLIENTE;CIIU;CiiudID;42;"PREPARACION E HILATURA DE FIBRAS TEXTILES;TEJEDURA";0000000041;0000000041;0000000041;0000000041;n/a;n/a;n/a;n/a;n/a;n/a;n/a;n/a
0;CLIENTE;CIIU;CiiudID;43;ACABADOS DE PRODUCTOS TEXTILES                    ;0000000042;0000000042;0000000042;0000000042;n/a;n/a;n/a;n/a;n/a;n/a;n/a;n/a
0;CLIENTE;CIIU;CiiudID;44;FABRICACION DE ARTICULOS CONFECCIONADOS CON MATERI;0000000043;0000000043;0000000043;0000000043;n/a;n/a;n/a;n/a;n/a;n/a;n/a;n/a
0;CLIENTE;CIIU;CiiudID;45;FABRICACION DE TAPICES Y ALFOMBRAS                ;0000000044;0000000044;0000000044;0000000044;n/a;n/a;n/a;n/a;n/a;n/a;n/a;n/a
0;CLIENTE;CIIU;CiiudID;46;FABRICACION DE CUERDAS,CORDELES,BRAMANTES Y REDES ;0000000045;0000000045;0000000045;0000000045;n/a;n/a;n/a;n/a;n/a;n/a;n/a;n/a
0;CLIENTE;CIIU;CiiudID;47;FABRICACION DE OTROS PRODUCTOS TEXTILES N.C.P.    ;0000000046;0000000046;0000000046;0000000046;n/a;n/a;n/a;n/a;n/a;n/a;n/a;n/a
0;CLIENTE;CIIU;CiiudID;48;FABRICACION DE TEJIDOS Y ARTICULOS DE PUNTO Y GANC;0000000047;0000000047;0000000047;0000000047;n/a;n/a;n/a;n/a;n/a;n/a;n/a;n/a
0;CLIENTE;CIIU;CiiudID;49;FABRICACION DE PRENDAS DE VESTIR,EXCEPTO PRENDAS D;0000000048;0000000048;0000000048;0000000048;n/a;n/a;n/a;n/a;n/a;n/a;n/a;n/a
0;CLIENTE;CIIU;CiiudID;50;"ADOBO Y TEÑIDO DE PIELES;FABRICACION DE ARTICULOS ";0000000049;0000000049;0000000049;0000000049;n/a;n/a;n/a;n/a;n/a;n/a;n/a;n/a
0;CLIENTE;CIIU;CiiudID;51;CURTIDO DE ADOBO DE CUEROS                        ;0000000050;0000000050;0000000050;0000000050;n/a;n/a;n/a;n/a;n/a;n/a;n/a;n/a
0;CLIENTE;CIIU;CiiudID;52;FABRICACION DE MALETAS,BOLSOS DE MANO Y ARTICULOS ;0000000051;0000000051;0000000051;0000000051;n/a;n/a;n/a;n/a;n/a;n/a;n/a;n/a
0;CLIENTE;CIIU;CiiudID;53;FABRICACION DE CALZADO                            ;0000000052;0000000052;0000000052;0000000052;n/a;n/a;n/a;n/a;n/a;n/a;n/a;n/a
0;CLIENTE;CIIU;CiiudID;54;ASERRADO Y ACEPILLADURA DE MADERA                 ;0000000053;0000000053;0000000053;0000000053;n/a;n/a;n/a;n/a;n/a;n/a;n/a;n/a
0;CLIENTE;CIIU;CiiudID;55;"FABRICACION DE HOJAS DE MADERA PARA ENCHAPADO;FABR";0000000054;0000000054;0000000054;0000000054;n/a;n/a;n/a;n/a;n/a;n/a;n/a;n/a
0;CLIENTE;CIIU;CiiudID;56;FABRICACION DE PARTES Y PIEZAS DE CARPINTERIA PARA;0000000055;0000000055;0000000055;0000000055;n/a;n/a;n/a;n/a;n/a;n/a;n/a;n/a
0;CLIENTE;CIIU;CiiudID;57;FABRICACION DE RECIPIENTES DE MADERA              ;0000000056;0000000056;0000000056;0000000056;n/a;n/a;n/a;n/a;n/a;n/a;n/a;n/a
0;CLIENTE;CIIU;CiiudID;58;"FABRICACION DE OTROS PRODUCTOS DE MADERA;FABRICACI";0000000057;0000000057;0000000057;0000000057;n/a;n/a;n/a;n/a;n/a;n/a;n/a;n/a
0;CLIENTE;CIIU;CiiudID;59;FABRICACION DE PASTA DE MADERA,PAPEL Y CARTON     ;0000000058;0000000058;0000000058;0000000058;n/a;n/a;n/a;n/a;n/a;n/a;n/a;n/a
0;CLIENTE;CIIU;CiiudID;60;FABRICACION DE PAPEL Y CARTON ONDULADO Y DE ENVASE;0000000059;0000000059;0000000059;0000000059;n/a;n/a;n/a;n/a;n/a;n/a;n/a;n/a
0;CLIENTE;CIIU;CiiudID;61;FABRICACION DE OTROS ARTICULOS DE PAPEL Y CARTON  ;0000000060;0000000060;0000000060;0000000060;n/a;n/a;n/a;n/a;n/a;n/a;n/a;n/a
0;CLIENTE;CIIU;CiiudID;62;EDICION DE LIBROS,FOLLETOS,PARTITURAS Y OTRAS PUBL;0000000061;0000000061;0000000061;0000000061;n/a;n/a;n/a;n/a;n/a;n/a;n/a;n/a
0;CLIENTE;CIIU;CiiudID;63;EDICION DE PERIODICOS,REVISTAS Y PUBLICACIONES PER;0000000062;0000000062;0000000062;0000000062;n/a;n/a;n/a;n/a;n/a;n/a;n/a;n/a
0;CLIENTE;CIIU;CiiudID;64;EDICION DE MATERIALES GRABADOS                    ;0000000063;0000000063;0000000063;0000000063;n/a;n/a;n/a;n/a;n/a;n/a;n/a;n/a
0;CLIENTE;CIIU;CiiudID;65;OTRAS ACTIVIDADES DE EDICION                      ;0000000064;0000000064;0000000064;0000000064;n/a;n/a;n/a;n/a;n/a;n/a;n/a;n/a
0;CLIENTE;CIIU;CiiudID;66;ACTIVIDADES DE IMPRESION                          ;0000000065;0000000065;0000000065;0000000065;n/a;n/a;n/a;n/a;n/a;n/a;n/a;n/a
0;CLIENTE;CIIU;CiiudID;67;ACTIVIDADES DE SERVICIOS RELACIONADAS CON LA IMPRE;0000000066;0000000066;0000000066;0000000066;n/a;n/a;n/a;n/a;n/a;n/a;n/a;n/a
0;CLIENTE;CIIU;CiiudID;68;REPRODUCCION DE GRABACIONES                       ;0000000067;0000000067;0000000067;0000000067;n/a;n/a;n/a;n/a;n/a;n/a;n/a;n/a
0;CLIENTE;CIIU;CiiudID;69;FABRICACION DE PRODUCTOS DE HORNOS DE COQUE       ;0000000068;0000000068;0000000068;0000000068;n/a;n/a;n/a;n/a;n/a;n/a;n/a;n/a
0;CLIENTE;CIIU;CiiudID;70;FABRICACION DE PRODUCTOS DE LA REFINACION DEL PETR;0000000069;0000000069;0000000069;0000000069;n/a;n/a;n/a;n/a;n/a;n/a;n/a;n/a
0;CLIENTE;CIIU;CiiudID;71;ELABORACION DE COMBUSTIBLE NUCLEAR                ;0000000070;0000000070;0000000070;0000000070;n/a;n/a;n/a;n/a;n/a;n/a;n/a;n/a
0;CLIENTE;CIIU;CiiudID;72;FABRICACION DE SUSTANCIAS QUIMICAS BASICAS,EXCEPTO;0000000071;0000000071;0000000071;0000000071;n/a;n/a;n/a;n/a;n/a;n/a;n/a;n/a
0;CLIENTE;CIIU;CiiudID;73;FABRICACION DE ABONOS Y COMPUESTOS DE NITROGENO   ;0000000072;0000000072;0000000072;0000000072;n/a;n/a;n/a;n/a;n/a;n/a;n/a;n/a
0;CLIENTE;CIIU;CiiudID;74;FABRICACION DE PLASTICOS EN FORMA PRIMARIA Y DE CA;0000000073;0000000073;0000000073;0000000073;n/a;n/a;n/a;n/a;n/a;n/a;n/a;n/a
0;CLIENTE;CIIU;CiiudID;75;FABRICACION DE PLAGUICIDAS Y OTROS PRODUCTOS QUIMI;0000000074;0000000074;0000000074;0000000074;n/a;n/a;n/a;n/a;n/a;n/a;n/a;n/a
0;CLIENTE;CIIU;CiiudID;76;FABRICACION DE PINTURAS,BARNICES Y PRODUCTOS DE RE;0000000075;0000000075;0000000075;0000000075;n/a;n/a;n/a;n/a;n/a;n/a;n/a;n/a
0;CLIENTE;CIIU;CiiudID;77;FABRICACION DE PRODUCTOS FARMACEUTICOS,SUSTANCIAS ;0000000076;0000000076;0000000076;0000000076;n/a;n/a;n/a;n/a;n/a;n/a;n/a;n/a
0;CLIENTE;CIIU;CiiudID;78;FABRICACION DE JABONES Y DETERGENTES,PREPARADOS PA;0000000077;0000000077;0000000077;0000000077;n/a;n/a;n/a;n/a;n/a;n/a;n/a;n/a
0;CLIENTE;CIIU;CiiudID;79;FABRICACION DE OTROS PRODUCTOS QUIMICOS N.C.P     ;0000000078;0000000078;0000000078;0000000078;n/a;n/a;n/a;n/a;n/a;n/a;n/a;n/a
0;CLIENTE;CIIU;CiiudID;80;FABRICACION DE FIBRAS MANUFACTURAS                ;0000000079;0000000079;0000000079;0000000079;n/a;n/a;n/a;n/a;n/a;n/a;n/a;n/a
0;CLIENTE;CIIU;CiiudID;81;"FABRICACION DE CUBIERTAS Y CAMARAS DE CAUCHO;RECAU";0000000080;0000000080;0000000080;0000000080;n/a;n/a;n/a;n/a;n/a;n/a;n/a;n/a
0;CLIENTE;CIIU;CiiudID;82;FABRICACION DE OTROS PRODUCTOS DE CAUCHO          ;0000000081;0000000081;0000000081;0000000081;n/a;n/a;n/a;n/a;n/a;n/a;n/a;n/a
0;CLIENTE;CIIU;CiiudID;83;FABRICACION DE PRODUCTOS DE PLASTICO              ;0000000082;0000000082;0000000082;0000000082;n/a;n/a;n/a;n/a;n/a;n/a;n/a;n/a
0;CLIENTE;CIIU;CiiudID;84;FABRICACION DE VIDRIO Y DE PRODUCTOS DE VIDRIO    ;0000000083;0000000083;0000000083;0000000083;n/a;n/a;n/a;n/a;n/a;n/a;n/a;n/a
0;CLIENTE;CIIU;CiiudID;85;FABRICACION DE PRODUCTOS DE CERAMICA NO REFRACTARI;0000000084;0000000084;0000000084;0000000084;n/a;n/a;n/a;n/a;n/a;n/a;n/a;n/a
0;CLIENTE;CIIU;CiiudID;86;FABRICACION DE PRODUCTOS DE CERAMICA REFRACTARIA  ;0000000085;0000000085;0000000085;0000000085;n/a;n/a;n/a;n/a;n/a;n/a;n/a;n/a
0;CLIENTE;CIIU;CiiudID;87;FABRICACION DE PRODUCTOS DE ARCILLA Y CERAMICA NO ;0000000086;0000000086;0000000086;0000000086;n/a;n/a;n/a;n/a;n/a;n/a;n/a;n/a
0;CLIENTE;CIIU;CiiudID;88;FABRICACION DE CEMENTO,CAL,YESO                   ;0000000087;0000000087;0000000087;0000000087;n/a;n/a;n/a;n/a;n/a;n/a;n/a;n/a
0;CLIENTE;CIIU;CiiudID;89;FABRICACION DE ARTICULOS DE HORMIGON,CEMENTO Y YES;0000000088;0000000088;0000000088;0000000088;n/a;n/a;n/a;n/a;n/a;n/a;n/a;n/a
0;CLIENTE;CIIU;CiiudID;90;CORTE,TALLADO Y ACABADO DE LA PIEDRA              ;0000000089;0000000089;0000000089;0000000089;n/a;n/a;n/a;n/a;n/a;n/a;n/a;n/a
0;CLIENTE;CIIU;CiiudID;91;FABRICACION DE OTROS PRODUCTOS MINERALES NO METALI;0000000090;0000000090;0000000090;0000000090;n/a;n/a;n/a;n/a;n/a;n/a;n/a;n/a
0;CLIENTE;CIIU;CiiudID;92;INDUSTRIAS BASICAS DE HIERRO Y ACERO              ;0000000091;0000000091;0000000091;0000000091;n/a;n/a;n/a;n/a;n/a;n/a;n/a;n/a
0;CLIENTE;CIIU;CiiudID;93;FABRICACION DE PRODUCTOS PRIMARIOS DE METALES PREC;0000000092;0000000092;0000000092;0000000092;n/a;n/a;n/a;n/a;n/a;n/a;n/a;n/a
0;CLIENTE;CIIU;CiiudID;94;FUNDACION DE HIERRO Y ACERO                       ;0000000093;0000000093;0000000093;0000000093;n/a;n/a;n/a;n/a;n/a;n/a;n/a;n/a
0;CLIENTE;CIIU;CiiudID;95;FUNDACION DE METALES NO FERROSOS                  ;0000000094;0000000094;0000000094;0000000094;n/a;n/a;n/a;n/a;n/a;n/a;n/a;n/a
0;CLIENTE;CIIU;CiiudID;96;FABRICACION DE PRODUCTOS METALICOS PARA USO ESTRUC;0000000095;0000000095;0000000095;0000000095;n/a;n/a;n/a;n/a;n/a;n/a;n/a;n/a
0;CLIENTE;CIIU;CiiudID;97;FABRICACION DE TANQUES,DEPOSITOS Y RECIPIENTES DE ;0000000096;0000000096;0000000096;0000000096;n/a;n/a;n/a;n/a;n/a;n/a;n/a;n/a
0;CLIENTE;CIIU;CiiudID;98;FABRICACION DE GENERADORES DE VAPOR,EXCEPTO CALDER;0000000097;0000000097;0000000097;0000000097;n/a;n/a;n/a;n/a;n/a;n/a;n/a;n/a
0;CLIENTE;CIIU;CiiudID;99;FORJA,PRENSADO,ESTAMPADO Y LAMINADO DE METAL PULVI;0000000098;0000000098;0000000098;0000000098;n/a;n/a;n/a;n/a;n/a;n/a;n/a;n/a
0;CLIENTE;CIIU;CiiudID;100;"TRATAMIENTO Y REVESTIMIENTO DE METALES;OBRAS DE IN";0000000099;0000000099;0000000099;0000000099;n/a;n/a;n/a;n/a;n/a;n/a;n/a;n/a
0;CLIENTE;CIIU;CiiudID;101;FABRICACION DE ARTICULOS DE CUCHILLERIA,HERRAMIENT;0000000100;0000000100;0000000100;0000000100;n/a;n/a;n/a;n/a;n/a;n/a;n/a;n/a
0;CLIENTE;CIIU;CiiudID;102;FABRICACION DE OTROS PRODUCTOS ELABORADOS DE METAL;0000000101;0000000101;0000000101;0000000101;n/a;n/a;n/a;n/a;n/a;n/a;n/a;n/a
0;CLIENTE;CIIU;CiiudID;103;FABRICACION DE MOTORES Y TURBINAS,EXCEPTO MOTORES ;0000000102;0000000102;0000000102;0000000102;n/a;n/a;n/a;n/a;n/a;n/a;n/a;n/a
0;CLIENTE;CIIU;CiiudID;104;FABRICACION DE BOMBAS,COMPRESORES,GRIFOS Y VALVULA;0000000103;0000000103;0000000103;0000000103;n/a;n/a;n/a;n/a;n/a;n/a;n/a;n/a
0;CLIENTE;CIIU;CiiudID;105;FABRICACION DE COJINES,ENGRANAJES,TRENES DE ENGRAN;0000000104;0000000104;0000000104;0000000104;n/a;n/a;n/a;n/a;n/a;n/a;n/a;n/a
0;CLIENTE;CIIU;CiiudID;106;FABRICACION DE HORNOS,HOGARES Y QUEMADORES        ;0000000105;0000000105;0000000105;0000000105;n/a;n/a;n/a;n/a;n/a;n/a;n/a;n/a
0;CLIENTE;CIIU;CiiudID;107;FRABRICACION DE EQUIPO DE ELEVACION Y MANIPULACION;0000000106;0000000106;0000000106;0000000106;n/a;n/a;n/a;n/a;n/a;n/a;n/a;n/a
0;CLIENTE;CIIU;CiiudID;108;FABRICACION DE OTROS TIPOS DE MAQUINARIA DE USO GE;0000000107;0000000107;0000000107;0000000107;n/a;n/a;n/a;n/a;n/a;n/a;n/a;n/a
0;CLIENTE;CIIU;CiiudID;109;FABRICACION DE MAQUINARIA AGROPECUARIA Y FORESTAL ;0000000108;0000000108;0000000108;0000000108;n/a;n/a;n/a;n/a;n/a;n/a;n/a;n/a
0;CLIENTE;CIIU;CiiudID;110;FABRICACION DE MAQUINAS HERRAMIENTA               ;0000000109;0000000109;0000000109;0000000109;n/a;n/a;n/a;n/a;n/a;n/a;n/a;n/a
0;CLIENTE;CIIU;CiiudID;111;FABRICACION DE MAQUINARIA METALURGICA             ;0000000110;0000000110;0000000110;0000000110;n/a;n/a;n/a;n/a;n/a;n/a;n/a;n/a
0;CLIENTE;CIIU;CiiudID;112;FABRICACION DE MAQUINARIA PARA LA EXPLOTACION DE M;0000000111;0000000111;0000000111;0000000111;n/a;n/a;n/a;n/a;n/a;n/a;n/a;n/a
0;CLIENTE;CIIU;CiiudID;113;FABRICACION DE MAQUINARIA PARA LA ELABORACION DE A;0000000112;0000000112;0000000112;0000000112;n/a;n/a;n/a;n/a;n/a;n/a;n/a;n/a
0;CLIENTE;CIIU;CiiudID;114;FABRICACION DE MAQUINARIA PARA LA ELABORACION DE P;0000000113;0000000113;0000000113;0000000113;n/a;n/a;n/a;n/a;n/a;n/a;n/a;n/a
0;CLIENTE;CIIU;CiiudID;115;FABRICACION DE ARMAS Y MUNICIONES                 ;0000000114;0000000114;0000000114;0000000114;n/a;n/a;n/a;n/a;n/a;n/a;n/a;n/a
0;CLIENTE;CIIU;CiiudID;116;FABRICACION DE OTROS TIPOS DE MAQUINARIA DE USO ES;0000000115;0000000115;0000000115;0000000115;n/a;n/a;n/a;n/a;n/a;n/a;n/a;n/a
0;CLIENTE;CIIU;CiiudID;117;FABRICACION DE APARATOS DE USO DOMESTICO N.C.P.   ;0000000116;0000000116;0000000116;0000000116;n/a;n/a;n/a;n/a;n/a;n/a;n/a;n/a
0;CLIENTE;CIIU;CiiudID;118;FABRICACION DE MAQUINARIA DE OFICINA, CONTABILIDAD;0000000117;0000000117;0000000117;0000000117;n/a;n/a;n/a;n/a;n/a;n/a;n/a;n/a
0;CLIENTE;CIIU;CiiudID;119;FABRICACION DE MOTORES, GENERADORES Y TRASFORMADOR;0000000118;0000000118;0000000118;0000000118;n/a;n/a;n/a;n/a;n/a;n/a;n/a;n/a
0;CLIENTE;CIIU;CiiudID;120;FABRICACION DE APARATOS DE DISTRIBUCION Y CONTROL ;0000000119;0000000119;0000000119;0000000119;n/a;n/a;n/a;n/a;n/a;n/a;n/a;n/a
0;CLIENTE;CIIU;CiiudID;121;FABRICACION DE HILOS Y CABLES AISLADOS            ;0000000120;0000000120;0000000120;0000000120;n/a;n/a;n/a;n/a;n/a;n/a;n/a;n/a
0;CLIENTE;CIIU;CiiudID;122;FABRICACION DE ACUMULADORES Y DE PILAS Y BATERIAS ;0000000121;0000000121;0000000121;0000000121;n/a;n/a;n/a;n/a;n/a;n/a;n/a;n/a
0;CLIENTE;CIIU;CiiudID;123;FABRICACION DE LAMPARAS ELCTRICAS Y EQUIPO DE ILUM;0000000122;0000000122;0000000122;0000000122;n/a;n/a;n/a;n/a;n/a;n/a;n/a;n/a
0;CLIENTE;CIIU;CiiudID;124;FABRICACION DE OTROS TIPOS DE EQUIPO ELECTRICO N.C;0000000123;0000000123;0000000123;0000000123;n/a;n/a;n/a;n/a;n/a;n/a;n/a;n/a
0;CLIENTE;CIIU;CiiudID;125;FABRICACION DE TUBOS Y VALVULAS ELECTRONICOS Y DE ;0000000124;0000000124;0000000124;0000000124;n/a;n/a;n/a;n/a;n/a;n/a;n/a;n/a
0;CLIENTE;CIIU;CiiudID;126;FABRICACION DE TRASMISORES DE RADIO Y TELEVISION Y;0000000125;0000000125;0000000125;0000000125;n/a;n/a;n/a;n/a;n/a;n/a;n/a;n/a
0;CLIENTE;CIIU;CiiudID;127;FABRICACION DE RECEPTORES DE RADIO Y TELEVISION, A;0000000126;0000000126;0000000126;0000000126;n/a;n/a;n/a;n/a;n/a;n/a;n/a;n/a
0;CLIENTE;CIIU;CiiudID;128;FABRICACION DE EQUIPO MEDICO Y QUIRURGICO DE APARA;0000000127;0000000127;0000000127;0000000127;n/a;n/a;n/a;n/a;n/a;n/a;n/a;n/a
0;CLIENTE;CIIU;CiiudID;129;FABRICACION DE INSTRUMENTOS Y APARATOS PARA MEDIR,;0000000128;0000000128;0000000128;0000000128;n/a;n/a;n/a;n/a;n/a;n/a;n/a;n/a
0;CLIENTE;CIIU;CiiudID;130;FABRICACION DE EQUIPO DE CONTROL DE PROCESOS INDUS;0000000129;0000000129;0000000129;0000000129;n/a;n/a;n/a;n/a;n/a;n/a;n/a;n/a
0;CLIENTE;CIIU;CiiudID;131;FABRICACION DE INSTRUMENTOS OPTICOS Y DE EQUIPO FO;0000000130;0000000130;0000000130;0000000130;n/a;n/a;n/a;n/a;n/a;n/a;n/a;n/a
0;CLIENTE;CIIU;CiiudID;132;FABRICACION DE RELOJES                            ;0000000131;0000000131;0000000131;0000000131;n/a;n/a;n/a;n/a;n/a;n/a;n/a;n/a
0;CLIENTE;CIIU;CiiudID;133;FABRICACION DE VEHICULOS AUTOMOTORES              ;0000000132;0000000132;0000000132;0000000132;n/a;n/a;n/a;n/a;n/a;n/a;n/a;n/a
0;CLIENTE;CIIU;CiiudID;134;FABRICACION DE CARROCERIAS PARA VEHICULOS AUTOMOTO;0000000133;0000000133;0000000133;0000000133;n/a;n/a;n/a;n/a;n/a;n/a;n/a;n/a
0;CLIENTE;CIIU;CiiudID;135;FABRICACION DE PARTES, PIEZAS Y ACCESORIOS PARA VE;0000000134;0000000134;0000000134;0000000134;n/a;n/a;n/a;n/a;n/a;n/a;n/a;n/a
0;CLIENTE;CIIU;CiiudID;136;CONSTRUCCION Y REPARACION DE BUQUES               ;0000000135;0000000135;0000000135;0000000135;n/a;n/a;n/a;n/a;n/a;n/a;n/a;n/a
0;CLIENTE;CIIU;CiiudID;137;CONSTRUCCION Y REPARACION DE EMBARCACIONES DE RECR;0000000136;0000000136;0000000136;0000000136;n/a;n/a;n/a;n/a;n/a;n/a;n/a;n/a
0;CLIENTE;CIIU;CiiudID;138;FABRICACION DE LOCOMOTORAS Y DE MATERIAL RODANTE P;0000000137;0000000137;0000000137;0000000137;n/a;n/a;n/a;n/a;n/a;n/a;n/a;n/a
0;CLIENTE;CIIU;CiiudID;139;FABRICACION DE AERONAVES Y DE NAVES ESPACIALES    ;0000000138;0000000138;0000000138;0000000138;n/a;n/a;n/a;n/a;n/a;n/a;n/a;n/a
0;CLIENTE;CIIU;CiiudID;140;FABRICACION DE MOTOCICLETAS                       ;0000000139;0000000139;0000000139;0000000139;n/a;n/a;n/a;n/a;n/a;n/a;n/a;n/a
0;CLIENTE;CIIU;CiiudID;141;FABRICACION DE BICICLETAS Y DE SILLONES DE RUEDAS ;0000000140;0000000140;0000000140;0000000140;n/a;n/a;n/a;n/a;n/a;n/a;n/a;n/a
0;CLIENTE;CIIU;CiiudID;142;FABRICACION DE OTROS TIPOS DE EQUIPO DE TRASPORTE ;0000000141;0000000141;0000000141;0000000141;n/a;n/a;n/a;n/a;n/a;n/a;n/a;n/a
0;CLIENTE;CIIU;CiiudID;143;FABRICACION DE BUQUES                             ;0000000142;0000000142;0000000142;0000000142;n/a;n/a;n/a;n/a;n/a;n/a;n/a;n/a
0;CLIENTE;CIIU;CiiudID;144;FABRICACION DE JOYAS Y DE ARTICULOS CONEXOS       ;0000000143;0000000143;0000000143;0000000143;n/a;n/a;n/a;n/a;n/a;n/a;n/a;n/a
0;CLIENTE;CIIU;CiiudID;145;FABRICACION DE INSTRUMENTOS DE MUSICA             ;0000000144;0000000144;0000000144;0000000144;n/a;n/a;n/a;n/a;n/a;n/a;n/a;n/a
0;CLIENTE;CIIU;CiiudID;146;FABRICACION DE ARTICULOS DE DEPORTE               ;0000000145;0000000145;0000000145;0000000145;n/a;n/a;n/a;n/a;n/a;n/a;n/a;n/a
0;CLIENTE;CIIU;CiiudID;147;FABRICACION DE JUEGOS Y JUGUETES                  ;0000000146;0000000146;0000000146;0000000146;n/a;n/a;n/a;n/a;n/a;n/a;n/a;n/a
0;CLIENTE;CIIU;CiiudID;148;OTRAS INDUSTRIAS MANUFACTURERAS N.C.P.            ;0000000147;0000000147;0000000147;0000000147;n/a;n/a;n/a;n/a;n/a;n/a;n/a;n/a
0;CLIENTE;CIIU;CiiudID;149;RECICLAMIENTO DE DESPERDICIOS Y DESECHOS METALICOS;0000000148;0000000148;0000000148;0000000148;n/a;n/a;n/a;n/a;n/a;n/a;n/a;n/a
0;CLIENTE;CIIU;CiiudID;150;RECICLAMIENTO DE DESPERDICIOS Y DESECHOS NO METALI;0000000149;0000000149;0000000149;0000000149;n/a;n/a;n/a;n/a;n/a;n/a;n/a;n/a
0;CLIENTE;CIIU;CiiudID;151;GENERACION, CAPTACION Y DISTRIBUCION DE ENRGIA ELE;0000000150;0000000150;0000000150;0000000150;n/a;n/a;n/a;n/a;n/a;n/a;n/a;n/a
0;CLIENTE;CIIU;CiiudID;152;"FABRICACION DE GAS; DISTRIBUCION DE CONBUSTIBLES G";0000000151;0000000151;0000000151;0000000151;n/a;n/a;n/a;n/a;n/a;n/a;n/a;n/a
0;CLIENTE;CIIU;CiiudID;153;SUMINISTRO DE VAPOR Y AGUA CALIENTE               ;0000000152;0000000152;0000000152;0000000152;n/a;n/a;n/a;n/a;n/a;n/a;n/a;n/a
0;CLIENTE;CIIU;CiiudID;154;CAPTACION,DEPURACION Y DISTRIBUCION DE AGUA       ;0000000153;0000000153;0000000153;0000000153;n/a;n/a;n/a;n/a;n/a;n/a;n/a;n/a
0;CLIENTE;CIIU;CiiudID;155;PREPARACION DEL TERRENO                           ;0000000154;0000000154;0000000154;0000000154;n/a;n/a;n/a;n/a;n/a;n/a;n/a;n/a
0;CLIENTE;CIIU;CiiudID;156;CONSTRUCCION DE EDIFICIOS COMPLETOS O DE PARTES DE;0000000155;0000000155;0000000155;0000000155;n/a;n/a;n/a;n/a;n/a;n/a;n/a;n/a
0;CLIENTE;CIIU;CiiudID;157;ACONDICIONAMENTO DE EDIFICIOS                     ;0000000156;0000000156;0000000156;0000000156;n/a;n/a;n/a;n/a;n/a;n/a;n/a;n/a
0;CLIENTE;CIIU;CiiudID;158;TERMINACION DE EDIFICIOS                          ;0000000157;0000000157;0000000157;0000000157;n/a;n/a;n/a;n/a;n/a;n/a;n/a;n/a
0;CLIENTE;CIIU;CiiudID;159;ALQUILER DE EQUIPO DE CONSTRUCCION O DEMOLICION DO;0000000158;0000000158;0000000158;0000000158;n/a;n/a;n/a;n/a;n/a;n/a;n/a;n/a
0;CLIENTE;CIIU;CiiudID;160;VENTA DE VEHICULOS AUTOMOTORES                    ;0000000159;0000000159;0000000159;0000000159;n/a;n/a;n/a;n/a;n/a;n/a;n/a;n/a
0;CLIENTE;CIIU;CiiudID;161;MANTENIMIENTO Y REPARACION DE VEHICULOS AUTOMOTORE;0000000160;0000000160;0000000160;0000000160;n/a;n/a;n/a;n/a;n/a;n/a;n/a;n/a
0;CLIENTE;CIIU;CiiudID;162;VENTA DE PARTES, PIEZAS Y ACCESORIOS DE VEHICULOS ;0000000161;0000000161;0000000161;0000000161;n/a;n/a;n/a;n/a;n/a;n/a;n/a;n/a
0;CLIENTE;CIIU;CiiudID;163;VENTA, MANTENIMIENTO Y REPARACION DE MOTOCICLETAS ;0000000162;0000000162;0000000162;0000000162;n/a;n/a;n/a;n/a;n/a;n/a;n/a;n/a
0;CLIENTE;CIIU;CiiudID;164;VENTA AL POR MENOR DE COMBUSTIBLES PARA AUTOMOTORE;0000000163;0000000163;0000000163;0000000163;n/a;n/a;n/a;n/a;n/a;n/a;n/a;n/a
0;CLIENTE;CIIU;CiiudID;165;VENTA AL POR MAYOR A CAMBIO DE UNA RETRIBUCION O P;0000000164;0000000164;0000000164;0000000164;n/a;n/a;n/a;n/a;n/a;n/a;n/a;n/a
0;CLIENTE;CIIU;CiiudID;166;VENTA AL POR MAYOR DE MATERIAS PRIMAS AGROPECUARIA;0000000165;0000000165;0000000165;0000000165;n/a;n/a;n/a;n/a;n/a;n/a;n/a;n/a
0;CLIENTE;CIIU;CiiudID;167;VENTA AL POR MAYOR, DE ALIMENTOS, BEBIDAS Y TABACO;0000000166;0000000166;0000000166;0000000166;n/a;n/a;n/a;n/a;n/a;n/a;n/a;n/a
0;CLIENTE;CIIU;CiiudID;168;VENTA AL POR MAYOR DE PRODUCTOS TEXTILES, PRENDAS ;0000000167;0000000167;0000000167;0000000167;n/a;n/a;n/a;n/a;n/a;n/a;n/a;n/a
0;CLIENTE;CIIU;CiiudID;169;VENTA AL POR MAYOR DE OTROS ENSERES DOMESTICOS    ;0000000168;0000000168;0000000168;0000000168;n/a;n/a;n/a;n/a;n/a;n/a;n/a;n/a
0;CLIENTE;CIIU;CiiudID;170;VENTA AL POR MAYOR DE COMBUSTIBLES SOLIDOS, LIQUID;0000000169;0000000169;0000000169;0000000169;n/a;n/a;n/a;n/a;n/a;n/a;n/a;n/a
0;CLIENTE;CIIU;CiiudID;171;VENTA AL POR MAYOR DE METALES Y DE MINERALES METAL;0000000170;0000000170;0000000170;0000000170;n/a;n/a;n/a;n/a;n/a;n/a;n/a;n/a
0;CLIENTE;CIIU;CiiudID;172;VENTA AL POR MAYOR DE MATERIALES DE CONSTRUCCION, ;0000000171;0000000171;0000000171;0000000171;n/a;n/a;n/a;n/a;n/a;n/a;n/a;n/a
0;CLIENTE;CIIU;CiiudID;173;VENTA AL POR MAYOR DE OTROS PRUDUCTOS INTERMEDIOS,;0000000172;0000000172;0000000172;0000000172;n/a;n/a;n/a;n/a;n/a;n/a;n/a;n/a
0;CLIENTE;CIIU;CiiudID;174;VENTA AL POR MAYOR DE MAQUINARIA, EQUIPO Y MATERIA;0000000173;0000000173;0000000173;0000000173;n/a;n/a;n/a;n/a;n/a;n/a;n/a;n/a
0;CLIENTE;CIIU;CiiudID;175;VENTA AL POR MAYOR DE OTROS PRODUCTOS             ;0000000174;0000000174;0000000174;0000000174;n/a;n/a;n/a;n/a;n/a;n/a;n/a;n/a
0;CLIENTE;CIIU;CiiudID;176;VENTA AL POR MENOR EN ALMACENES NO ESPECIALIZADOS ;0000000175;0000000175;0000000175;0000000175;n/a;n/a;n/a;n/a;n/a;n/a;n/a;n/a
0;CLIENTE;CIIU;CiiudID;177;VENTA AL POR MENOR DE OTROS PRODUCTOS EN ALMACENES;0000000176;0000000176;0000000176;0000000176;n/a;n/a;n/a;n/a;n/a;n/a;n/a;n/a
0;CLIENTE;CIIU;CiiudID;178;VENTA AL POR MENOR DE ALIMENTOS, BEBIDAS Y TABACO ;0000000177;0000000177;0000000177;0000000177;n/a;n/a;n/a;n/a;n/a;n/a;n/a;n/a
0;CLIENTE;CIIU;CiiudID;179;VENTA AL POR MENOR DE PRODUCTOS FARMACEUTICOS Y ME;0000000178;0000000178;0000000178;0000000178;n/a;n/a;n/a;n/a;n/a;n/a;n/a;n/a
0;CLIENTE;CIIU;CiiudID;180;VENTA AL POR MENOR DE PRODUCTOS TEXTILES, PRENDAS ;0000000179;0000000179;0000000179;0000000179;n/a;n/a;n/a;n/a;n/a;n/a;n/a;n/a
0;CLIENTE;CIIU;CiiudID;181;VENTA AL POR MENOR DE APARATOS, ARTICULOS Y EQUIPO;0000000180;0000000180;0000000180;0000000180;n/a;n/a;n/a;n/a;n/a;n/a;n/a;n/a
0;CLIENTE;CIIU;CiiudID;182;VENTA AL POR MENOR DE ARTICULOS DE FERRETERIA, PIN;0000000181;0000000181;0000000181;0000000181;n/a;n/a;n/a;n/a;n/a;n/a;n/a;n/a
0;CLIENTE;CIIU;CiiudID;183;VENTA AL POR MENOR DE OTROS PRODUCTOS EN ALMACENES;0000000182;0000000182;0000000182;0000000182;n/a;n/a;n/a;n/a;n/a;n/a;n/a;n/a
0;CLIENTE;CIIU;CiiudID;184;VENTA AL POR MENOR EN ALMACENES DE ARTICULOS USADO;0000000183;0000000183;0000000183;0000000183;n/a;n/a;n/a;n/a;n/a;n/a;n/a;n/a
0;CLIENTE;CIIU;CiiudID;185;VENTA AL POR MENOR DE EMPRESAS DE VENTA POR CORREO;0000000184;0000000184;0000000184;0000000184;n/a;n/a;n/a;n/a;n/a;n/a;n/a;n/a
0;CLIENTE;CIIU;CiiudID;186;VENTA AL POR MENOR EN PUESTOS DE VENTA Y MERCADOS ;0000000185;0000000185;0000000185;0000000185;n/a;n/a;n/a;n/a;n/a;n/a;n/a;n/a
0;CLIENTE;CIIU;CiiudID;187;OTROS TIPOS DE VENTA AL POR MENOR NO REALIZADA EN ;0000000186;0000000186;0000000186;0000000186;n/a;n/a;n/a;n/a;n/a;n/a;n/a;n/a
0;CLIENTE;CIIU;CiiudID;188;REPARACION DE EFECTOS PERSONALES Y ENSERES DOMESTI;0000000187;0000000187;0000000187;0000000187;n/a;n/a;n/a;n/a;n/a;n/a;n/a;n/a
0;CLIENTE;CIIU;CiiudID;189;"HOTELES; CAMPAMENTOS Y OTROS TIPOS DE HOSPEDAJE TE";0000000188;0000000188;0000000188;0000000188;n/a;n/a;n/a;n/a;n/a;n/a;n/a;n/a
0;CLIENTE;CIIU;CiiudID;190;RESTAURANTES, BARES Y CANTINAS                    ;0000000189;0000000189;0000000189;0000000189;n/a;n/a;n/a;n/a;n/a;n/a;n/a;n/a
0;CLIENTE;CIIU;CiiudID;191;TRANSPORTE POR VIA FERREA                         ;0000000190;0000000190;0000000190;0000000190;n/a;n/a;n/a;n/a;n/a;n/a;n/a;n/a
0;CLIENTE;CIIU;CiiudID;192;OTROS TIPOS DE TRANSPORTE REGULAR DE PASAJEROS POR;0000000191;0000000191;0000000191;0000000191;n/a;n/a;n/a;n/a;n/a;n/a;n/a;n/a
0;CLIENTE;CIIU;CiiudID;193;OTROS TIPOS DE TRANSPORTE NO REGULAR DE PASAJEROS ;0000000192;0000000192;0000000192;0000000192;n/a;n/a;n/a;n/a;n/a;n/a;n/a;n/a
0;CLIENTE;CIIU;CiiudID;194;TRANSPORTE DE CARGA POR CARRETERA                 ;0000000193;0000000193;0000000193;0000000193;n/a;n/a;n/a;n/a;n/a;n/a;n/a;n/a
0;CLIENTE;CIIU;CiiudID;195;TRANSPORTE DE TUBERIAS                            ;0000000194;0000000194;0000000194;0000000194;n/a;n/a;n/a;n/a;n/a;n/a;n/a;n/a
0;CLIENTE;CIIU;CiiudID;196;TRANSPORTE MARITIMO Y DE CABOTAJE                 ;0000000195;0000000195;0000000195;0000000195;n/a;n/a;n/a;n/a;n/a;n/a;n/a;n/a
0;CLIENTE;CIIU;CiiudID;197;TRANSPORTE POR VIAS DE NAVEGACION INTERIORES      ;0000000196;0000000196;0000000196;0000000196;n/a;n/a;n/a;n/a;n/a;n/a;n/a;n/a
0;CLIENTE;CIIU;CiiudID;198;TRANSPORTE REGULAR POR VIA AEREA                  ;0000000197;0000000197;0000000197;0000000197;n/a;n/a;n/a;n/a;n/a;n/a;n/a;n/a
0;CLIENTE;CIIU;CiiudID;199;TRANSPORTE NO REGULAR POR VIA AEREA               ;0000000198;0000000198;0000000198;0000000198;n/a;n/a;n/a;n/a;n/a;n/a;n/a;n/a
0;CLIENTE;CIIU;CiiudID;200;MANIPULACION DE LA CARGA                          ;0000000199;0000000199;0000000199;0000000199;n/a;n/a;n/a;n/a;n/a;n/a;n/a;n/a
0;CLIENTE;CIIU;CiiudID;201;ALMACENAMIENTO Y DEPOSITO                         ;0000000200;0000000200;0000000200;0000000200;n/a;n/a;n/a;n/a;n/a;n/a;n/a;n/a
0;CLIENTE;CIIU;CiiudID;202;OTRAS ACTIVIDADES DE TRANSPORTE COMPLEMENTARIAS   ;0000000201;0000000201;0000000201;0000000201;n/a;n/a;n/a;n/a;n/a;n/a;n/a;n/a
0;CLIENTE;CIIU;CiiudID;203;ACTIVIDADES DE AGENCIA DE VIAJES, ORGANIZADORES DE;0000000202;0000000202;0000000202;0000000202;n/a;n/a;n/a;n/a;n/a;n/a;n/a;n/a
0;CLIENTE;CIIU;CiiudID;204;ACTIVIDADES DE OTRAS AGENCIAS DE TRANSPORTE       ;0000000203;0000000203;0000000203;0000000203;n/a;n/a;n/a;n/a;n/a;n/a;n/a;n/a
0;CLIENTE;CIIU;CiiudID;205;ACTIVIDADES POSTALES NACIONALES                   ;0000000204;0000000204;0000000204;0000000204;n/a;n/a;n/a;n/a;n/a;n/a;n/a;n/a
0;CLIENTE;CIIU;CiiudID;206;ACTIVIDADES DE CORREO DISTINTAS DE LAS ACTIVIDADES;0000000205;0000000205;0000000205;0000000205;n/a;n/a;n/a;n/a;n/a;n/a;n/a;n/a
0;CLIENTE;CIIU;CiiudID;207;TELECOMUNICACIONES                                ;0000000206;0000000206;0000000206;0000000206;n/a;n/a;n/a;n/a;n/a;n/a;n/a;n/a
0;CLIENTE;CIIU;CiiudID;208;BANCA CENTRAL                                     ;0000000207;0000000207;0000000207;0000000207;n/a;n/a;n/a;n/a;n/a;n/a;n/a;n/a
0;CLIENTE;CIIU;CiiudID;209;OTROS TIPOS DE INTERMEDIACION MONETARIA           ;0000000208;0000000208;0000000208;0000000208;n/a;n/a;n/a;n/a;n/a;n/a;n/a;n/a
0;CLIENTE;CIIU;CiiudID;210;ARRENDAMIENTO FINANCIERO                          ;0000000209;0000000209;0000000209;0000000209;n/a;n/a;n/a;n/a;n/a;n/a;n/a;n/a
0;CLIENTE;CIIU;CiiudID;211;OTROS TIPOS DE CREDITO                            ;0000000210;0000000210;0000000210;0000000210;n/a;n/a;n/a;n/a;n/a;n/a;n/a;n/a
0;CLIENTE;CIIU;CiiudID;212;OTROS TIPOS DE INTERMEDIACION FINANCIERA N.C.P.   ;0000000211;0000000211;0000000211;0000000211;n/a;n/a;n/a;n/a;n/a;n/a;n/a;n/a
0;CLIENTE;CIIU;CiiudID;213;PLANES DE SEGUROS DE VIDA                         ;0000000212;0000000212;0000000212;0000000212;n/a;n/a;n/a;n/a;n/a;n/a;n/a;n/a
0;CLIENTE;CIIU;CiiudID;214;PLANES DE PENSIONES                               ;0000000213;0000000213;0000000213;0000000213;n/a;n/a;n/a;n/a;n/a;n/a;n/a;n/a
0;CLIENTE;CIIU;CiiudID;215;PLANES DE SEGUROS GENERALES                       ;0000000214;0000000214;0000000214;0000000214;n/a;n/a;n/a;n/a;n/a;n/a;n/a;n/a
0;CLIENTE;CIIU;CiiudID;216;ADMINISTRACION DE MERCADOS FINANCIEROS            ;0000000215;0000000215;0000000215;0000000215;n/a;n/a;n/a;n/a;n/a;n/a;n/a;n/a
0;CLIENTE;CIIU;CiiudID;217;ACTIVIDADES BURSATILES                            ;0000000216;0000000216;0000000216;0000000216;n/a;n/a;n/a;n/a;n/a;n/a;n/a;n/a
0;CLIENTE;CIIU;CiiudID;218;ACTIVIDADES AUXILIARES DE LA INTERMEDIACION FINANC;0000000217;0000000217;0000000217;0000000217;n/a;n/a;n/a;n/a;n/a;n/a;n/a;n/a
0;CLIENTE;CIIU;CiiudID;219;ACTIVIDADES AUXILIARES DE LA FINANCIACION DE PLANE;0000000218;0000000218;0000000218;0000000218;n/a;n/a;n/a;n/a;n/a;n/a;n/a;n/a
0;CLIENTE;CIIU;CiiudID;220;ACTIVIDADES INMOBILIARIAS REALIZADAS CON BIENES PR;0000000219;0000000219;0000000219;0000000219;n/a;n/a;n/a;n/a;n/a;n/a;n/a;n/a
0;CLIENTE;CIIU;CiiudID;221;ACTIVIDADES INMOBILIARIAS REALIZADAS A CAMBIO DE U;0000000220;0000000220;0000000220;0000000220;n/a;n/a;n/a;n/a;n/a;n/a;n/a;n/a
0;CLIENTE;CIIU;CiiudID;222;ALQUILER DE EQUIPO DE TRANSPORTE POR VIA TERRESTRE;0000000221;0000000221;0000000221;0000000221;n/a;n/a;n/a;n/a;n/a;n/a;n/a;n/a
0;CLIENTE;CIIU;CiiudID;223;ALQUILER DE EQUIPO DE TRANSPORTE POR VIA ACUATICA ;0000000222;0000000222;0000000222;0000000222;n/a;n/a;n/a;n/a;n/a;n/a;n/a;n/a
0;CLIENTE;CIIU;CiiudID;224;ALQUILER DE EQUIPO DE TRANSPORTE DE POR VIA AEREA ;0000000223;0000000223;0000000223;0000000223;n/a;n/a;n/a;n/a;n/a;n/a;n/a;n/a
0;CLIENTE;CIIU;CiiudID;225;CONSULTORES EN EQUIPO DE INFORMATICA              ;0000000224;0000000224;0000000224;0000000224;n/a;n/a;n/a;n/a;n/a;n/a;n/a;n/a
0;CLIENTE;CIIU;CiiudID;226;ALQUILER DE MAQUINARIA Y EQUIPO AGROPECUARIO      ;0000000225;0000000225;0000000225;0000000225;n/a;n/a;n/a;n/a;n/a;n/a;n/a;n/a
0;CLIENTE;CIIU;CiiudID;227;ALQUILER DE MAQUINARIA Y EQUIPO DE CONSTRUCCION Y ;0000000226;0000000226;0000000226;0000000226;n/a;n/a;n/a;n/a;n/a;n/a;n/a;n/a
0;CLIENTE;CIIU;CiiudID;228;ALQUILER DE MAQUINARIA Y EQUIPO DE OFICINA (INCLUS;0000000227;0000000227;0000000227;0000000227;n/a;n/a;n/a;n/a;n/a;n/a;n/a;n/a
0;CLIENTE;CIIU;CiiudID;229;ALQUILER DE OTROS TIPOS DE MAQUINARIA Y EQUIPO DE ;0000000228;0000000228;0000000228;0000000228;n/a;n/a;n/a;n/a;n/a;n/a;n/a;n/a
0;CLIENTE;CIIU;CiiudID;230;ALQUILER DE EFCTOS PERSONALES Y ENSERES DOMESTICOS;0000000229;0000000229;0000000229;0000000229;n/a;n/a;n/a;n/a;n/a;n/a;n/a;n/a
0;CLIENTE;CIIU;CiiudID;231;CONSULTORES EN PROGRAMAS DE INFORMATICA Y SUMINIST;0000000230;0000000230;0000000230;0000000230;n/a;n/a;n/a;n/a;n/a;n/a;n/a;n/a
0;CLIENTE;CIIU;CiiudID;232;PROCESAMIENTO DE DATOS                            ;0000000231;0000000231;0000000231;0000000231;n/a;n/a;n/a;n/a;n/a;n/a;n/a;n/a
0;CLIENTE;CIIU;CiiudID;233;ACTIVIDADES RALACIONADAS CON BASE DE DATOS        ;0000000232;0000000232;0000000232;0000000232;n/a;n/a;n/a;n/a;n/a;n/a;n/a;n/a
0;CLIENTE;CIIU;CiiudID;234;MANTENIMIENTO Y REPARACION DE MAQUINNARIA DE OFICI;0000000233;0000000233;0000000233;0000000233;n/a;n/a;n/a;n/a;n/a;n/a;n/a;n/a
0;CLIENTE;CIIU;CiiudID;235;OTRAS ACTIVIDADES DE INFORMATICA                  ;0000000234;0000000234;0000000234;0000000234;n/a;n/a;n/a;n/a;n/a;n/a;n/a;n/a
0;CLIENTE;CIIU;CiiudID;236;INVESTIGACION Y DESARROLLO EXPERIMENTAL EN EL CAMP;0000000235;0000000235;0000000235;0000000235;n/a;n/a;n/a;n/a;n/a;n/a;n/a;n/a
0;CLIENTE;CIIU;CiiudID;237;INVESTIGACION Y DESARROLLO EXPERIMENTAL EN EL CAMP;0000000236;0000000236;0000000236;0000000236;n/a;n/a;n/a;n/a;n/a;n/a;n/a;n/a
0;CLIENTE;CIIU;CiiudID;238;ACTIVIDADES JURIDICAS                             ;0000000237;0000000237;0000000237;0000000237;n/a;n/a;n/a;n/a;n/a;n/a;n/a;n/a
0;CLIENTE;CIIU;CiiudID;239;ACTIVIDADES DE CONTABILIDAD, TENEDURIA DE LIBROS Y;0000000238;0000000238;0000000238;0000000238;n/a;n/a;n/a;n/a;n/a;n/a;n/a;n/a
0;CLIENTE;CIIU;CiiudID;240;INVESTIGACION DE MERCADOS Y REALIZACION DE ENCUEST;0000000239;0000000239;0000000239;0000000239;n/a;n/a;n/a;n/a;n/a;n/a;n/a;n/a
0;CLIENTE;CIIU;CiiudID;241;ACTIVIDADES DE ASESORAMIENTO EMPRESARIAL Y EN MATE;0000000240;0000000240;0000000240;0000000240;n/a;n/a;n/a;n/a;n/a;n/a;n/a;n/a
0;CLIENTE;CIIU;CiiudID;242;ACTIVIDADES DE ARQUITECTURA E INGENIERIA Y ACTIVID;0000000241;0000000241;0000000241;0000000241;n/a;n/a;n/a;n/a;n/a;n/a;n/a;n/a
0;CLIENTE;CIIU;CiiudID;243;ENSAYOS Y ANALISIS TECNICOS                       ;0000000242;0000000242;0000000242;0000000242;n/a;n/a;n/a;n/a;n/a;n/a;n/a;n/a
0;CLIENTE;CIIU;CiiudID;244;PUBLICIDAD                                        ;0000000243;0000000243;0000000243;0000000243;n/a;n/a;n/a;n/a;n/a;n/a;n/a;n/a
0;CLIENTE;CIIU;CiiudID;245;OBTENCION Y DOTACION DE PERSONAL                  ;0000000244;0000000244;0000000244;0000000244;n/a;n/a;n/a;n/a;n/a;n/a;n/a;n/a
0;CLIENTE;CIIU;CiiudID;246;ACTIVIDADES DE INVESTIGACION Y SEGURIDAD          ;0000000245;0000000245;0000000245;0000000245;n/a;n/a;n/a;n/a;n/a;n/a;n/a;n/a
0;CLIENTE;CIIU;CiiudID;247;ACTIVIDADES DE LIMPIEZA DE EDIFICIOS              ;0000000246;0000000246;0000000246;0000000246;n/a;n/a;n/a;n/a;n/a;n/a;n/a;n/a
0;CLIENTE;CIIU;CiiudID;248;ACTIVIDADES DE FOTOGRAFIA                         ;0000000247;0000000247;0000000247;0000000247;n/a;n/a;n/a;n/a;n/a;n/a;n/a;n/a
0;CLIENTE;CIIU;CiiudID;249;ACTIVIDADES DE ENVASE Y EMPAQUE                   ;0000000248;0000000248;0000000248;0000000248;n/a;n/a;n/a;n/a;n/a;n/a;n/a;n/a
0;CLIENTE;CIIU;CiiudID;250;OTRAS ACTIVIDADES EMPRESARIALES N.C.P.            ;0000000249;0000000249;0000000249;0000000249;n/a;n/a;n/a;n/a;n/a;n/a;n/a;n/a
0;CLIENTE;CIIU;CiiudID;251;ACTIVIDADES DE LA ADMINISTRACION PUBLICA EN GENERA;0000000250;0000000250;0000000250;0000000250;n/a;n/a;n/a;n/a;n/a;n/a;n/a;n/a
0;CLIENTE;CIIU;CiiudID;252;REGULACION DE LAS ACTIVIDADES DE ORGANISMOS QUE PR;0000000251;0000000251;0000000251;0000000251;n/a;n/a;n/a;n/a;n/a;n/a;n/a;n/a
0;CLIENTE;CIIU;CiiudID;253;REGULACION Y FACILITACION DE LA ACTIVIDAD ECONOMIC;0000000252;0000000252;0000000252;0000000252;n/a;n/a;n/a;n/a;n/a;n/a;n/a;n/a
0;CLIENTE;CIIU;CiiudID;254;ACTIVIDADES DE SERVICIOS AUXILIARES PARA LA ADMINI;0000000253;0000000253;0000000253;0000000253;n/a;n/a;n/a;n/a;n/a;n/a;n/a;n/a
0;CLIENTE;CIIU;CiiudID;255;RELACIONES EXTERIORES                             ;0000000254;0000000254;0000000254;0000000254;n/a;n/a;n/a;n/a;n/a;n/a;n/a;n/a
0;CLIENTE;CIIU;CiiudID;256;ACTIVIDADES DE DEFENSA                            ;0000000255;0000000255;0000000255;0000000255;n/a;n/a;n/a;n/a;n/a;n/a;n/a;n/a
0;CLIENTE;CIIU;CiiudID;257;ACTIVIDADES DE MANTENIMIENTO DEL ORDEN PUBLICO Y D;0000000256;0000000256;0000000256;0000000256;n/a;n/a;n/a;n/a;n/a;n/a;n/a;n/a
0;CLIENTE;CIIU;CiiudID;258;ACTIVIDADES DE PLANES DE SEGURIDAD SOCIAL DE AFILI;0000000257;0000000257;0000000257;0000000257;n/a;n/a;n/a;n/a;n/a;n/a;n/a;n/a
0;CLIENTE;CIIU;CiiudID;259;ENSENANZA PRIMARIA                                ;0000000258;0000000258;0000000258;0000000258;n/a;n/a;n/a;n/a;n/a;n/a;n/a;n/a
0;CLIENTE;CIIU;CiiudID;260;ENSENANZA SECUNDARIA DE FORMACION GENERAL         ;0000000259;0000000259;0000000259;0000000259;n/a;n/a;n/a;n/a;n/a;n/a;n/a;n/a
0;CLIENTE;CIIU;CiiudID;261;ENSENANZA SECUNDARIA DE FORMACION TECNICA Y PROFES;0000000260;0000000260;0000000260;0000000260;n/a;n/a;n/a;n/a;n/a;n/a;n/a;n/a
0;CLIENTE;CIIU;CiiudID;262;ENSENANZA SUPERIOR                                ;0000000261;0000000261;0000000261;0000000261;n/a;n/a;n/a;n/a;n/a;n/a;n/a;n/a
0;CLIENTE;CIIU;CiiudID;263;EDUCACION DE ADULTOS Y OTROS TIPOS DE ENSENANZA   ;0000000262;0000000262;0000000262;0000000262;n/a;n/a;n/a;n/a;n/a;n/a;n/a;n/a
0;CLIENTE;CIIU;CiiudID;264;ACTIVIDADES DE HOSPITALES                         ;0000000263;0000000263;0000000263;0000000263;n/a;n/a;n/a;n/a;n/a;n/a;n/a;n/a
0;CLIENTE;CIIU;CiiudID;265;ACTIVIDADES DE MEDICOS Y ODONTOLOGOS              ;0000000264;0000000264;0000000264;0000000264;n/a;n/a;n/a;n/a;n/a;n/a;n/a;n/a
0;CLIENTE;CIIU;CiiudID;266;OTRAS ACTIVIDADES RELACIONADAS CON LA SALUD HUMANA;0000000265;0000000265;0000000265;0000000265;n/a;n/a;n/a;n/a;n/a;n/a;n/a;n/a
0;CLIENTE;CIIU;CiiudID;267;ACTIVIDADES VETERINARIAS                          ;0000000266;0000000266;0000000266;0000000266;n/a;n/a;n/a;n/a;n/a;n/a;n/a;n/a
0;CLIENTE;CIIU;CiiudID;268;SERVICIOS SOCIALES CON ALOJAMIENTO                ;0000000267;0000000267;0000000267;0000000267;n/a;n/a;n/a;n/a;n/a;n/a;n/a;n/a
0;CLIENTE;CIIU;CiiudID;269;SERVICIOS SOCIALES SIN ALOJAMIENTO                ;0000000268;0000000268;0000000268;0000000268;n/a;n/a;n/a;n/a;n/a;n/a;n/a;n/a
0;CLIENTE;CIIU;CiiudID;270;ELIMINACION DE DESPERDICIOS Y AGUAS RESIDUALES, SA;0000000269;0000000269;0000000269;0000000269;n/a;n/a;n/a;n/a;n/a;n/a;n/a;n/a
0;CLIENTE;CIIU;CiiudID;271;ACTIVIDADES DE ORGANIZACIONES EMPRESARIALES Y DE E;0000000270;0000000270;0000000270;0000000270;n/a;n/a;n/a;n/a;n/a;n/a;n/a;n/a
0;CLIENTE;CIIU;CiiudID;272;ACTIVIDADES DE ORGANIZACIONES PROFESIONALES       ;0000000271;0000000271;0000000271;0000000271;n/a;n/a;n/a;n/a;n/a;n/a;n/a;n/a
0;CLIENTE;CIIU;CiiudID;273;ACTIVIDADES DE SINDICATOS                         ;0000000272;0000000272;0000000272;0000000272;n/a;n/a;n/a;n/a;n/a;n/a;n/a;n/a
0;CLIENTE;CIIU;CiiudID;274;ACTIVIDADES DE ORGANIZACIONES RELIGIOSAS          ;0000000273;0000000273;0000000273;0000000273;n/a;n/a;n/a;n/a;n/a;n/a;n/a;n/a
0;CLIENTE;CIIU;CiiudID;275;ACTIVIDADES DE ORGANIZACIONES POLITICAS           ;0000000274;0000000274;0000000274;0000000274;n/a;n/a;n/a;n/a;n/a;n/a;n/a;n/a
0;CLIENTE;CIIU;CiiudID;276;ACTIVIDADES DE OTRAS ASOCIACIONES N.C.P.          ;0000000275;0000000275;0000000275;0000000275;n/a;n/a;n/a;n/a;n/a;n/a;n/a;n/a
0;CLIENTE;CIIU;CiiudID;277;PRODUCCION Y DISTRIBUCION DE FILMES Y VIDEO CINTAS;0000000276;0000000276;0000000276;0000000276;n/a;n/a;n/a;n/a;n/a;n/a;n/a;n/a
0;CLIENTE;CIIU;CiiudID;278;EXHIBICION DE FILMES Y VIDEO CINTAS               ;0000000277;0000000277;0000000277;0000000277;n/a;n/a;n/a;n/a;n/a;n/a;n/a;n/a
0;CLIENTE;CIIU;CiiudID;279;ACTIVIDADES DE RADIO Y TELEVISION                 ;0000000278;0000000278;0000000278;0000000278;n/a;n/a;n/a;n/a;n/a;n/a;n/a;n/a
0;CLIENTE;CIIU;CiiudID;280;ACTIVIDADES TEATRALES Y MUSICALES Y OTRAS ACTIVIDA;0000000279;0000000279;0000000279;0000000279;n/a;n/a;n/a;n/a;n/a;n/a;n/a;n/a
0;CLIENTE;CIIU;CiiudID;281;OTRAS ACTIVIDADES DE ENTRENAMIENTO N.C.P.         ;0000000280;0000000280;0000000280;0000000280;n/a;n/a;n/a;n/a;n/a;n/a;n/a;n/a
0;CLIENTE;CIIU;CiiudID;282;ACTIVIDADES DE AGENCIAS DE NOTICIAS               ;0000000281;0000000281;0000000281;0000000281;n/a;n/a;n/a;n/a;n/a;n/a;n/a;n/a
0;CLIENTE;CIIU;CiiudID;283;ACTIVIDADES DE BIBLIOTECA Y ARCHIVOS              ;0000000282;0000000282;0000000282;0000000282;n/a;n/a;n/a;n/a;n/a;n/a;n/a;n/a
0;CLIENTE;CIIU;CiiudID;284;ACTIVIDADES DE MUSEOS Y PRESERVACION DE LUGARES Y ;0000000283;0000000283;0000000283;0000000283;n/a;n/a;n/a;n/a;n/a;n/a;n/a;n/a
0;CLIENTE;CIIU;CiiudID;285;ACTIVIDADES DE JARDINES BOTANICOS Y ZOOLOGICOS Y D;0000000284;0000000284;0000000284;0000000284;n/a;n/a;n/a;n/a;n/a;n/a;n/a;n/a
0;CLIENTE;CIIU;CiiudID;286;ACTIVIDADES DEPORTIVAS                            ;0000000285;0000000285;0000000285;0000000285;n/a;n/a;n/a;n/a;n/a;n/a;n/a;n/a
0;CLIENTE;CIIU;CiiudID;287;OTRAS ACTIVIDADES DE ESPARCIMIENTO                ;0000000286;0000000286;0000000286;0000000286;n/a;n/a;n/a;n/a;n/a;n/a;n/a;n/a
0;CLIENTE;CIIU;CiiudID;288;LAVADO Y LIMPIEZA DE PRENDAS DE TELA O DE PIEL, IN;0000000287;0000000287;0000000287;0000000287;n/a;n/a;n/a;n/a;n/a;n/a;n/a;n/a
0;CLIENTE;CIIU;CiiudID;289;PELUQUERIA Y OTROS TRATAMIENTOS DE BELLEZA        ;0000000288;0000000288;0000000288;0000000288;n/a;n/a;n/a;n/a;n/a;n/a;n/a;n/a
0;CLIENTE;CIIU;CiiudID;290;POMPAS FUNEBRES Y ACTIVIDADES CONEXAS             ;0000000289;0000000289;0000000289;0000000289;n/a;n/a;n/a;n/a;n/a;n/a;n/a;n/a
0;CLIENTE;CIIU;CiiudID;291;OTRAS ACTIVIDADES DE SERVICIO N.C.P.              ;0000000290;0000000290;0000000290;0000000290;n/a;n/a;n/a;n/a;n/a;n/a;n/a;n/a
0;CLIENTE;CIIU;CiiudID;292;HOGARES PRIVADOS CON SERVICIO DOMESTICO           ;0000000291;0000000291;0000000291;0000000291;n/a;n/a;n/a;n/a;n/a;n/a;n/a;n/a
0;CLIENTE;CIIU;CiiudID;293;ORGANIZACIONES Y ORGANOS EXTRATERRITORIALES;0000000292;0000000292;0000000292;0000000292;n/a;n/a;n/a;n/a;n/a;n/a;n/a;n/a
0;CLIENTE;CIIU;CiiudID;294;OTROS;0000002712;n/a;0000002712;n/a;n/a;n/a;n/a;n/a;n/a;n/a;n/a;n/a
0;CLIENTE;CIIU;CiiudID;295;Venta al por menor de Productos de Perfumeria,Cosm;n/a;0000000294;n/a;n/a;n/a;n/a;n/a;n/a;n/a;n/a;n/a;n/a
0;CLIENTE;CIIU;CiiudID;296;Comercializacion y Eventual Prod Maqui Construccn;n/a;0000000295;n/a;n/a;n/a;n/a;n/a;n/a;n/a;n/a;n/a;n/a
0;CLIENTE;CIIU;CiiudID;297;Venta al por menor de instrumentos y aparatos medicinales y ortopédicos en establecimientos especial;0000000296;0000000294;0000000296;n/a;n/a;n/a;n/a;n/a;n/a;n/a;n/a;n/a
0;CLIENTE;Naturaleza del producto;NaturalezaProductoID;1;Alimentos, bebidas y confiterias;0000003348;0000003348;n/a;0000003348;n/a;n/a;n/a;n/a;n/a;n/a;n/a;n/a
0;CLIENTE;Naturaleza del producto;NaturalezaProductoID;2;Automotriz;0000003352;0000003352;n/a;0000003352;n/a;n/a;n/a;n/a;n/a;n/a;n/a;n/a
0;CLIENTE;Naturaleza del producto;NaturalezaProductoID;3;De consumo;0000003346;0000003346;n/a;0000003346;n/a;n/a;n/a;n/a;n/a;n/a;n/a;n/a
0;CLIENTE;Naturaleza del producto;NaturalezaProductoID;4;Cosmeticos,cremas,perfumes,higiene corporal;0000003368;0000003368;n/a;0000003368;n/a;n/a;n/a;n/a;n/a;n/a;n/a;n/a
0;CLIENTE;Naturaleza del producto;NaturalezaProductoID;5;Industriales;0000003347;0000003347;n/a;0000003347;n/a;n/a;n/a;n/a;n/a;n/a;n/a;n/a
0;CLIENTE;Naturaleza del producto;NaturalezaProductoID;6;Linea blanca;0000003353;0000003353;n/a;0000003353;n/a;n/a;n/a;n/a;n/a;n/a;n/a;n/a
0;CLIENTE;Naturaleza del producto;NaturalezaProductoID;7;Medicamentos;0000003351;0000003351;n/a;0000003351;n/a;n/a;n/a;n/a;n/a;n/a;n/a;n/a
0;CLIENTE;Naturaleza del producto;NaturalezaProductoID;8;Miscelaneos;0000003356;0000003356;n/a;0000003356;n/a;n/a;n/a;n/a;n/a;n/a;n/a;n/a
0;CLIENTE;Naturaleza del producto;NaturalezaProductoID;9;Otros;0000003723;0000003723;n/a;0000003723;n/a;n/a;n/a;n/a;n/a;n/a;n/a;n/a
0;CLIENTE;Naturaleza del producto;NaturalezaProductoID;10;Polietileno;0000003355;0000003355;n/a;0000003355;n/a;n/a;n/a;n/a;n/a;n/a;n/a;n/a
0;CLIENTE;Naturaleza del producto;NaturalezaProductoID;11;Quimicos;0000003349;0000003349;n/a;0000003349;n/a;n/a;n/a;n/a;n/a;n/a;n/a;n/a
0;CLIENTE;Naturaleza del producto;NaturalezaProductoID;12;Tecnologia;0000003350;0000003350;n/a;0000003350;n/a;n/a;n/a;n/a;n/a;n/a;n/a;n/a
0;CLIENTE;Naturaleza del producto;NaturalezaProductoID;13;Textiles, prendas de vestir y calzado;0000003354;0000003354;n/a;0000003354;n/a;n/a;n/a;n/a;n/a;n/a;n/a;n/a
0;CLIENTE;Tipo de Empresa;TipoEmpresaID;1;Multinacional;0000001084;0000001084;0000001084;0000001084;n/a;n/a;n/a;n/a;n/a;n/a;n/a;n/a
0;CLIENTE;Tipo de Empresa;TipoEmpresaID;2;Nacional grande;0000001085;0000001085;0000001085;0000001085;n/a;n/a;n/a;n/a;n/a;n/a;n/a;n/a
0;CLIENTE;Tipo de Empresa;TipoEmpresaID;3;Nacional mediana;0000003406;0000003406;0000003406;0000003406;n/a;n/a;n/a;n/a;n/a;n/a;n/a;n/a
0;CLIENTE;Tipo de Empresa;TipoEmpresaID;4;Nacional pequeña;0000003364;0000003364;0000003364;0000003364;n/a;n/a;n/a;n/a;n/a;n/a;n/a;n/a
0;CLIENTE;Tipo Contribuyente;TipoContribuyente;1;CONTRIBUYENTE ESPECIAL;n/a;n/a;n/a;n/a;E;E;E;E;E;E;E;E
0;CLIENTE;Tipo Contribuyente;TipoContribuyente;2;EXTRANJEROS SIN RUC;n/a;n/a;n/a;n/a;EX;EX;EX;EX;EX;EX;EX;EX
0;CLIENTE;Tipo Contribuyente;TipoContribuyente;3;NATURAL SIN RUC;n/a;n/a;n/a;n/a;N;N;N;N;N;N;N;N
0;CLIENTE;Tipo Contribuyente;TipoContribuyente;4;PERSONAS NATURALES;0000001861;0000001861;0000001861;0000001861;NR;NR;NR;NR;NR;NR;NR;NR
0;CLIENTE;Tipo Contribuyente;TipoContribuyente;5;RISE;n/a;n/a;n/a;n/a;I;I;I;I;I;I;I;I
0;CLIENTE;Tipo Contribuyente;TipoContribuyente;6;SOCIEDADES;0000001862;0000001862;0000001862;0000001862;S;S;S;S;S;S;S;S
0;CLIENTE;Tipo Régimen fiscal del exterior;tipoRegimenExterior;1;Régimen general;0000004060;0000002296;0000001813;0000002016;N/A;N/A;N/A;N/A;N/A;N/A;N/A;N/A
0;CLIENTE;Tipo Régimen fiscal del exterior;tipoRegimenExterior;2;Paraíso fiscal;0000004061;0000002297;0000001814;0000002017;N/A;N/A;N/A;N/A;N/A;N/A;N/A;N/A
0;CLIENTE;Tipo Régimen fiscal del exterior;tipoRegimenExterior;3;Regimen fiscal preferente o jurisdiccion de menor imposicion;0000004062;0000002298;0000001815;0000002018;N/A;N/A;N/A;N/A;N/A;N/A;N/A;N/A
0;CLIENTE;Clase;Clase;1;Normal;01;01;01;n/a;n/a;n/a;n/a;n/a;n/a;n/a;n/a;n/a
0;CLIENTE;Clase;Clase;2;Especial;02;02;02;n/a;n/a;n/a;n/a;n/a;n/a;n/a;n/a;n/a
0;CLIENTE;Tipo S.N.;TipoSN;1;PERSONA NATURAL;n/a;n/a;n/a;n/a;01;01;01;01;01;01;01;01
0;CLIENTE;Tipo S.N.;TipoSN;2;SOCIEDAD;n/a;n/a;n/a;n/a;02;02;02;02;02;02;02;02
0;CLIENTE;Tipo Captación;tipoCaptacionID;1;Captación (Asesor lo fue a buscar);0000004764;0000002456;0000001888;0000002133;n/a;n/a;n/a;n/a;n/a;n/a;n/a;n/a
0;CLIENTE;Tipo Captación;tipoCaptacionID;2;Cliente antiguo;0000004767;0000002459;0000001889;0000002134;n/a;n/a;n/a;n/a;n/a;n/a;n/a;n/a
0;CLIENTE;Tipo Captación;tipoCaptacionID;3;Empresa de un grupo;0000004766;0000002458;n/a;0000002140;n/a;n/a;n/a;n/a;n/a;n/a;n/a;n/a
0;CLIENTE;Tipo Captación;tipoCaptacionID;4;Facturacion;0000004768;0000002460;n/a;0000002135;n/a;n/a;n/a;n/a;n/a;n/a;n/a;n/a
0;CLIENTE;Tipo Captación;tipoCaptacionID;5;Redes Sociales o Página Web;0000004765;0000002457;n/a;n/a;n/a;n/a;n/a;n/a;n/a;n/a;n/a;n/a
0;CLIENTE;Tipo Captación;tipoCaptacionID;6;Referencia (Recomendación);0000004763;0000002455;n/a;0000002136;n/a;n/a;n/a;n/a;n/a;n/a;n/a;n/a
0;CLIENTE;Tipo Notificación;TipoEmailID;1;Bloqueo de Cartera;0000005037;0000002477;n/a;n/a;n/a;n/a;n/a;n/a;n/a;n/a;n/a;n/a
0;CLIENTE;Tipo Notificación;TipoEmailID;2;Cobranzas - Estado de Cuenta;0000004676;n/a;n/a;n/a;n/a;n/a;n/a;n/a;n/a;n/a;n/a;n/a
0;CLIENTE;Tipo Notificación;TipoEmailID;3;COMUNICACION SAC;0000002253;n/a;n/a;n/a;n/a;n/a;n/a;n/a;n/a;n/a;n/a;n/a
0;CLIENTE;Tipo Notificación;TipoEmailID;4;ENCUESTAS / POSTVENTAS MENSUAL;0000003696;n/a;n/a;0000002026;n/a;n/a;n/a;n/a;n/a;n/a;n/a;n/a
0;CLIENTE;Tipo Notificación;TipoEmailID;5;ENCUESTAS / POSTVENTAS SEMESTRAL;0000004310;n/a;n/a;n/a;n/a;n/a;n/a;n/a;n/a;n/a;n/a;n/a
0;CLIENTE;Tipo Notificación;TipoEmailID;6;FACTURACION REZAGO;0000004658;0000002707;n/a;0000002145;n/a;n/a;n/a;n/a;n/a;n/a;n/a;n/a
0;CLIENTE;Tipo Notificación;TipoEmailID;7;REZAGO MATERIA PRIMA;0000005481;n/a;n/a;n/a;n/a;n/a;n/a;n/a;n/a;n/a;n/a;n/a
0;CLIENTE;Tipo Notificación;TipoEmailID;8;REZAGO PRODUCTO TERMINADO;0000005482;n/a;n/a;n/a;n/a;n/a;n/a;n/a;n/a;n/a;n/a;n/a
0;CLIENTE;Tipo Notificación;TipoEmailID;9;STATUS;0000002254;0000002308;0000001818;0000002044;n/a;n/a;n/a;n/a;n/a;n/a;n/a;n/a
0;CLIENTE;Tipo Notificación;TipoEmailID;10;STATUS INHOUSE;0000005292;n/a;n/a;n/a;n/a;n/a;n/a;n/a;n/a;n/a;n/a;n/a
0;CLIENTE;Tipo Notificación;TipoEmailID;11;STATUS PP;0000005105;n/a;n/a;n/a;n/a;n/a;n/a;n/a;n/a;n/a;n/a;n/a
0;CLIENTE;Tipo Notificación;TipoEmailID;12;Status Tramites;n/a;n/a;n/a;0000002020;n/a;n/a;n/a;n/a;n/a;n/a;n/a;n/a
0;CLIENTE;Tipo Notificación;TipoEmailID;13;POSTVENTAS / ENCUESTAS;n/a;0000002310;n/a;n/a;n/a;n/a;n/a;n/a;n/a;n/a;n/a;n/a
0;CLIENTE;Estado;estadoClienteId;1;Activo;0000004661;n/a;n/a;n/a;n/a;n/a;n/a;n/a;n/a;n/a;n/a;n/a
0;CLIENTE;Estado;estadoClienteId;2;Declinación;0000004663;n/a;n/a;n/a;n/a;n/a;n/a;n/a;n/a;n/a;n/a;n/a
0;CLIENTE;Estado;estadoClienteId;3;Inicio;0000004660;n/a;n/a;n/a;n/a;n/a;n/a;n/a;n/a;n/a;n/a;n/a
0;CLIENTE;Estado;estadoClienteId;4;Madurez;0000004662;n/a;n/a;n/a;n/a;n/a;n/a;n/a;n/a;n/a;n/a;n/a
0;CLIENTE;Tipo de Ruc;TipoRuc;1;EXTRANJEROS SIN RUC;n/a;n/a;n/a;n/a;EX;EX;EX;EX;EX;EX;EX;EX
0;CLIENTE;Tipo de Ruc;TipoRuc;2;JURIDICO;n/a;n/a;n/a;n/a;J;J;J;J;J;J;J;J
0;CLIENTE;Tipo de Ruc;TipoRuc;3;PERSONA NATURAL SIN RUC;n/a;n/a;n/a;n/a;N;N;N;N;N;N;N;N
0;CLIENTE;Tipo de Ruc;TipoRuc;4;PERSONA NATURAL CON RUC;n/a;n/a;n/a;n/a;NR;NR;NR;NR;NR;NR;NR;NR
0;CLIENTE;Tipo de Ruc;TipoRuc;5;RUC PUBLICO;n/a;n/a;n/a;n/a;P;P;P;P;P;P;P;P
0;CLIENTE;Tipo de Ruc;TipoRuc;6;PENDIENTE DE DEFINIR;n/a;n/a;n/a;n/a;F;F;F;F;F;F;F;F
0;CLIENTE;Moneda;Moneda;1;Pesos Chilenos;n/a;n/a;n/a;n/a;CLP;CLP;n/a;n/a;CLP;CLP;n/a;n/a
0;CLIENTE;Moneda;Moneda;2;Euro;n/a;n/a;n/a;n/a;EUR;EUR;n/a;n/a;EUR;EUR;n/a;n/a
0;CLIENTE;Moneda;Moneda;3;Unidad de Fomento;n/a;n/a;n/a;n/a;UF;UF;n/a;n/a;UF;UF;n/a;n/a
0;CLIENTE;Moneda;Moneda;4;Dolar americano;n/a;n/a;n/a;n/a;USD;USD;USD;USD;USD;USD;USD;USD
0;CLIENTE;Tipo de ingreso del exterior;ingextgravotropais;1;Rentas Inmobiliarias;0000000001;0000000001;0000000001;0000000001;N/A;N/A;N/A;N/A;N/A;N/A;N/A;N/A
0;CLIENTE;Tipo de ingreso del exterior;ingextgravotropais;2;Beneficios  y servicios Empresariales  / Asistencia técnica;0000000002;0000000002;0000000002;0000000002;N/A;N/A;N/A;N/A;N/A;N/A;N/A;N/A
0;CLIENTE;Tipo de ingreso del exterior;ingextgravotropais;3;Beneficios  y servicios Empresariales  / Comisiones;0000000003;0000000003;0000000003;0000000003;N/A;N/A;N/A;N/A;N/A;N/A;N/A;N/A
0;CLIENTE;Tipo de ingreso del exterior;ingextgravotropais;4;Beneficios  y servicios Empresariales / Comisiones sobre préstamos;0000000004;0000000004;0000000004;0000000004;N/A;N/A;N/A;N/A;N/A;N/A;N/A;N/A
0;CLIENTE;Tipo de ingreso del exterior;ingextgravotropais;5;Beneficios  y servicios Empresariales/Honorarios;0000000005;0000000005;0000000005;0000000005;N/A;N/A;N/A;N/A;N/A;N/A;N/A;N/A
0;CLIENTE;Tipo de ingreso del exterior;ingextgravotropais;6;Beneficios  y servicios Empresariales / Publicidad;0000000006;0000000006;0000000006;0000000006;N/A;N/A;N/A;N/A;N/A;N/A;N/A;N/A
0;CLIENTE;Tipo de ingreso del exterior;ingextgravotropais;7;Beneficios  y servicios Empresariales / Servicios administrativos;0000000007;0000000007;0000000007;0000000007;N/A;N/A;N/A;N/A;N/A;N/A;N/A;N/A
0;CLIENTE;Tipo de ingreso del exterior;ingextgravotropais;8;Beneficios  y servicios Empresariales / Servicios financieros;0000000008;0000000008;0000000008;0000000008;N/A;N/A;N/A;N/A;N/A;N/A;N/A;N/A
0;CLIENTE;Tipo de ingreso del exterior;ingextgravotropais;9;Beneficios  y servicios Empresariales /Servicios intermedios de la producción (maquila);0000000009;0000000009;0000000009;0000000009;N/A;N/A;N/A;N/A;N/A;N/A;N/A;N/A
0;CLIENTE;Tipo de ingreso del exterior;ingextgravotropais;10;Beneficios  y servicios Empresariales /Servicios técnicos;0000000010;0000000010;0000000010;0000000010;N/A;N/A;N/A;N/A;N/A;N/A;N/A;N/A
0;CLIENTE;Tipo de ingreso del exterior;ingextgravotropais;11;Navegación Marítima y/o aérea;0000000011;0000000011;0000000011;0000000011;N/A;N/A;N/A;N/A;N/A;N/A;N/A;N/A
0;CLIENTE;Tipo de ingreso del exterior;ingextgravotropais;12;Dividendos;0000000012;0000000012;0000000012;0000000012;N/A;N/A;N/A;N/A;N/A;N/A;N/A;N/A
0;CLIENTE;Tipo de ingreso del exterior;ingextgravotropais;13;Rendimientos financieros / Comisiones sobre préstamos;0000000013;0000000013;0000000013;0000000013;N/A;N/A;N/A;N/A;N/A;N/A;N/A;N/A
0;CLIENTE;Tipo de ingreso del exterior;ingextgravotropais;14;Rendimientos financieros / Otras inversiones;0000000014;0000000014;0000000014;0000000014;N/A;N/A;N/A;N/A;N/A;N/A;N/A;N/A
0;CLIENTE;Tipo de ingreso del exterior;ingextgravotropais;15;Garantías;0000000015;0000000015;0000000015;0000000015;N/A;N/A;N/A;N/A;N/A;N/A;N/A;N/A
0;CLIENTE;Tipo de ingreso del exterior;ingextgravotropais;16;Servicios profesionales independientes /dependientes;0000000016;0000000016;0000000016;0000000016;N/A;N/A;N/A;N/A;N/A;N/A;N/A;N/A
0;CLIENTE;Tipo de ingreso del exterior;ingextgravotropais;17;Intereses sobre préstamos;0000000017;0000000017;0000000017;0000000017;N/A;N/A;N/A;N/A;N/A;N/A;N/A;N/A
0;CLIENTE;Tipo de ingreso del exterior;ingextgravotropais;18;Intereses créditos en ventas ;0000000018;0000000018;0000000018;0000000018;N/A;N/A;N/A;N/A;N/A;N/A;N/A;N/A
0;CLIENTE;Tipo de ingreso del exterior;ingextgravotropais;19;Regalías /Cánones, derechos de autor,  marcas, patentes y similares;0000000019;0000000019;0000000019;0000000019;N/A;N/A;N/A;N/A;N/A;N/A;N/A;N/A
0;CLIENTE;Tipo de ingreso del exterior;ingextgravotropais;20;Regalías / Por concepto de franquicias;0000000020;0000000020;0000000020;0000000020;N/A;N/A;N/A;N/A;N/A;N/A;N/A;N/A
0;CLIENTE;Tipo de ingreso del exterior;ingextgravotropais;21;Seguros y reaseguros (primas y cesiones)  ;0000000021;0000000021;0000000021;0000000021;N/A;N/A;N/A;N/A;N/A;N/A;N/A;N/A
0;CLIENTE;Tipo de ingreso del exterior;ingextgravotropais;22;Utilidad o pérdida por derivados financieros;0000000022;0000000022;0000000022;0000000022;N/A;N/A;N/A;N/A;N/A;N/A;N/A;N/A
0;CLIENTE;Tipo de ingreso del exterior;ingextgravotropais;23;Utilidad por operaciones de futuros distintas de las del sector financiero;0000000023;0000000023;0000000023;0000000023;N/A;N/A;N/A;N/A;N/A;N/A;N/A;N/A
0;CLIENTE;Tipo de ingreso del exterior;ingextgravotropais;24;Venta de bienes intangibles;0000000024;0000000024;0000000024;0000000024;N/A;N/A;N/A;N/A;N/A;N/A;N/A;N/A
0;CLIENTE;Tipo de ingreso del exterior;ingextgravotropais;25;Enajenación de derechos representativos de capital;0000000025;0000000025;0000000025;0000000025;N/A;N/A;N/A;N/A;N/A;N/A;N/A;N/A
0;CLIENTE;Tipo de ingreso del exterior;ingextgravotropais;26;Enajenación de obligaciones;0000000026;0000000026;0000000026;0000000026;N/A;N/A;N/A;N/A;N/A;N/A;N/A;N/A
0;CLIENTE;Tipo de ingreso del exterior;ingextgravotropais;27;Artistas;0000000027;0000000027;0000000027;0000000027;N/A;N/A;N/A;N/A;N/A;N/A;N/A;N/A
0;CLIENTE;Tipo de ingreso del exterior;ingextgravotropais;28;Deportistas;0000000028;0000000028;0000000028;0000000028;N/A;N/A;N/A;N/A;N/A;N/A;N/A;N/A
0;CLIENTE;Tipo de ingreso del exterior;ingextgravotropais;29;Participación de consejeros;0000000029;0000000029;0000000029;0000000029;N/A;N/A;N/A;N/A;N/A;N/A;N/A;N/A
0;CLIENTE;Tipo de ingreso del exterior;ingextgravotropais;30;Entretenimiento Público;0000000030;0000000030;0000000030;0000000030;N/A;N/A;N/A;N/A;N/A;N/A;N/A;N/A
0;CLIENTE;Tipo de ingreso del exterior;ingextgravotropais;31;Pensiones;0000000031;0000000031;0000000031;0000000031;N/A;N/A;N/A;N/A;N/A;N/A;N/A;N/A
0;CLIENTE;Tipo de ingreso del exterior;ingextgravotropais;32;Reembolso de Gastos;0000000032;0000000032;0000000032;0000000032;N/A;N/A;N/A;N/A;N/A;N/A;N/A;N/A
0;CLIENTE;Tipo de ingreso del exterior;ingextgravotropais;33;Funciones Públicas;0000000033;0000000033;0000000033;0000000033;N/A;N/A;N/A;N/A;N/A;N/A;N/A;N/A
0;CLIENTE;Tipo de ingreso del exterior;ingextgravotropais;34;Estudiantes;0000000034;0000000034;0000000034;0000000034;N/A;N/A;N/A;N/A;N/A;N/A;N/A;N/A
0;CLIENTE;Tipo de ingreso del exterior;ingextgravotropais;35;Arrendamientos mercantil internacional;0000000035;0000000035;0000000035;0000000035;N/A;N/A;N/A;N/A;N/A;N/A;N/A;N/A
0;CLIENTE;Tipo de ingreso del exterior;ingextgravotropais;36;Contratos de fletamento de naves para empresas de transporte aéreo o marítimo internacional;0000000036;0000000036;0000000036;0000000036;N/A;N/A;N/A;N/A;N/A;N/A;N/A;N/A
0;CLIENTE;Tipo de ingreso del exterior;ingextgravotropais;37;Seguros y reaseguros (primas y cesiones)  ;0000000037;0000000037;0000000037;0000000037;N/A;N/A;N/A;N/A;N/A;N/A;N/A;N/A
0;CLIENTE;Tipo de ingreso del exterior;ingextgravotropais;38;Otros ingresos;0000000038;0000000038;0000000038;0000000038;N/A;N/A;N/A;N/A;N/A;N/A;N/A;N/A
0;CLIENTE;Tipo de ingreso del exterior;ingextgravotropais;39;Otros servicios;0000000039;0000000039;0000000039;0000000039;N/A;N/A;N/A;N/A;N/A;N/A;N/A;N/A
0;CLIENTE;Carga (Contenedor);CargaID;1;20 PIES;n/a;0000000130;n/a;n/a;n/a;n/a;n/a;n/a;n/a;n/a;n/a;n/a
0;CLIENTE;Carga (Contenedor);CargaID;2;40 PIES;n/a;0000000080;n/a;n/a;n/a;n/a;n/a;n/a;n/a;n/a;n/a;n/a
0;CLIENTE;Carga (Contenedor);CargaID;3;"45"" PIES";n/a;0000000139;n/a;n/a;n/a;n/a;n/a;n/a;n/a;n/a;n/a;n/a
0;CLIENTE;Tipo Servicio (Contenedor);TipoServicioID;1;Exportación;n/a;0000002229;n/a;n/a;n/a;n/a;n/a;n/a;n/a;n/a;n/a;n/a
0;CLIENTE;Tipo Servicio (Contenedor);TipoServicioID;2;Importación;n/a;0000002228;n/a;n/a;n/a;n/a;n/a;n/a;n/a;n/a;n/a;n/a
0;CLIENTE;Tipo Operación;TipoOperacionID;3;PELIGROSA;n/a;0000002788;n/a;n/a;n/a;n/a;n/a;n/a;n/a;n/a;n/a;n/a
0;CLIENTE;Tipo Operación;TipoOperacionID;4;CARGA GENERAL;n/a;0000002789;n/a;n/a;n/a;n/a;n/a;n/a;n/a;n/a;n/a;n/a
0;CLIENTE;Tipo Operación;TipoOperacionID;5;CONTROLADA;n/a;0000002790;n/a;n/a;n/a;n/a;n/a;n/a;n/a;n/a;n/a;n/a
0;CLIENTE;Tipo Operación;TipoOperacionID;6;REFRIGERADA;n/a;0000002791;n/a;n/a;n/a;n/a;n/a;n/a;n/a;n/a;n/a;n/a
0;CLIENTE;TipoHonorarioContenedor;TipoHonorarioContenedorID;1;NORMAL;n/a;0000002793 ;n/a;n/a;n/a;n/a;n/a;n/a;n/a;n/a;n/a;n/a
0;CLIENTE;TipoHonorarioContenedor;TipoHonorarioContenedorID;2;EXTENDIDO;n/a;0000002794 ;n/a;n/a;n/a;n/a;n/a;n/a;n/a;n/a;n/a;n/a
0;CLIENTE;Código Asesor (Contenedor);AsesorCaptacionID;1;999::SIN ASESOR;n/a;9999999999;n/a;n/a;n/a;n/a;n/a;n/a;n/a;n/a;n/a;n/a
0;CLIENTE;Código Asesor (Contenedor);AsesorCaptacionID;2;AGENTE::AGENTE;n/a;9999999997;n/a;n/a;n/a;n/a;n/a;n/a;n/a;n/a;n/a;n/a
0;CLIENTE;Código Asesor (Contenedor);AsesorCaptacionID;3;CIA-CTT375::CIATEITE :: YCAZA ZEA MARIA FERNANDA;n/a;CIA0000339;n/a;n/a;n/a;n/a;n/a;n/a;n/a;n/a;n/a;n/a
0;CLIENTE;Código Asesor (Contenedor);AsesorCaptacionID;4;CIA-CTT38::CIATEITE :: MORETA TOMSICH FAUSTO ALVARO;n/a;CIA0000014;n/a;n/a;n/a;n/a;n/a;n/a;n/a;n/a;n/a;n/a
0;CLIENTE;Código Asesor (Contenedor);AsesorCaptacionID;5;CIA-CTT920::CIATEITE :: HERRERA PARRA CARLOS GEOVANNY;n/a;CIA0000945;n/a;n/a;n/a;n/a;n/a;n/a;n/a;n/a;n/a;n/a
0;CLIENTE;Código Asesor (Contenedor);AsesorCaptacionID;6;CTT134::MENDIETA REYNA MARCOS EDUARDO;n/a;0000000138;n/a;n/a;n/a;n/a;n/a;n/a;n/a;n/a;n/a;n/a
0;CLIENTE;Código Asesor (Contenedor);AsesorCaptacionID;7;CTT353::HERRERA VARGAS SERGIO JHOAN;n/a;0000000313;n/a;n/a;n/a;n/a;n/a;n/a;n/a;n/a;n/a;n/a
0;CLIENTE;Código Asesor (Contenedor);AsesorCaptacionID;8;CTT373::MARCILLO PITA ASHLEY ESTEFANIA;n/a;0000000337;n/a;n/a;n/a;n/a;n/a;n/a;n/a;n/a;n/a;n/a
0;CLIENTE;Código Asesor (Contenedor);AsesorCaptacionID;9;CTT375::YCAZA ZEA MARIA FERNANDA;n/a;0000000339;n/a;n/a;n/a;n/a;n/a;n/a;n/a;n/a;n/a;n/a
0;CLIENTE;Código Asesor (Contenedor);AsesorCaptacionID;10;CTT466::CHAVEZ ERAS GISELA ELIZABETH;n/a;0000000438;n/a;n/a;n/a;n/a;n/a;n/a;n/a;n/a;n/a;n/a
0;CLIENTE;Código Asesor (Contenedor);AsesorCaptacionID;11;CTT640::VASQUEZ BURGOS ANNY JULISA;n/a;0000000641;n/a;n/a;n/a;n/a;n/a;n/a;n/a;n/a;n/a;n/a
0;CLIENTE;Código Asesor (Contenedor);AsesorCaptacionID;12;CTT701::ALCIVAR SILVA HELEN NICOLE;n/a;0000000705;n/a;n/a;n/a;n/a;n/a;n/a;n/a;n/a;n/a;n/a
0;CLIENTE;Código Asesor (Contenedor);AsesorCaptacionID;13;CTT879::HIDALGO SOLIS PAMELA IVONNE;n/a;0000000901;n/a;n/a;n/a;n/a;n/a;n/a;n/a;n/a;n/a;n/a
0;CLIENTE;Código Asesor (Contenedor);AsesorCaptacionID;14;CTT888::MORENO ARTEAGA ANDREA PATRICIA;n/a;0000000910;n/a;n/a;n/a;n/a;n/a;n/a;n/a;n/a;n/a;n/a
0;CLIENTE;Código Asesor (Contenedor);AsesorCaptacionID;15;CTT925::TORRES AURIA CARLOS NICOLAS;n/a;0000000951;n/a;n/a;n/a;n/a;n/a;n/a;n/a;n/a;n/a;n/a
0;CLIENTE;Código Asesor (Contenedor);AsesorCaptacionID;16;FREEHAND::FREEHAND;n/a;9999999998;n/a;n/a;n/a;n/a;n/a;n/a;n/a;n/a;n/a;n/a
0;CLIENTE;Código Asesor (Contenedor);AsesorCaptacionID;17;TOL-TOL100::TOLEPU :: ROMERO RUGEL KARINA PAOLA;n/a;0000000100;n/a;n/a;n/a;n/a;n/a;n/a;n/a;n/a;n/a;n/a
0;CLIENTE;Código Asesor (Contenedor);AsesorCaptacionID;18;TOL-TOL101::TOLEPU :: CAMACHO FLORES ISAAC ANDRES;n/a;0000000101;n/a;n/a;n/a;n/a;n/a;n/a;n/a;n/a;n/a;n/a
0;CLIENTE;Código Asesor (Contenedor);AsesorCaptacionID;19;TOL-TOL115::TOLEPU :: SALAZAR CARTAGENA LEYLA NATALIA;n/a;0000000116;n/a;n/a;n/a;n/a;n/a;n/a;n/a;n/a;n/a;n/a
0;CLIENTE;Código Asesor (Contenedor);AsesorCaptacionID;20;TOL-TOL124::TOLEPU :: AREVALO PASTUÑA ESTEFANIA ALEJANDRA;n/a;0000000127;n/a;n/a;n/a;n/a;n/a;n/a;n/a;n/a;n/a;n/a
0;CLIENTE;Código Asesor (Contenedor);AsesorCaptacionID;21;TOL-TOL125::TOLEPU :: SANCHEZ CRIOLLO MARIO DAVID;n/a;0000000128;n/a;n/a;n/a;n/a;n/a;n/a;n/a;n/a;n/a;n/a
0;CLIENTE;Código Asesor (Contenedor);AsesorCaptacionID;22;TOL-TOL126::TOLEPU :: HERNANDEZ OROCHENA FREDDY JOSE;n/a;0000000129;n/a;n/a;n/a;n/a;n/a;n/a;n/a;n/a;n/a;n/a
0;CLIENTE;Código Asesor (Contenedor);AsesorCaptacionID;23;TOL-TOL141::TOLEPU :: ULLOA RODRÍGUEZ CINTHYA CAROLINA;n/a;0000000144;n/a;n/a;n/a;n/a;n/a;n/a;n/a;n/a;n/a;n/a
0;CLIENTE;Código Asesor (Contenedor);AsesorCaptacionID;24;TOL-TOL36::TOLEPU :: CUENCA RAMIREZ CHRISTYE MIREYA;n/a;0000000042;n/a;n/a;n/a;n/a;n/a;n/a;n/a;n/a;n/a;n/a
0;CLIENTE;Código Asesor (Contenedor);AsesorCaptacionID;25;TOL-TOL39::TOLEPU :: YU ANDRADE MAYLEN ESTEFANIA;n/a;0000000045;n/a;n/a;n/a;n/a;n/a;n/a;n/a;n/a;n/a;n/a
0;CLIENTE;Código Asesor (Contenedor);AsesorCaptacionID;26;TOL-TOL65::TOLEPU :: AVALOS MARTINEZ LORENA ALEXA;n/a;0000000075;n/a;n/a;n/a;n/a;n/a;n/a;n/a;n/a;n/a;n/a
0;CLIENTE;Código Asesor (Contenedor);AsesorCaptacionID;27;TT141::MONTALVO ARCOS RUTH LORENA;n/a;0000000162;n/a;n/a;n/a;n/a;n/a;n/a;n/a;n/a;n/a;n/a
0;CLIENTE;Código Asesor (Contenedor);AsesorCaptacionID;28;TT202::RODAS BENAVIDES FANNY AMALIA;n/a;0000000237;n/a;n/a;n/a;n/a;n/a;n/a;n/a;n/a;n/a;n/a
0;CLIENTE;Código Asesor (Contenedor);AsesorCaptacionID;29;TT249::AULLA ALLAUCA MONICA ALEXANDRA;n/a;0000000289;n/a;n/a;n/a;n/a;n/a;n/a;n/a;n/a;n/a;n/a
0;CLIENTE;Código Asesor (Contenedor);AsesorCaptacionID;30;TT273::HERRERA ZAMBRANO LORENA MARICELA;n/a;0000000324;n/a;n/a;n/a;n/a;n/a;n/a;n/a;n/a;n/a;n/a
0;CLIENTE;Código Asesor (Contenedor);AsesorCaptacionID;31;TT31::TORRES ALAÑA PEDRO RAFAEL;n/a;0000000013;n/a;n/a;n/a;n/a;n/a;n/a;n/a;n/a;n/a;n/a
0;CLIENTE;Código Asesor (Contenedor);AsesorCaptacionID;32;TT351::ESPINOZA MORA MARIA LISSETE;n/a;0000000407;n/a;n/a;n/a;n/a;n/a;n/a;n/a;n/a;n/a;n/a
0;CLIENTE;Código Asesor (Contenedor);AsesorCaptacionID;33;TT405::SILVA CABRERA VANESSA LISSETTE;n/a;0000000462;n/a;n/a;n/a;n/a;n/a;n/a;n/a;n/a;n/a;n/a
0;CLIENTE;Código Asesor (Contenedor);AsesorCaptacionID;34;TT406::MARTILLO NIETO FABIOLA ROSA;n/a;0000000464;n/a;n/a;n/a;n/a;n/a;n/a;n/a;n/a;n/a;n/a
0;CLIENTE;Código Asesor (Contenedor);AsesorCaptacionID;35;TT529::AZUA CARVAJAL MARIA GABRIELA;n/a;0000000594;n/a;n/a;n/a;n/a;n/a;n/a;n/a;n/a;n/a;n/a
0;CLIENTE;Código Asesor (Contenedor);AsesorCaptacionID;36;TT784::CUADRO ITURRALDE WALTER LUIS;n/a;0000000863;n/a;n/a;n/a;n/a;n/a;n/a;n/a;n/a;n/a;n/a
0;CLIENTE;Código Asesor (Contenedor);AsesorCaptacionID;37;TT796::BASANTES PABON JORGE PATRICIO;n/a;0000000875;n/a;n/a;n/a;n/a;n/a;n/a;n/a;n/a;n/a;n/a
0;CLIENTE;Código Asesor (Contenedor);AsesorCaptacionID;38;TT928::FIGUEROA CUERO CILIA ISABEL;n/a;0000001009;n/a;n/a;n/a;n/a;n/a;n/a;n/a;n/a;n/a;n/a
0;CLIENTE;Código Asesor (Contenedor);AsesorCaptacionID;39;TT935::RUIZ BARZOLA ANTHONY ALEXANDER;n/a;0000001020;n/a;n/a;n/a;n/a;n/a;n/a;n/a;n/a;n/a;n/a
0;CLIENTE;Código Asesor (Contenedor);AsesorCaptacionID;40;TT96::LOPEZ MACIAS BELLA BERENICE;n/a;0000000048;n/a;n/a;n/a;n/a;n/a;n/a;n/a;n/a;n/a;n/a
0;CLIENTE;Código Asesor (Contenedor);AsesorCaptacionID;41;TT994::VILLAVICENCIO PESANTEZ DIANA ANTONELLA;n/a;0000001084;n/a;n/a;n/a;n/a;n/a;n/a;n/a;n/a;n/a;n/a
0;CLIENTE;Código Asesor (Contenedor);AsesorCaptacionID;42;X_FACT::PARA FACTURACION;n/a;9999999996;n/a;n/a;n/a;n/a;n/a;n/a;n/a;n/a;n/a;n/a
0;CLIENTE;Condición de Pago;CondicionPago;1;CONTADO;0000000087;0000000087;0000000087;0000000087;43;133;-1;-1;43;133;-1;-1
0;CLIENTE;Condición de Pago;CondicionPago;2;7 DÍAS ;0000000838;0000001530;0000000838;0000001581;46;138;2;n/a;46;138;2;n/a
0;CLIENTE;Condición de Pago;CondicionPago;3;8 DÍAS ;0000000883;0000001732;0000000883;0000001068;n/a;n/a;3;7;n/a;n/a;3;7
0;CLIENTE;Condición de Pago;CondicionPago;4;10 DÍAS ;0000001166;0000001069;0000001412;0000001209;137;137;4;n/a;137;137;4;n/a
0;CLIENTE;Condición de Pago;CondicionPago;5;15 DÍAS ;0000000088;0000000886;0000000088;0000000962;48;140;5;8;48;140;5;8
0;CLIENTE;Condición de Pago;CondicionPago;6;20 DÍAS;0000000886;0000000515;0000000886;0000001295;132;190;6;n/a;132;190;6;n/a
0;CLIENTE;Condición de Pago;CondicionPago;7;21 DÍAS ;0000001048;0000000125;0000001877;0000001922;49;141;7;n/a;49;141;7;n/a
0;CLIENTE;Condición de Pago;CondicionPago;8;30 DÍAS ;0000000817;0000001412;0000000817;0000001221;50;142;8;9;50;142;8;9
0;CLIENTE;Condición de Pago;CondicionPago;9;45 DÍAS ;0000000491;0000000817;0000000491;0000001567;53;146;9;10;53;146;9;10
0;CLIENTE;Condición de Pago;CondicionPago;10;55 DÍAS ;n/a;n/a;n/a;0000002148;n/a;n/a;n/a;n/a;n/a;n/a;n/a;n/a
0;CLIENTE;Condición de Pago;CondicionPago;11;60 DÍAS ;1200000021;0000000436;1200000018;0000001920;58;149;10;n/a;58;149;10;n/a
0;CLIENTE;Condición de Pago;CondicionPago;12;65 DÍAS;n/a;n/a;n/a;n/a;n/a;n/a;n/a;n/a;n/a;n/a;n/a;n/a
0;CLIENTE;Condición de Pago;CondicionPago;13;70 DÍAS ;0000004531;n/a;n/a;n/a;n/a;n/a;n/a;n/a;n/a;n/a;n/a;n/a
0;CLIENTE;Condición de Pago;CondicionPago;14;75 DÍAS ;0000004357;0000001731;0000001829;n/a;59;151;n/a;n/a;59;151;n/a;n/a
0;CLIENTE;Condición de Pago;CondicionPago;15;90 DÍAS ;0000002271;0000002248;0000001646;0000001565;60;152;11;n/a;60;152;11;n/a
0;CLIENTE;Condición de Pago;CondicionPago;16;105 DÍAS ;n/a;n/a;n/a;n/a;61;153;n/a;n/a;61;153;n/a;n/a
0;CLIENTE;Condición de Pago;CondicionPago;17;120 DÍAS ;0000004219;0000000883;0000001809;0000001930;62;135;12;n/a;62;135;12;n/a
0;CLIENTE;Condición de Pago;CondicionPago;18;cruce de cuentas ;0000001020;0000002322;0000000982;0000000986;n/a;n/a;n/a;n/a;n/a;n/a;n/a;n/a
0;CLIENTE;Asesor Comercial;asesorComercial;1;TORRES ALAÑA PEDRO RAFAEL;0000000013;0000000013;0000000013;0000000013;N/A;N/A;N/A;N/A;N/A;N/A;N/A;N/A
0;CLIENTE;Asesor Comercial;asesorComercial;2;TOLEPU :: CUENCA RAMIREZ CHRISTYE MIREYA;0000000042;0000000042;0000000042;0000000042;N/A;N/A;N/A;N/A;N/A;N/A;N/A;N/A
0;CLIENTE;Asesor Comercial;asesorComercial;3;TOLEPU :: YU ANDRADE MAYLEN ESTEFANIA;0000000045;0000000045;0000000045;0000000045;N/A;N/A;N/A;N/A;N/A;N/A;N/A;N/A
0;CLIENTE;Asesor Comercial;asesorComercial;4;LOPEZ MACIAS BELLA BERENICE;0000000048;0000000048;0000000048;0000000048;N/A;N/A;N/A;N/A;N/A;N/A;N/A;N/A
0;CLIENTE;Asesor Comercial;asesorComercial;5;TOLEPU :: AVALOS MARTINEZ LORENA ALEXA;0000000075;0000000075;0000000075;0000000075;N/A;N/A;N/A;N/A;N/A;N/A;N/A;N/A
0;CLIENTE;Asesor Comercial;asesorComercial;6;TOLEPU :: ROMERO RUGEL KARINA PAOLA;0000000100;0000000100;0000000100;0000000100;N/A;N/A;N/A;N/A;N/A;N/A;N/A;N/A
0;CLIENTE;Asesor Comercial;asesorComercial;7;TOLEPU :: CAMACHO FLORES ISAAC ANDRES;0000000101;0000000101;0000000101;0000000101;N/A;N/A;N/A;N/A;N/A;N/A;N/A;N/A
0;CLIENTE;Asesor Comercial;asesorComercial;8;TOLEPU :: SALAZAR CARTAGENA LEYLA NATALIA;0000000116;0000000116;0000000116;0000000116;N/A;N/A;N/A;N/A;N/A;N/A;N/A;N/A
0;CLIENTE;Asesor Comercial;asesorComercial;9;TOLEPU :: AREVALO PASTUÑA ESTEFANIA ALEJANDRA;0000000127;0000000127;0000000127;0000000127;N/A;N/A;N/A;N/A;N/A;N/A;N/A;N/A
0;CLIENTE;Asesor Comercial;asesorComercial;10;TOLEPU :: SANCHEZ CRIOLLO MARIO DAVID;0000000128;0000000128;0000000128;0000000128;N/A;N/A;N/A;N/A;N/A;N/A;N/A;N/A
0;CLIENTE;Asesor Comercial;asesorComercial;11;TOLEPU :: HERNANDEZ OROCHENA FREDDY JOSE;0000000129;0000000129;0000000129;0000000129;N/A;N/A;N/A;N/A;N/A;N/A;N/A;N/A
0;CLIENTE;Asesor Comercial;asesorComercial;12;TOLEPU :: PANTALEON SALDAÑA ALLISON DENISSE;0000000133;0000000133;0000000133;0000000133;N/A;N/A;N/A;N/A;N/A;N/A;N/A;N/A
0;CLIENTE;Asesor Comercial;asesorComercial;13;TOLEPU :: ULLOA RODRÍGUEZ CINTHYA CAROLINA;0000000144;0000000144;0000000144;0000000144;N/A;N/A;N/A;N/A;N/A;N/A;N/A;N/A
0;CLIENTE;Asesor Comercial;asesorComercial;14;MONTALVO ARCOS RUTH LORENA;0000000162;0000000162;0000000162;0000000162;N/A;N/A;N/A;N/A;N/A;N/A;N/A;N/A
0;CLIENTE;Asesor Comercial;asesorComercial;15;RODAS BENAVIDES FANNY AMALIA;0000000237;0000000237;0000000237;0000000237;N/A;N/A;N/A;N/A;N/A;N/A;N/A;N/A
0;CLIENTE;Asesor Comercial;asesorComercial;16;AULLA ALLAUCA MONICA ALEXANDRA;0000000289;0000000289;0000000289;0000000289;N/A;N/A;N/A;N/A;N/A;N/A;N/A;N/A
0;CLIENTE;Asesor Comercial;asesorComercial;17;HERRERA ZAMBRANO LORENA MARICELA;0000000324;0000000324;0000000324;0000000324;N/A;N/A;N/A;N/A;N/A;N/A;N/A;N/A
0;CLIENTE;Asesor Comercial;asesorComercial;18;ESPINOZA MORA MARIA LISSETE;0000000407;0000000407;0000000407;0000000407;N/A;N/A;N/A;N/A;N/A;N/A;N/A;N/A
0;CLIENTE;Asesor Comercial;asesorComercial;19;SILVA CABRERA VANESSA LISSETTE;0000000462;0000000462;0000000462;0000000462;N/A;N/A;N/A;N/A;N/A;N/A;N/A;N/A
0;CLIENTE;Asesor Comercial;asesorComercial;20;MARTILLO NIETO FABIOLA ROSA;0000000464;0000000464;0000000464;0000000464;N/A;N/A;N/A;N/A;N/A;N/A;N/A;N/A
0;CLIENTE;Asesor Comercial;asesorComercial;21;AZUA CARVAJAL MARIA GABRIELA;0000000594;0000000594;0000000594;0000000594;N/A;N/A;N/A;N/A;N/A;N/A;N/A;N/A
0;CLIENTE;Asesor Comercial;asesorComercial;22;CUADRO ITURRALDE WALTER LUIS;0000000863;0000000863;0000000863;0000000863;N/A;N/A;N/A;N/A;N/A;N/A;N/A;N/A
0;CLIENTE;Asesor Comercial;asesorComercial;23;BASANTES PABON JORGE PATRICIO;0000000875;0000000875;0000000875;0000000875;N/A;N/A;N/A;N/A;N/A;N/A;N/A;N/A
0;CLIENTE;Asesor Comercial;asesorComercial;24;FIGUEROA CUERO CILIA ISABEL;0000001009;0000001009;0000001009;0000001009;N/A;N/A;N/A;N/A;N/A;N/A;N/A;N/A
0;CLIENTE;Asesor Comercial;asesorComercial;25;RUIZ BARZOLA ANTHONY ALEXANDER;0000001020;0000001020;0000001020;0000001020;N/A;N/A;N/A;N/A;N/A;N/A;N/A;N/A
0;CLIENTE;Asesor Comercial;asesorComercial;26;VILLAVICENCIO PESANTEZ DIANA ANTONELLA;0000001084;0000001084;0000001084;0000001084;N/A;N/A;N/A;N/A;N/A;N/A;N/A;N/A
0;CLIENTE;Asesor Comercial;asesorComercial;27;PARA FACTURACION;9999999996;9999999996;9999999996;9999999996;N/A;N/A;N/A;N/A;N/A;N/A;N/A;N/A
0;CLIENTE;Asesor Comercial;asesorComercial;28;AGENTE;9999999997;9999999997;9999999997;9999999997;N/A;N/A;N/A;N/A;N/A;N/A;N/A;N/A
0;CLIENTE;Asesor Comercial;asesorComercial;29;FREEHAND;9999999998;9999999998;9999999998;9999999998;N/A;N/A;N/A;N/A;N/A;N/A;N/A;N/A
0;CLIENTE;Asesor Comercial;asesorComercial;30;SIN ASESOR;9999999999;9999999999;9999999999;9999999999;N/A;N/A;N/A;N/A;N/A;N/A;N/A;N/A
0;CLIENTE;Asesor Comercial;asesorComercial;31;CIATEITE :: MORETA TOMSICH FAUSTO ALVARO;CIA0000014;CIA0000014;CIA0000014;CIA0000014;N/A;N/A;N/A;N/A;N/A;N/A;N/A;N/A
0;CLIENTE;Asesor Comercial;asesorComercial;32;CIATEITE :: YCAZA ZEA MARIA FERNANDA;CIA0000339;CIA0000339;CIA0000339;CIA0000339;N/A;N/A;N/A;N/A;N/A;N/A;N/A;N/A
0;CLIENTE;Asesor Comercial;asesorComercial;33;CIATEITE :: HERRERA PARRA CARLOS GEOVANNY;CIA0000945;CIA0000945;CIA0000945;CIA0000945;N/A;N/A;N/A;N/A;N/A;N/A;N/A;N/A
0;CLIENTE;Término Reembolso;TerminoReembolso;1;CONTADO;0000000087;0000000087;0000000087;0000000087;n/a;n/a;n/a;n/a;n/a;n/a;n/a;n/a
0;CLIENTE;Término Reembolso;TerminoReembolso;2;7 DÍAS ;0000000838;0000000838;0000000838;0000001581;n/a;n/a;n/a;n/a;n/a;n/a;n/a;n/a
0;CLIENTE;Término Reembolso;TerminoReembolso;3;8 DÍAS ;0000000883;0000000883;0000000883;0000001068;n/a;n/a;n/a;n/a;n/a;n/a;n/a;n/a
0;CLIENTE;Término Reembolso;TerminoReembolso;4;10 DÍAS ;0000001166;0000001412;0000001412;0000001209;n/a;n/a;n/a;n/a;n/a;n/a;n/a;n/a
0;CLIENTE;Término Reembolso;TerminoReembolso;5;15 DÍAS ;0000000088;0000000088;0000000088;0000000962;n/a;n/a;n/a;n/a;n/a;n/a;n/a;n/a
0;CLIENTE;Término Reembolso;TerminoReembolso;6;20 DÍAS;0000000886;0000000886;0000000886;0000001295;n/a;n/a;n/a;n/a;n/a;n/a;n/a;n/a
0;CLIENTE;Término Reembolso;TerminoReembolso;7;21 DÍAS ;0000001048;0000001535;0000001877;0000001922;n/a;n/a;n/a;n/a;n/a;n/a;n/a;n/a
0;CLIENTE;Término Reembolso;TerminoReembolso;8;30 DÍAS ;0000000817;0000000817;0000000817;0000001221;n/a;n/a;n/a;n/a;n/a;n/a;n/a;n/a
0;CLIENTE;Término Reembolso;TerminoReembolso;9;45 DÍAS ;0000000491;0000000491;0000000491;0000001567;n/a;n/a;n/a;n/a;n/a;n/a;n/a;n/a
0;CLIENTE;Término Reembolso;TerminoReembolso;10;55 DÍAS ;n/a;n/a;n/a;0000002148;n/a;n/a;n/a;n/a;n/a;n/a;n/a;n/a
0;CLIENTE;Término Reembolso;TerminoReembolso;11;60 DÍAS ;1200000021;1200000018;1200000018;0000001920;n/a;n/a;n/a;n/a;n/a;n/a;n/a;n/a
0;CLIENTE;Término Reembolso;TerminoReembolso;12;65 DÍAS;n/a;n/a;n/a;n/a;n/a;n/a;n/a;n/a;n/a;n/a;n/a;n/a
0;CLIENTE;Término Reembolso;TerminoReembolso;13;70 DÍAS ;0000004531;n/a;n/a;n/a;n/a;n/a;n/a;n/a;n/a;n/a;n/a;n/a
0;CLIENTE;Término Reembolso;TerminoReembolso;14;75 DÍAS ;0000004357;0000002354;0000001829;n/a;n/a;n/a;n/a;n/a;n/a;n/a;n/a;n/a
0;CLIENTE;Término Reembolso;TerminoReembolso;15;90 DÍAS ;0000002271;0000001731;0000001646;0000001565;n/a;n/a;n/a;n/a;n/a;n/a;n/a;n/a
0;CLIENTE;Término Reembolso;TerminoReembolso;16;105 DÍAS ;n/a;n/a;n/a;n/a;n/a;n/a;n/a;n/a;n/a;n/a;n/a;n/a
0;CLIENTE;Término Reembolso;TerminoReembolso;17;120 DÍAS ;0000004219;0000002322;0000001809;0000001930;n/a;n/a;n/a;n/a;n/a;n/a;n/a;n/a
0;CLIENTE;Término Reembolso;TerminoReembolso;18;cruce de cuentas ;0000001020;0000000982;0000000982;0000000986;n/a;n/a;n/a;n/a;n/a;n/a;n/a;n/a
0;CLIENTE;Grupo;GrupoID;1;001 ALIPERRO;0000000151;n/a;n/a;n/a;n/a;n/a;n/a;n/a;n/a;n/a;n/a;n/a
0;CLIENTE;Grupo;GrupoID;2;001 ASMI QUIMICA;0000000325;n/a;n/a;n/a;n/a;n/a;n/a;n/a;n/a;n/a;n/a;n/a
0;CLIENTE;Grupo;GrupoID;3;001 GRUPO AQUASERVICE;0000000175;n/a;n/a;n/a;n/a;n/a;n/a;n/a;n/a;n/a;n/a;n/a
0;CLIENTE;Grupo;GrupoID;4;001 GRUPO AUDIOELEC;0000000150;n/a;n/a;n/a;n/a;n/a;n/a;n/a;n/a;n/a;n/a;n/a
0;CLIENTE;Grupo;GrupoID;5;001 GRUPO DHL;0000000166;n/a;n/a;n/a;n/a;n/a;n/a;n/a;n/a;n/a;n/a;n/a
0;CLIENTE;Grupo;GrupoID;6;001 GRUPO ELBE;0000000323;n/a;n/a;n/a;n/a;n/a;n/a;n/a;n/a;n/a;n/a;n/a
0;CLIENTE;Grupo;GrupoID;7;001 GRUPO GALAIMPORTACIONES;n/a;0000000173;n/a;n/a;n/a;n/a;n/a;n/a;n/a;n/a;n/a;n/a
0;CLIENTE;Grupo;GrupoID;8;001 GRUPO GRUPASA;0000000137;n/a;n/a;n/a;n/a;n/a;n/a;n/a;n/a;n/a;n/a;n/a
0;CLIENTE;Grupo;GrupoID;9;001 GRUPO IMPORTRAILER;0000000131;n/a;n/a;n/a;n/a;n/a;n/a;n/a;n/a;n/a;n/a;n/a
0;CLIENTE;Grupo;GrupoID;10;001 GRUPO INDUSTRIAS ALES;0000000200;n/a;n/a;n/a;n/a;n/a;n/a;n/a;n/a;n/a;n/a;n/a
0;CLIENTE;Grupo;GrupoID;11;001 GRUPO MILLENNIAL;0000000165;n/a;n/a;n/a;n/a;n/a;n/a;n/a;n/a;n/a;n/a;n/a
0;CLIENTE;Grupo;GrupoID;12;001 GRUPO NORMATEC;0000000127;n/a;n/a;n/a;n/a;n/a;n/a;n/a;n/a;n/a;n/a;n/a
0;CLIENTE;Grupo;GrupoID;13;001 GRUPO PROVEFRUT;0000000132;n/a;n/a;n/a;n/a;n/a;n/a;n/a;n/a;n/a;n/a;n/a
0;CLIENTE;Grupo;GrupoID;14;001 GRUPO SAMAY;0000000326;n/a;n/a;n/a;n/a;n/a;n/a;n/a;n/a;n/a;n/a;n/a
0;CLIENTE;Grupo;GrupoID;15;001 GRUPO TOLEPU;0000000139;n/a;n/a;0000000011;n/a;n/a;n/a;n/a;n/a;n/a;n/a;n/a
0;CLIENTE;Grupo;GrupoID;16;001 MONCAYO&ROGIERO;0000000143;n/a;n/a;n/a;n/a;n/a;n/a;n/a;n/a;n/a;n/a;n/a
0;CLIENTE;Grupo;GrupoID;17;001- ESTUDIO LEGALSA & ASOCIADOS;0000000141;n/a;n/a;n/a;n/a;n/a;n/a;n/a;n/a;n/a;n/a;n/a
0;CLIENTE;Grupo;GrupoID;18;001- GOLDENBRIGE;0000000142;n/a;n/a;n/a;n/a;n/a;n/a;n/a;n/a;n/a;n/a;n/a
0;CLIENTE;Grupo;GrupoID;19;001- GRUPO ALLXERCOMP;0000000164;n/a;n/a;n/a;n/a;n/a;n/a;n/a;n/a;n/a;n/a;n/a
0;CLIENTE;Grupo;GrupoID;20;001- GRUPO SUEÑO DE LOS ANDES;0000000134;n/a;n/a;n/a;n/a;n/a;n/a;n/a;n/a;n/a;n/a;n/a
0;CLIENTE;Grupo;GrupoID;21;001- GRUPO THERMOCONT;0000000162;n/a;n/a;n/a;n/a;n/a;n/a;n/a;n/a;n/a;n/a;n/a
0;CLIENTE;Grupo;GrupoID;22;001-GRUPO CARTIMEX;0000000163;n/a;n/a;n/a;n/a;n/a;n/a;n/a;n/a;n/a;n/a;n/a
0;CLIENTE;Grupo;GrupoID;23;ALPHATRADING CIA. LTDA.;0000000021;n/a;n/a;n/a;n/a;n/a;n/a;n/a;n/a;n/a;n/a;n/a
0;CLIENTE;Grupo;GrupoID;24;ARCA CONTINENTAL ECUADOR;0000000254;n/a;n/a;n/a;n/a;n/a;n/a;n/a;n/a;n/a;n/a;n/a
0;CLIENTE;Grupo;GrupoID;25;AZUCARERA VALDEZ;0000000298;n/a;n/a;n/a;n/a;n/a;n/a;n/a;n/a;n/a;n/a;n/a
0;CLIENTE;Grupo;GrupoID;26;BIO-ELECTRONICA;0000000024;n/a;n/a;n/a;n/a;n/a;n/a;n/a;n/a;n/a;n/a;n/a
0;CLIENTE;Grupo;GrupoID;27;BOFLEX;0000000310;n/a;n/a;n/a;n/a;n/a;n/a;n/a;n/a;n/a;n/a;n/a
0;CLIENTE;Grupo;GrupoID;28;CABLECOMSA - MARTEL;0000000221;n/a;n/a;n/a;n/a;n/a;n/a;n/a;n/a;n/a;n/a;n/a
0;CLIENTE;Grupo;GrupoID;29;CACAOS FINOS ECUATORIANOS S.A. CAFIESA;0000000247;n/a;n/a;n/a;n/a;n/a;n/a;n/a;n/a;n/a;n/a;n/a
0;CLIENTE;Grupo;GrupoID;30;CAPS INTERNACIONAL;0000000207;n/a;n/a;n/a;n/a;n/a;n/a;n/a;n/a;n/a;n/a;n/a
0;CLIENTE;Grupo;GrupoID;31;CARGILL DEL ECUADOR;0000000209;n/a;n/a;n/a;n/a;n/a;n/a;n/a;n/a;n/a;n/a;n/a
0;CLIENTE;Grupo;GrupoID;32;CARLOS GUZMAN;0000000284;n/a;n/a;n/a;n/a;n/a;n/a;n/a;n/a;n/a;n/a;n/a
0;CLIENTE;Grupo;GrupoID;33;CESAR TORRES;0000000169;n/a;n/a;n/a;n/a;n/a;n/a;n/a;n/a;n/a;n/a;n/a
0;CLIENTE;Grupo;GrupoID;34;COMERCIALIZADORA AUTOLINE S.A.;0000000025;n/a;n/a;n/a;n/a;n/a;n/a;n/a;n/a;n/a;n/a;n/a
0;CLIENTE;Grupo;GrupoID;35;CONSORCIO ABEDRABBO;0000000222;n/a;n/a;n/a;n/a;n/a;n/a;n/a;n/a;n/a;n/a;n/a
0;CLIENTE;Grupo;GrupoID;36;CONSORCIO PUERTO LIMPIO;0000000248;n/a;n/a;n/a;n/a;n/a;n/a;n/a;n/a;n/a;n/a;n/a
0;CLIENTE;Grupo;GrupoID;37;CORA REFRIGERACION;0000000192;n/a;n/a;n/a;n/a;n/a;n/a;n/a;n/a;n/a;n/a;n/a
0;CLIENTE;Grupo;GrupoID;38;CORP. GRANDA;0000000313;n/a;n/a;n/a;n/a;n/a;n/a;n/a;n/a;n/a;n/a;n/a
0;CLIENTE;Grupo;GrupoID;39;CORRUGADORA NACIONAL CRANSA S.A.;0000000237;n/a;n/a;n/a;n/a;n/a;n/a;n/a;n/a;n/a;n/a;n/a
0;CLIENTE;Grupo;GrupoID;40;DANNY MUÑOZ;0000000274;n/a;n/a;n/a;n/a;n/a;n/a;n/a;n/a;n/a;n/a;n/a
0;CLIENTE;Grupo;GrupoID;41;DANNY MUÑOZ;0000000309;n/a;n/a;n/a;n/a;n/a;n/a;n/a;n/a;n/a;n/a;n/a
0;CLIENTE;Grupo;GrupoID;42;DIAYESFRANK;0000000281;n/a;n/a;n/a;n/a;n/a;n/a;n/a;n/a;n/a;n/a;n/a
0;CLIENTE;Grupo;GrupoID;43;EDUARDO FRUTOS;0000000303;n/a;n/a;n/a;n/a;n/a;n/a;n/a;n/a;n/a;n/a;n/a
0;CLIENTE;Grupo;GrupoID;44;ENVIRONMENTAL PRODUCTS & ADVICE ENVIPROAD S.A.;0000000271;n/a;n/a;n/a;n/a;n/a;n/a;n/a;n/a;n/a;n/a;n/a
0;CLIENTE;Grupo;GrupoID;45;EQUIPEINSU;0000000231;n/a;n/a;n/a;n/a;n/a;n/a;n/a;n/a;n/a;n/a;n/a
0;CLIENTE;Grupo;GrupoID;46;ESTRID S.A  ESTRIDSA;0000000019;n/a;n/a;n/a;n/a;n/a;n/a;n/a;n/a;n/a;n/a;n/a
0;CLIENTE;Grupo;GrupoID;47;FUTURCORP S.A.;0000000018;n/a;n/a;n/a;n/a;n/a;n/a;n/a;n/a;n/a;n/a;n/a
0;CLIENTE;Grupo;GrupoID;48;GENERAL;n/a;0000000001;0000000001;n/a;n/a;n/a;n/a;n/a;n/a;n/a;n/a;n/a
0;CLIENTE;Grupo;GrupoID;49;General;0000000001;n/a;n/a;n/a;n/a;n/a;n/a;n/a;n/a;n/a;n/a;n/a
0;CLIENTE;Grupo;GrupoID;50;GLOBEXPSA S.A.;0000000023;n/a;n/a;n/a;n/a;n/a;n/a;n/a;n/a;n/a;n/a;n/a
0;CLIENTE;Grupo;GrupoID;51;GRANOTEC;0000000218;n/a;n/a;n/a;n/a;n/a;n/a;n/a;n/a;n/a;n/a;n/a
0;CLIENTE;Grupo;GrupoID;52;GRUPO  IMPOREPCAR;n/a;0000000002;n/a;n/a;n/a;n/a;n/a;n/a;n/a;n/a;n/a;n/a
0;CLIENTE;Grupo;GrupoID;53;GRUPO  NESTLE;n/a;n/a;0000000032;n/a;n/a;n/a;n/a;n/a;n/a;n/a;n/a;n/a
0;CLIENTE;Grupo;GrupoID;54;GRUPO  SYTSA;0000000160;n/a;n/a;n/a;n/a;n/a;n/a;n/a;n/a;n/a;n/a;n/a
0;CLIENTE;Grupo;GrupoID;55;GRUPO ACFABRICS;0000000295;0000000003;n/a;n/a;n/a;n/a;n/a;n/a;n/a;n/a;n/a;n/a
0;CLIENTE;Grupo;GrupoID;56;GRUPO ACQUADOR;0000000144;n/a;n/a;n/a;n/a;n/a;n/a;n/a;n/a;n/a;n/a;n/a
0;CLIENTE;Grupo;GrupoID;57;GRUPO ADRALI;0000000040;n/a;n/a;n/a;n/a;n/a;n/a;n/a;n/a;n/a;n/a;n/a
0;CLIENTE;Grupo;GrupoID;58;GRUPO AEROACTA;0000000115;n/a;n/a;n/a;n/a;n/a;n/a;n/a;n/a;n/a;n/a;n/a
0;CLIENTE;Grupo;GrupoID;59;GRUPO AEROMORONA;0000000188;n/a;n/a;n/a;n/a;n/a;n/a;n/a;n/a;n/a;n/a;n/a
0;CLIENTE;Grupo;GrupoID;60;GRUPO AGENCORPSA;0000000153;n/a;n/a;n/a;n/a;n/a;n/a;n/a;n/a;n/a;n/a;n/a
0;CLIENTE;Grupo;GrupoID;61;GRUPO AGRITOP-AIFA;0000000121;n/a;n/a;n/a;n/a;n/a;n/a;n/a;n/a;n/a;n/a;n/a
0;CLIENTE;Grupo;GrupoID;62;GRUPO AGROAEREO;0000000086;n/a;n/a;n/a;n/a;n/a;n/a;n/a;n/a;n/a;n/a;n/a
0;CLIENTE;Grupo;GrupoID;63;GRUPO AGROAZUCAR;0000000272;n/a;n/a;n/a;n/a;n/a;n/a;n/a;n/a;n/a;n/a;n/a
0;CLIENTE;Grupo;GrupoID;64;GRUPO AGROPERKINS;0000000224;n/a;n/a;n/a;n/a;n/a;n/a;n/a;n/a;n/a;n/a;n/a
0;CLIENTE;Grupo;GrupoID;65;GRUPO AIFA;n/a;0000000004;n/a;n/a;n/a;n/a;n/a;n/a;n/a;n/a;n/a;n/a
0;CLIENTE;Grupo;GrupoID;66;GRUPO AIR TRANS COURRIER;0000000135;;n/a;n/a;n/a;n/a;n/a;n/a;n/a;n/a;n/a;n/a
0;CLIENTE;Grupo;GrupoID;67;GRUPO AISLATEC;0000000038;0000000005;n/a;n/a;n/a;n/a;n/a;n/a;n/a;n/a;n/a;n/a
0;CLIENTE;Grupo;GrupoID;68;GRUPO AJECUADOR;0000000199;n/a;n/a;n/a;n/a;n/a;n/a;n/a;n/a;n/a;n/a;n/a
0;CLIENTE;Grupo;GrupoID;69;GRUPO ALARM SYS;n/a;0000000006;n/a;n/a;n/a;n/a;n/a;n/a;n/a;n/a;n/a;n/a
0;CLIENTE;Grupo;GrupoID;70;GRUPO ALARM SYSTEMS;0000000225;n/a;n/a;n/a;n/a;n/a;n/a;n/a;n/a;n/a;n/a;n/a
0;CLIENTE;Grupo;GrupoID;71;GRUPO ALDEBERAN;0000000095;n/a;n/a;n/a;n/a;n/a;n/a;n/a;n/a;n/a;n/a;n/a
0;CLIENTE;Grupo;GrupoID;72;GRUPO ALICORP;0000000087;n/a;n/a;n/a;n/a;n/a;n/a;n/a;n/a;n/a;n/a;n/a
0;CLIENTE;Grupo;GrupoID;73;GRUPO AMC;0000000223;0000000007;n/a;n/a;n/a;n/a;n/a;n/a;n/a;n/a;n/a;n/a
0;CLIENTE;Grupo;GrupoID;74;GRUPO APACSA;0000000210;n/a;n/a;n/a;n/a;n/a;n/a;n/a;n/a;n/a;n/a;n/a
0;CLIENTE;Grupo;GrupoID;75;GRUPO APY;n/a;0000000008;n/a;n/a;n/a;n/a;n/a;n/a;n/a;n/a;n/a;n/a
0;CLIENTE;Grupo;GrupoID;76;GRUPO ARCA;n/a;n/a;0000000029;n/a;n/a;n/a;n/a;n/a;n/a;n/a;n/a;n/a
0;CLIENTE;Grupo;GrupoID;77;GRUPO ARCA CONTINENTAL;n/a;0000000009;n/a;n/a;n/a;n/a;n/a;n/a;n/a;n/a;n/a;n/a
0;CLIENTE;Grupo;GrupoID;78;GRUPO ARCA-TONICORP;0000000253;n/a;n/a;n/a;n/a;n/a;n/a;n/a;n/a;n/a;n/a;n/a
0;CLIENTE;Grupo;GrupoID;79;GRUPO ARCGOLD -MC DONALD;0000000172;n/a;n/a;n/a;n/a;n/a;n/a;n/a;n/a;n/a;n/a;n/a
0;CLIENTE;Grupo;GrupoID;80;GRUPO ARISIN;n/a;0000000010;n/a;n/a;n/a;n/a;n/a;n/a;n/a;n/a;n/a;n/a
0;CLIENTE;Grupo;GrupoID;81;GRUPO ARSOEL;0000000226;n/a;n/a;n/a;n/a;n/a;n/a;n/a;n/a;n/a;n/a;n/a
0;CLIENTE;Grupo;GrupoID;82;GRUPO ARTEPISO;0000000181;n/a;n/a;n/a;n/a;n/a;n/a;n/a;n/a;n/a;n/a;n/a
0;CLIENTE;Grupo;GrupoID;83;GRUPO ASO-AVICOLAS;0000000213;n/a;n/a;n/a;n/a;n/a;n/a;n/a;n/a;n/a;n/a;n/a
0;CLIENTE;Grupo;GrupoID;84;GRUPO AUDIOELEC;n/a;0000000011;n/a;n/a;n/a;n/a;n/a;n/a;n/a;n/a;n/a;n/a
0;CLIENTE;Grupo;GrupoID;85;GRUPO AUTEC;0000000041;n/a;n/a;n/a;n/a;n/a;n/a;n/a;n/a;n/a;n/a;n/a
0;CLIENTE;Grupo;GrupoID;86;GRUPO AUTOGLAS;0000000047;n/a;n/a;n/a;n/a;n/a;n/a;n/a;n/a;n/a;n/a;n/a
0;CLIENTE;Grupo;GrupoID;87;GRUPO AUTOLIDER;0000000147;n/a;n/a;n/a;n/a;n/a;n/a;n/a;n/a;n/a;n/a;n/a
0;CLIENTE;Grupo;GrupoID;88;GRUPO AUTOLIDER;0000000174;n/a;n/a;n/a;n/a;n/a;n/a;n/a;n/a;n/a;n/a;n/a
0;CLIENTE;Grupo;GrupoID;89;GRUPO BARCIA;0000000262;n/a;n/a;n/a;n/a;n/a;n/a;n/a;n/a;n/a;n/a;n/a
0;CLIENTE;Grupo;GrupoID;90;GRUPO BASESUR;0000000091;n/a;n/a;n/a;n/a;n/a;n/a;n/a;n/a;n/a;n/a;n/a
0;CLIENTE;Grupo;GrupoID;91;GRUPO BERLIN;0000000156;0000000012;0000000015;n/a;n/a;n/a;n/a;n/a;n/a;n/a;n/a;n/a
0;CLIENTE;Grupo;GrupoID;92;GRUPO BIOFEEDER;0000000319;n/a;n/a;n/a;n/a;n/a;n/a;n/a;n/a;n/a;n/a;n/a
0;CLIENTE;Grupo;GrupoID;93;GRUPO BOLIVAR PEÑAHERRERA;0000000070;n/a;n/a;n/a;n/a;n/a;n/a;n/a;n/a;n/a;n/a;n/a
0;CLIENTE;Grupo;GrupoID;94;GRUPO BONANZA FRUIT;0000000063;n/a;n/a;n/a;n/a;n/a;n/a;n/a;n/a;n/a;n/a;n/a
0;CLIENTE;Grupo;GrupoID;95;GRUPO BOTROSA;0000000039;n/a;n/a;n/a;n/a;n/a;n/a;n/a;n/a;n/a;n/a;n/a
0;CLIENTE;Grupo;GrupoID;96;GRUPO BOWEN ANDRADE RICARDO;0000000042;n/a;n/a;n/a;n/a;n/a;n/a;n/a;n/a;n/a;n/a;n/a
0;CLIENTE;Grupo;GrupoID;97;GRUPO BTELASA;0000000119;0000000013;n/a;n/a;n/a;n/a;n/a;n/a;n/a;n/a;n/a;n/a
0;CLIENTE;Grupo;GrupoID;98;GRUPO BURNEO CARRION;0000000101;0000000014;n/a;n/a;n/a;n/a;n/a;n/a;n/a;n/a;n/a;n/a
0;CLIENTE;Grupo;GrupoID;99;GRUPO BURNEO CARRION;0000000307;n/a;n/a;n/a;n/a;n/a;n/a;n/a;n/a;n/a;n/a;n/a
0;CLIENTE;Grupo;GrupoID;100;GRUPO CACIE;0000000056;n/a;n/a;n/a;n/a;n/a;n/a;n/a;n/a;n/a;n/a;n/a
0;CLIENTE;Grupo;GrupoID;101;GRUPO CADROMELL;0000000128;n/a;n/a;n/a;n/a;n/a;n/a;n/a;n/a;n/a;n/a;n/a
0;CLIENTE;Grupo;GrupoID;102;GRUPO CAMPUZANO;0000000075;n/a;n/a;n/a;n/a;n/a;n/a;n/a;n/a;n/a;n/a;n/a
0;CLIENTE;Grupo;GrupoID;103;GRUPO CARGILL;n/a;0000000015;n/a;n/a;n/a;n/a;n/a;n/a;n/a;n/a;n/a;n/a
0;CLIENTE;Grupo;GrupoID;104;GRUPO CARMIRANDA;0000000111;0000000016;n/a;n/a;n/a;n/a;n/a;n/a;n/a;n/a;n/a;n/a
0;CLIENTE;Grupo;GrupoID;105;GRUPO CARTIMEX;n/a;0000000017;n/a;n/a;n/a;n/a;n/a;n/a;n/a;n/a;n/a;n/a
0;CLIENTE;Grupo;GrupoID;106;GRUPO CASSIAN;0000000092;0000000018;0000000031;n/a;n/a;n/a;n/a;n/a;n/a;n/a;n/a;n/a
0;CLIENTE;Grupo;GrupoID;107;GRUPO CASTILLO ;n/a;0000000019;n/a;n/a;n/a;n/a;n/a;n/a;n/a;n/a;n/a;n/a
0;CLIENTE;Grupo;GrupoID;108;GRUPO CEGACORP;0000000028;0000000020;n/a;n/a;n/a;n/a;n/a;n/a;n/a;n/a;n/a;n/a
0;CLIENTE;Grupo;GrupoID;109;GRUPO CENTROMAR;0000000170;n/a;n/a;n/a;n/a;n/a;n/a;n/a;n/a;n/a;n/a;n/a
0;CLIENTE;Grupo;GrupoID;110;GRUPO CIAPROMASE;0000000112;n/a;n/a;n/a;n/a;n/a;n/a;n/a;n/a;n/a;n/a;n/a
0;CLIENTE;Grupo;GrupoID;111;GRUPO CIERPRONTI;0000000149;n/a;n/a;n/a;n/a;n/a;n/a;n/a;n/a;n/a;n/a;n/a
0;CLIENTE;Grupo;GrupoID;112;GRUPO CIMFA;0000000029;n/a;n/a;n/a;n/a;n/a;n/a;n/a;n/a;n/a;n/a;n/a
0;CLIENTE;Grupo;GrupoID;113;GRUPO CLARO;0000000205;n/a;n/a;n/a;n/a;n/a;n/a;n/a;n/a;n/a;n/a;n/a
0;CLIENTE;Grupo;GrupoID;114;GRUPO CLISA;n/a;n/a;0000000011;n/a;n/a;n/a;n/a;n/a;n/a;n/a;n/a;n/a
0;CLIENTE;Grupo;GrupoID;115;GRUPO CODEMET;0000000214;0000000021;n/a;n/a;n/a;n/a;n/a;n/a;n/a;n/a;n/a;n/a
0;CLIENTE;Grupo;GrupoID;116;GRUPO COLONCORP-HOTEL COLON;0000000046;n/a;n/a;n/a;n/a;n/a;n/a;n/a;n/a;n/a;n/a;n/a
0;CLIENTE;Grupo;GrupoID;117;GRUPO COMERICA;0000000055;0000000022;0000000012;n/a;n/a;n/a;n/a;n/a;n/a;n/a;n/a;n/a
0;CLIENTE;Grupo;GrupoID;118;GRUPO COMISARIATO DEL ASEO;0000000265;n/a;n/a;n/a;n/a;n/a;n/a;n/a;n/a;n/a;n/a;n/a
0;CLIENTE;Grupo;GrupoID;119;GRUPO CONFITECA;0000000260;n/a;n/a;n/a;n/a;n/a;n/a;n/a;n/a;n/a;n/a;n/a
0;CLIENTE;Grupo;GrupoID;120;GRUPO COPACIGULF;0000000212;n/a;n/a;n/a;n/a;n/a;n/a;n/a;n/a;n/a;n/a;n/a
0;CLIENTE;Grupo;GrupoID;121;GRUPO CORA;n/a;0000000023;n/a;n/a;n/a;n/a;n/a;n/a;n/a;n/a;n/a;n/a
0;CLIENTE;Grupo;GrupoID;122;GRUPO CORMIN;0000000084;n/a;n/a;n/a;n/a;n/a;n/a;n/a;n/a;n/a;n/a;n/a
0;CLIENTE;Grupo;GrupoID;123;GRUPO COSIDECO;0000000076;0000000024;0000000027;n/a;n/a;n/a;n/a;n/a;n/a;n/a;n/a;n/a
0;CLIENTE;Grupo;GrupoID;124;GRUPO COTZUL;0000000257;n/a;n/a;n/a;n/a;n/a;n/a;n/a;n/a;n/a;n/a;n/a
0;CLIENTE;Grupo;GrupoID;125;GRUPO DAFITSA;n/a;0000000025;n/a;n/a;n/a;n/a;n/a;n/a;n/a;n/a;n/a;n/a
0;CLIENTE;Grupo;GrupoID;126;GRUPO DAFITSA-POLO SPORT;0000000065;n/a;n/a;n/a;n/a;n/a;n/a;n/a;n/a;n/a;n/a;n/a
0;CLIENTE;Grupo;GrupoID;127;GRUPO DATAPRO;0000000146;n/a;n/a;n/a;n/a;n/a;n/a;n/a;n/a;n/a;n/a;n/a
0;CLIENTE;Grupo;GrupoID;128;GRUPO DEKORANDO;n/a;0000000026;n/a;n/a;n/a;n/a;n/a;n/a;n/a;n/a;n/a;n/a
0;CLIENTE;Grupo;GrupoID;129;GRUPO DELISODA-PEPSI COLA;0000000064;n/a;n/a;n/a;n/a;n/a;n/a;n/a;n/a;n/a;n/a;n/a
0;CLIENTE;Grupo;GrupoID;130;GRUPO DIBEAL;n/a;0000000027;0000000021;n/a;n/a;n/a;n/a;n/a;n/a;n/a;n/a;n/a
0;CLIENTE;Grupo;GrupoID;131;grupo dibeal;0000000148;n/a;n/a;n/a;n/a;n/a;n/a;n/a;n/a;n/a;n/a;n/a
0;CLIENTE;Grupo;GrupoID;132;GRUPO DIFARE;0000000012;0000000028;0000000005;n/a;n/a;n/a;n/a;n/a;n/a;n/a;n/a;n/a
0;CLIENTE;Grupo;GrupoID;133;GRUPO DIFARE;0000000045;n/a;n/a;n/a;n/a;n/a;n/a;n/a;n/a;n/a;n/a;n/a
0;CLIENTE;Grupo;GrupoID;134;GRUPO DIFERREC;n/a;0000000029;0000000033;n/a;n/a;n/a;n/a;n/a;n/a;n/a;n/a;n/a
0;CLIENTE;Grupo;GrupoID;135;GRUPO DIPASO;0000000060;0000000030;n/a;n/a;n/a;n/a;n/a;n/a;n/a;n/a;n/a;n/a
0;CLIENTE;Grupo;GrupoID;136;GRUPO DIPIUR-ZUO-ETHO;0000000114;n/a;n/a;n/a;n/a;n/a;n/a;n/a;n/a;n/a;n/a;n/a
0;CLIENTE;Grupo;GrupoID;137;GRUPO DISAROMATI;0000000085;n/a;n/a;n/a;n/a;n/a;n/a;n/a;n/a;n/a;n/a;n/a
0;CLIENTE;Grupo;GrupoID;138;GRUPO DISBREN;0000000059;n/a;n/a;n/a;n/a;n/a;n/a;n/a;n/a;n/a;n/a;n/a
0;CLIENTE;Grupo;GrupoID;139;GRUPO DISMA;0000000176;n/a;n/a;n/a;n/a;n/a;n/a;n/a;n/a;n/a;n/a;n/a
0;CLIENTE;Grupo;GrupoID;140;GRUPO DISVASARI;0000000120;n/a;n/a;n/a;n/a;n/a;n/a;n/a;n/a;n/a;n/a;n/a
0;CLIENTE;Grupo;GrupoID;141;GRUPO DITECA;0000000194;n/a;n/a;n/a;n/a;n/a;n/a;n/a;n/a;n/a;n/a;n/a
0;CLIENTE;Grupo;GrupoID;142;GRUPO DIVERSQUIM;0000000206;n/a;n/a;n/a;n/a;n/a;n/a;n/a;n/a;n/a;n/a;n/a
0;CLIENTE;Grupo;GrupoID;143;GRUPO DR JAIME MOYANO;0000000073;n/a;n/a;n/a;n/a;n/a;n/a;n/a;n/a;n/a;n/a;n/a
0;CLIENTE;Grupo;GrupoID;144;GRUPO DROCARAS;0000000282;n/a;n/a;n/a;n/a;n/a;n/a;n/a;n/a;n/a;n/a;n/a
0;CLIENTE;Grupo;GrupoID;145;GRUPO DSM;0000000286;0000000031;n/a;n/a;n/a;n/a;n/a;n/a;n/a;n/a;n/a;n/a
0;CLIENTE;Grupo;GrupoID;146;GRUPO ECLOGSA ;n/a;0000000032;n/a;n/a;n/a;n/a;n/a;n/a;n/a;n/a;n/a;n/a
0;CLIENTE;Grupo;GrupoID;147;GRUPO ECOPACSA;0000000057;n/a;n/a;n/a;n/a;n/a;n/a;n/a;n/a;n/a;n/a;n/a
0;CLIENTE;Grupo;GrupoID;148;GRUPO ECOPONDEROSA;0000000302;n/a;n/a;n/a;n/a;n/a;n/a;n/a;n/a;n/a;n/a;n/a
0;CLIENTE;Grupo;GrupoID;149;GRUPO ECUAINVESCORP;0000000129;n/a;0000000014;n/a;n/a;n/a;n/a;n/a;n/a;n/a;n/a;n/a
0;CLIENTE;Grupo;GrupoID;150;GRUPO ECUANAUTICA;0000000008;0000000033;n/a;n/a;n/a;n/a;n/a;n/a;n/a;n/a;n/a;n/a
0;CLIENTE;Grupo;GrupoID;151;GRUPO ECUAQUIMEX;0000000109;n/a;n/a;n/a;n/a;n/a;n/a;n/a;n/a;n/a;n/a;n/a
0;CLIENTE;Grupo;GrupoID;152;GRUPO ECUFONEMIRE;0000000264;n/a;n/a;n/a;n/a;n/a;n/a;n/a;n/a;n/a;n/a;n/a
0;CLIENTE;Grupo;GrupoID;153;GRUPO ELBE;n/a;0000000174;n/a;n/a;n/a;n/a;n/a;n/a;n/a;n/a;n/a;n/a
0;CLIENTE;Grupo;GrupoID;154;GRUPO ELITRADE;0000000155;n/a;n/a;n/a;n/a;n/a;n/a;n/a;n/a;n/a;n/a;n/a
0;CLIENTE;Grupo;GrupoID;155;GRUPO ELJURI;0000000236;n/a;n/a;n/a;n/a;n/a;n/a;n/a;n/a;n/a;n/a;n/a
0;CLIENTE;Grupo;GrupoID;156;GRUPO EMPROSERVIS;0000000117;n/a;n/a;n/a;n/a;n/a;n/a;n/a;n/a;n/a;n/a;n/a
0;CLIENTE;Grupo;GrupoID;157;GRUPO ENDESA;n/a;0000000034;n/a;n/a;n/a;n/a;n/a;n/a;n/a;n/a;n/a;n/a
0;CLIENTE;Grupo;GrupoID;158;GRUPO ENI;0000000240;n/a;n/a;n/a;n/a;n/a;n/a;n/a;n/a;n/a;n/a;n/a
0;CLIENTE;Grupo;GrupoID;159;GRUPO EQUITATIS;0000000089;n/a;n/a;n/a;n/a;n/a;n/a;n/a;n/a;n/a;n/a;n/a
0;CLIENTE;Grupo;GrupoID;160;GRUPO EQUITATIS HHI;n/a;0000000035;n/a;n/a;n/a;n/a;n/a;n/a;n/a;n/a;n/a;n/a
0;CLIENTE;Grupo;GrupoID;161;GRUPO EVERGREEN;0000000234;n/a;n/a;n/a;n/a;n/a;n/a;n/a;n/a;n/a;n/a;n/a
0;CLIENTE;Grupo;GrupoID;162;GRUPO EXPORTADORA LANGOSMAR;0000000152;n/a;n/a;n/a;n/a;n/a;n/a;n/a;n/a;n/a;n/a;n/a
0;CLIENTE;Grupo;GrupoID;163;GRUPO FABMER;n/a;0000000036;n/a;n/a;n/a;n/a;n/a;n/a;n/a;n/a;n/a;n/a
0;CLIENTE;Grupo;GrupoID;164;GRUPO FADESA;0000000306;0000000172;n/a;n/a;n/a;n/a;n/a;n/a;n/a;n/a;n/a;n/a
0;CLIENTE;Grupo;GrupoID;165;GRUPO FARMAVET;0000000204;0000000037;n/a;n/a;n/a;n/a;n/a;n/a;n/a;n/a;n/a;n/a
0;CLIENTE;Grupo;GrupoID;166;GRUPO FERRETERIA LEON;0000000061;n/a;n/a;n/a;n/a;n/a;n/a;n/a;n/a;n/a;n/a;n/a
0;CLIENTE;Grupo;GrupoID;167;GRUPO FIGUEROA;0000000173;n/a;n/a;n/a;n/a;n/a;n/a;n/a;n/a;n/a;n/a;n/a
0;CLIENTE;Grupo;GrupoID;168;GRUPO FORESCAN;0000000316;n/a;n/a;n/a;n/a;n/a;n/a;n/a;n/a;n/a;n/a;n/a
0;CLIENTE;Grupo;GrupoID;169;GRUPO FRENOPRECISO;0000000136;0000000038;0000000010;n/a;n/a;n/a;n/a;n/a;n/a;n/a;n/a;n/a
0;CLIENTE;Grupo;GrupoID;170;GRUPO GALAIMPORTACIONES;0000000289;n/a;n/a;n/a;n/a;n/a;n/a;n/a;n/a;n/a;n/a;n/a
0;CLIENTE;Grupo;GrupoID;171;GRUPO GALILTEC;0000000273;0000000039;n/a;n/a;n/a;n/a;n/a;n/a;n/a;n/a;n/a;n/a
0;CLIENTE;Grupo;GrupoID;172;GRUPO GARDENIA RECALDE;0000000113;n/a;n/a;n/a;n/a;n/a;n/a;n/a;n/a;n/a;n/a;n/a
0;CLIENTE;Grupo;GrupoID;173;GRUPO GARZOCI;0000000082;n/a;0000000016;n/a;n/a;n/a;n/a;n/a;n/a;n/a;n/a;n/a
0;CLIENTE;Grupo;GrupoID;174;GRUPO GERMANMOTORS;0000000124;n/a;n/a;n/a;n/a;n/a;n/a;n/a;n/a;n/a;n/a;n/a
0;CLIENTE;Grupo;GrupoID;175;GRUPO GESTARE;0000000276;0000000040;n/a;n/a;n/a;n/a;n/a;n/a;n/a;n/a;n/a;n/a
0;CLIENTE;Grupo;GrupoID;176;GRUPO GOLDENBRIGE;n/a;n/a;0000000023;n/a;n/a;n/a;n/a;n/a;n/a;n/a;n/a;n/a
0;CLIENTE;Grupo;GrupoID;177;GRUPO GPF;0000000258;n/a;n/a;n/a;n/a;n/a;n/a;n/a;n/a;n/a;n/a;n/a
0;CLIENTE;Grupo;GrupoID;178;GRUPO GRAIMAN;0000000246;n/a;n/a;n/a;n/a;n/a;n/a;n/a;n/a;n/a;n/a;n/a
0;CLIENTE;Grupo;GrupoID;179;GRUPO GRAN HOTEL GUAYAQUIL;0000000096;n/a;n/a;n/a;n/a;n/a;n/a;n/a;n/a;n/a;n/a;n/a
0;CLIENTE;Grupo;GrupoID;180;GRUPO GRUPASA;n/a;0000000041;n/a;n/a;n/a;n/a;n/a;n/a;n/a;n/a;n/a;n/a
0;CLIENTE;Grupo;GrupoID;181;GRUPO GUAPAN;0000000145;n/a;n/a;n/a;n/a;n/a;n/a;n/a;n/a;n/a;n/a;n/a
0;CLIENTE;Grupo;GrupoID;182;GRUPO GUMAXA;0000000185;n/a;n/a;n/a;n/a;n/a;n/a;n/a;n/a;n/a;n/a;n/a
0;CLIENTE;Grupo;GrupoID;183;GRUPO HANASKA;0000000263;0000000042;n/a;n/a;n/a;n/a;n/a;n/a;n/a;n/a;n/a;n/a
0;CLIENTE;Grupo;GrupoID;184;GRUPO HCJB LA VOZ DE LOS ANDES;0000000125;n/a;n/a;n/a;n/a;n/a;n/a;n/a;n/a;n/a;n/a;n/a
0;CLIENTE;Grupo;GrupoID;185;GRUPO HEMPEL;0000000280;n/a;n/a;n/a;n/a;n/a;n/a;n/a;n/a;n/a;n/a;n/a
0;CLIENTE;Grupo;GrupoID;186;GRUPO HIDROSA;0000000122;n/a;n/a;n/a;n/a;n/a;n/a;n/a;n/a;n/a;n/a;n/a
0;CLIENTE;Grupo;GrupoID;187;GRUPO HOLCIM;0000000227;0000000043;n/a;n/a;n/a;n/a;n/a;n/a;n/a;n/a;n/a;n/a
0;CLIENTE;Grupo;GrupoID;188;GRUPO HUAWEI;0000000279;0000000044;n/a;n/a;n/a;n/a;n/a;n/a;n/a;n/a;n/a;n/a
0;CLIENTE;Grupo;GrupoID;189;GRUPO IASA;n/a;0000000045;n/a;n/a;n/a;n/a;n/a;n/a;n/a;n/a;n/a;n/a
0;CLIENTE;Grupo;GrupoID;190;GRUPO ICO;0000000196;0000000046;n/a;n/a;n/a;n/a;n/a;n/a;n/a;n/a;n/a;n/a
0;CLIENTE;Grupo;GrupoID;191;GRUPO IMAR;0000000116;n/a;0000000008;n/a;n/a;n/a;n/a;n/a;n/a;n/a;n/a;n/a
0;CLIENTE;Grupo;GrupoID;192;GRUPO IMPLAPETSA;0000000314;n/a;n/a;n/a;n/a;n/a;n/a;n/a;n/a;n/a;n/a;n/a
0;CLIENTE;Grupo;GrupoID;193;GRUPO IMPORCERAMICA;0000000081;n/a;n/a;n/a;n/a;n/a;n/a;n/a;n/a;n/a;n/a;n/a
0;CLIENTE;Grupo;GrupoID;194;GRUPO IMPORDARCER;0000000171;n/a;n/a;n/a;n/a;n/a;n/a;n/a;n/a;n/a;n/a;n/a
0;CLIENTE;Grupo;GrupoID;195;GRUPO IMPOREPCAR;0000000288;n/a;0000000030;n/a;n/a;n/a;n/a;n/a;n/a;n/a;n/a;n/a
0;CLIENTE;Grupo;GrupoID;196;GRUPO IMPORLOPEZ;0000000327;0000000175;n/a;n/a;n/a;n/a;n/a;n/a;n/a;n/a;n/a;n/a
0;CLIENTE;Grupo;GrupoID;197;GRUPO IMPORMORA;n/a;0000000047;n/a;n/a;n/a;n/a;n/a;n/a;n/a;n/a;n/a;n/a
0;CLIENTE;Grupo;GrupoID;198;GRUPO IMPORMOSA, IMPORTADORA MORA S.A;0000000292;n/a;n/a;n/a;n/a;n/a;n/a;n/a;n/a;n/a;n/a;n/a
0;CLIENTE;Grupo;GrupoID;199;GRUPO INALECSA;0000000317;n/a;n/a;n/a;n/a;n/a;n/a;n/a;n/a;n/a;n/a;n/a
0;CLIENTE;Grupo;GrupoID;200;GRUPO INARPI;0000000277;n/a;n/a;n/a;n/a;n/a;n/a;n/a;n/a;n/a;n/a;n/a
0;CLIENTE;Grupo;GrupoID;201;GRUPO INDUCOLINA;0000000300;0000000048;n/a;n/a;n/a;n/a;n/a;n/a;n/a;n/a;n/a;n/a
0;CLIENTE;Grupo;GrupoID;202;GRUPO INDUGLOBAL;0000000259;n/a;n/a;n/a;n/a;n/a;n/a;n/a;n/a;n/a;n/a;n/a
0;CLIENTE;Grupo;GrupoID;203;GRUPO INDUSUR;0000000031;0000000049;n/a;n/a;n/a;n/a;n/a;n/a;n/a;n/a;n/a;n/a
0;CLIENTE;Grupo;GrupoID;204;GRUPO INDUWAGEN;0000000261;n/a;n/a;n/a;n/a;n/a;n/a;n/a;n/a;n/a;n/a;n/a
0;CLIENTE;Grupo;GrupoID;205;GRUPO INKGRAPH;0000000308;n/a;n/a;n/a;n/a;n/a;n/a;n/a;n/a;n/a;n/a;n/a
0;CLIENTE;Grupo;GrupoID;206;GRUPO INPROEL;0000000299;0000000050;n/a;n/a;n/a;n/a;n/a;n/a;n/a;n/a;n/a;n/a
0;CLIENTE;Grupo;GrupoID;207;GRUPO INTACO;0000000328;n/a;n/a;n/a;n/a;n/a;n/a;n/a;n/a;n/a;n/a;n/a
0;CLIENTE;Grupo;GrupoID;208;GRUPO INTERAGUA;0000000216;n/a;n/a;n/a;n/a;n/a;n/a;n/a;n/a;n/a;n/a;n/a
0;CLIENTE;Grupo;GrupoID;209;GRUPO ITABSA;0000000026;0000000051;0000000004;n/a;n/a;n/a;n/a;n/a;n/a;n/a;n/a;n/a
0;CLIENTE;Grupo;GrupoID;210;GRUPO ITALIMENTOS;0000000296;n/a;n/a;n/a;n/a;n/a;n/a;n/a;n/a;n/a;n/a;n/a
0;CLIENTE;Grupo;GrupoID;211;GRUPO JCEVCORP;n/a;n/a;0000000024;n/a;n/a;n/a;n/a;n/a;n/a;n/a;n/a;n/a
0;CLIENTE;Grupo;GrupoID;212;GRUPO KFIRIEGO;n/a;0000000052;n/a;n/a;n/a;n/a;n/a;n/a;n/a;n/a;n/a;n/a
0;CLIENTE;Grupo;GrupoID;213;GRUPO KRAFT;0000000004;n/a;n/a;n/a;n/a;n/a;n/a;n/a;n/a;n/a;n/a;n/a
0;CLIENTE;Grupo;GrupoID;214;GRUPO LA FABRIL;0000000052;0000000053;n/a;n/a;n/a;n/a;n/a;n/a;n/a;n/a;n/a;n/a
0;CLIENTE;Grupo;GrupoID;215;GRUPO LA FABRIL;0000000072;n/a;n/a;n/a;n/a;n/a;n/a;n/a;n/a;n/a;n/a;n/a
0;CLIENTE;Grupo;GrupoID;216;GRUPO LA GANGA;0000000180;0000000054;0000000018;n/a;n/a;n/a;n/a;n/a;n/a;n/a;n/a;n/a
0;CLIENTE;Grupo;GrupoID;217;GRUPO LA LLAVE;0000000195;n/a;n/a;n/a;n/a;n/a;n/a;n/a;n/a;n/a;n/a;n/a
0;CLIENTE;Grupo;GrupoID;218;GRUPO LA MODERNA;0000000071;n/a;n/a;n/a;n/a;n/a;n/a;n/a;n/a;n/a;n/a;n/a
0;CLIENTE;Grupo;GrupoID;219;GRUPO LA VIENESA;0000000203;n/a;n/a;n/a;n/a;n/a;n/a;n/a;n/a;n/a;n/a;n/a
0;CLIENTE;Grupo;GrupoID;220;GRUPO LABMAC;0000000318;0000000171;n/a;n/a;n/a;n/a;n/a;n/a;n/a;n/a;n/a;n/a
0;CLIENTE;Grupo;GrupoID;221;GRUPO LAMOSAN;0000000126;n/a;n/a;n/a;n/a;n/a;n/a;n/a;n/a;n/a;n/a;n/a
0;CLIENTE;Grupo;GrupoID;222;GRUPO LIDIA ARCOS;n/a;0000000055;n/a;n/a;n/a;n/a;n/a;n/a;n/a;n/a;n/a;n/a
0;CLIENTE;Grupo;GrupoID;223;GRUPO LIDIA ARCOS-HIJOS;0000000108;n/a;n/a;n/a;n/a;n/a;n/a;n/a;n/a;n/a;n/a;n/a
0;CLIENTE;Grupo;GrupoID;224;GRUPO LIDISA;0000000228;0000000056;n/a;n/a;n/a;n/a;n/a;n/a;n/a;n/a;n/a;n/a
0;CLIENTE;Grupo;GrupoID;225;GRUPO LIDISA;0000000297;n/a;n/a;n/a;n/a;n/a;n/a;n/a;n/a;n/a;n/a;n/a
0;CLIENTE;Grupo;GrupoID;226;GRUPO LUCKISTAR-CELLSHOP;0000000062;n/a;n/a;n/a;n/a;n/a;n/a;n/a;n/a;n/a;n/a;n/a
0;CLIENTE;Grupo;GrupoID;227;GRUPO MADETEC;0000000291;n/a;n/a;n/a;n/a;n/a;n/a;n/a;n/a;n/a;n/a;n/a
0;CLIENTE;Grupo;GrupoID;228;GRUPO MAERSK;0000000167;n/a;n/a;n/a;n/a;n/a;n/a;n/a;n/a;n/a;n/a;n/a
0;CLIENTE;Grupo;GrupoID;229;GRUPO MAPRIPLASTEC;n/a;0000000176;n/a;n/a;n/a;n/a;n/a;n/a;n/a;n/a;n/a;n/a
0;CLIENTE;Grupo;GrupoID;230;GRUPO MARATHON;0000000010;n/a;0000000006;n/a;n/a;n/a;n/a;n/a;n/a;n/a;n/a;n/a
0;CLIENTE;Grupo;GrupoID;231;GRUPO MARCELO COELLO;0000000033;n/a;n/a;n/a;n/a;n/a;n/a;n/a;n/a;n/a;n/a;n/a
0;CLIENTE;Grupo;GrupoID;232;GRUPO MARZAM;0000000140;n/a;n/a;n/a;n/a;n/a;n/a;n/a;n/a;n/a;n/a;n/a
0;CLIENTE;Grupo;GrupoID;233;GRUPO MENA;0000000232;0000000057;n/a;n/a;n/a;n/a;n/a;n/a;n/a;n/a;n/a;n/a
0;CLIENTE;Grupo;GrupoID;234;GRUPO METAIN;0000000054;n/a;n/a;n/a;n/a;n/a;n/a;n/a;n/a;n/a;n/a;n/a
0;CLIENTE;Grupo;GrupoID;235;GRUPO MIC;0000000315;n/a;n/a;n/a;n/a;n/a;n/a;n/a;n/a;n/a;n/a;n/a
0;CLIENTE;Grupo;GrupoID;236;GRUPO MIQ LOGICTIC;0000000094;n/a;n/a;n/a;n/a;n/a;n/a;n/a;n/a;n/a;n/a;n/a
0;CLIENTE;Grupo;GrupoID;237;GRUPO MONTOYA ;n/a;0000000058;n/a;n/a;n/a;n/a;n/a;n/a;n/a;n/a;n/a;n/a
0;CLIENTE;Grupo;GrupoID;238;GRUPO MORILLO;0000000197;n/a;n/a;n/a;n/a;n/a;n/a;n/a;n/a;n/a;n/a;n/a
0;CLIENTE;Grupo;GrupoID;239;GRUPO MOTORTRACK;0000000068;n/a;n/a;n/a;n/a;n/a;n/a;n/a;n/a;n/a;n/a;n/a
0;CLIENTE;Grupo;GrupoID;240;GRUPO NAVIPAC;0000000053;n/a;n/a;n/a;n/a;n/a;n/a;n/a;n/a;n/a;n/a;n/a
0;CLIENTE;Grupo;GrupoID;241;GRUPO NESTLE;n/a;0000000059;n/a;n/a;n/a;n/a;n/a;n/a;n/a;n/a;n/a;n/a
0;CLIENTE;Grupo;GrupoID;242;GRUPO NIRSA;0000000305;0000000060;n/a;n/a;n/a;n/a;n/a;n/a;n/a;n/a;n/a;n/a
0;CLIENTE;Grupo;GrupoID;243;GRUPO NORMATEC;n/a;n/a;0000000022;n/a;n/a;n/a;n/a;n/a;n/a;n/a;n/a;n/a
0;CLIENTE;Grupo;GrupoID;244;GRUPO NORTE;0000000100;n/a;n/a;n/a;n/a;n/a;n/a;n/a;n/a;n/a;n/a;n/a
0;CLIENTE;Grupo;GrupoID;245;GRUPO OMARSA;0000000287;n/a;n/a;n/a;n/a;n/a;n/a;n/a;n/a;n/a;n/a;n/a
0;CLIENTE;Grupo;GrupoID;246;GRUPO OMARSA-HEROLD;0000000201;n/a;n/a;n/a;n/a;n/a;n/a;n/a;n/a;n/a;n/a;n/a
0;CLIENTE;Grupo;GrupoID;247;GRUPO OPTIMODA;0000000138;n/a;0000000020;n/a;n/a;n/a;n/a;n/a;n/a;n/a;n/a;n/a
0;CLIENTE;Grupo;GrupoID;248;GRUPO ORBIS;n/a;0000000061;n/a;n/a;n/a;n/a;n/a;n/a;n/a;n/a;n/a;n/a
0;CLIENTE;Grupo;GrupoID;249;GRUPO ORIOL GUEVARA;0000000099;n/a;n/a;n/a;n/a;n/a;n/a;n/a;n/a;n/a;n/a;n/a
0;CLIENTE;Grupo;GrupoID;250;GRUPO PACIFICLINK;0000000130;n/a;n/a;n/a;n/a;n/a;n/a;n/a;n/a;n/a;n/a;n/a
0;CLIENTE;Grupo;GrupoID;251;GRUPO PAUL AVELLANEDA;0000000118;n/a;n/a;n/a;n/a;n/a;n/a;n/a;n/a;n/a;n/a;n/a
0;CLIENTE;Grupo;GrupoID;252;GRUPO PERMONSA;0000000105;n/a;n/a;n/a;n/a;n/a;n/a;n/a;n/a;n/a;n/a;n/a
0;CLIENTE;Grupo;GrupoID;253;GRUPO PINTEC;0000000078;n/a;n/a;n/a;n/a;n/a;n/a;n/a;n/a;n/a;n/a;n/a
0;CLIENTE;Grupo;GrupoID;254;GRUPO PLASTICOS TANG;0000000093;n/a;n/a;n/a;n/a;n/a;n/a;n/a;n/a;n/a;n/a;n/a
0;CLIENTE;Grupo;GrupoID;255;GRUPO POLO SPORT;n/a;n/a;0000000007;n/a;n/a;n/a;n/a;n/a;n/a;n/a;n/a;n/a
0;CLIENTE;Grupo;GrupoID;256;GRUPO PORTALREMATE;0000000187;n/a;n/a;n/a;n/a;n/a;n/a;n/a;n/a;n/a;n/a;n/a
0;CLIENTE;Grupo;GrupoID;257;GRUPO POWERMOBILE;0000000311;n/a;n/a;n/a;n/a;n/a;n/a;n/a;n/a;n/a;n/a;n/a
0;CLIENTE;Grupo;GrupoID;258;GRUPO PRADER;n/a;0000000062;n/a;n/a;n/a;n/a;n/a;n/a;n/a;n/a;n/a;n/a
0;CLIENTE;Grupo;GrupoID;259;GRUPO PRADER -ANDALUCIA;0000000080;n/a;n/a;n/a;n/a;n/a;n/a;n/a;n/a;n/a;n/a;n/a
0;CLIENTE;Grupo;GrupoID;260;GRUPO PRILABSA;0000000044;0000000063;n/a;n/a;n/a;n/a;n/a;n/a;n/a;n/a;n/a;n/a
0;CLIENTE;Grupo;GrupoID;261;GRUPO PRILABSA;0000000107;n/a;n/a;n/a;n/a;n/a;n/a;n/a;n/a;n/a;n/a;n/a
0;CLIENTE;Grupo;GrupoID;262;GRUPO PRIMAX;n/a;0000000064;n/a;n/a;n/a;n/a;n/a;n/a;n/a;n/a;n/a;n/a
0;CLIENTE;Grupo;GrupoID;263;GRUPO PRODUCOSMETIC;0000000178;n/a;n/a;n/a;n/a;n/a;n/a;n/a;n/a;n/a;n/a;n/a
0;CLIENTE;Grupo;GrupoID;264;GRUPO PRONEBAN;0000000090;n/a;n/a;n/a;n/a;n/a;n/a;n/a;n/a;n/a;n/a;n/a
0;CLIENTE;Grupo;GrupoID;265;GRUPO PROSERTEXA;0000000050;n/a;n/a;n/a;n/a;n/a;n/a;n/a;n/a;n/a;n/a;n/a
0;CLIENTE;Grupo;GrupoID;266;GRUPO PROVEFRUT;n/a;0000000065;n/a;n/a;n/a;n/a;n/a;n/a;n/a;n/a;n/a;n/a
0;CLIENTE;Grupo;GrupoID;267;GRUPO PROVEQUIM;0000000051;0000000066;n/a;n/a;n/a;n/a;n/a;n/a;n/a;n/a;n/a;n/a
0;CLIENTE;Grupo;GrupoID;268;GRUPO QUEZADA -FEMAR;0000000189;n/a;n/a;n/a;n/a;n/a;n/a;n/a;n/a;n/a;n/a;n/a
0;CLIENTE;Grupo;GrupoID;269;GRUPO QUIFATEX;0000000097;n/a;n/a;n/a;n/a;n/a;n/a;n/a;n/a;n/a;n/a;n/a
0;CLIENTE;Grupo;GrupoID;270;GRUPO QUIMICA COMERCIAL;0000000036;0000000067;n/a;n/a;n/a;n/a;n/a;n/a;n/a;n/a;n/a;n/a
0;CLIENTE;Grupo;GrupoID;271;GRUPO RAFAEL ACERO;0000000035;n/a;n/a;n/a;n/a;n/a;n/a;n/a;n/a;n/a;n/a;n/a
0;CLIENTE;Grupo;GrupoID;272;GRUPO REGALADO;0000000037;n/a;n/a;n/a;n/a;n/a;n/a;n/a;n/a;n/a;n/a;n/a
0;CLIENTE;Grupo;GrupoID;273;GRUPO REPECEV;0000000154;n/a;n/a;n/a;n/a;n/a;n/a;n/a;n/a;n/a;n/a;n/a
0;CLIENTE;Grupo;GrupoID;274;GRUPO REPRASER;0000000229;n/a;n/a;n/a;n/a;n/a;n/a;n/a;n/a;n/a;n/a;n/a
0;CLIENTE;Grupo;GrupoID;275;GRUPO ROLDAN;0000000320;n/a;n/a;n/a;n/a;n/a;n/a;n/a;n/a;n/a;n/a;n/a
0;CLIENTE;Grupo;GrupoID;276;GRUPO ROMERO;n/a;0000000068;n/a;n/a;n/a;n/a;n/a;n/a;n/a;n/a;n/a;n/a
0;CLIENTE;Grupo;GrupoID;277;GRUPO RUBEN BENALCAZAR;0000000301;n/a;n/a;n/a;n/a;n/a;n/a;n/a;n/a;n/a;n/a;n/a
0;CLIENTE;Grupo;GrupoID;278;GRUPO SACO SHIPPING LINE S.A.;0000000161;n/a;n/a;n/a;n/a;n/a;n/a;n/a;n/a;n/a;n/a;n/a
0;CLIENTE;Grupo;GrupoID;279;GRUPO SACOPLAST;0000000235;0000000069;0000000026;n/a;n/a;n/a;n/a;n/a;n/a;n/a;n/a;n/a
0;CLIENTE;Grupo;GrupoID;280;GRUPO SAFETY;0000000191;n/a;n/a;n/a;n/a;n/a;n/a;n/a;n/a;n/a;n/a;n/a
0;CLIENTE;Grupo;GrupoID;281;GRUPO SAGER;0000000079;n/a;n/a;n/a;n/a;n/a;n/a;n/a;n/a;n/a;n/a;n/a
0;CLIENTE;Grupo;GrupoID;282;GRUPO SAMSUNG;0000000184;n/a;n/a;n/a;n/a;n/a;n/a;n/a;n/a;n/a;n/a;n/a
0;CLIENTE;Grupo;GrupoID;283;GRUPO SANSUR;0000000066;n/a;0000000017;n/a;n/a;n/a;n/a;n/a;n/a;n/a;n/a;n/a
0;CLIENTE;Grupo;GrupoID;284;grupo sejour;n/a;n/a;0000000019;n/a;n/a;n/a;n/a;n/a;n/a;n/a;n/a;n/a
0;CLIENTE;Grupo;GrupoID;285;GRUPO SEJOUR;0000000158;n/a;n/a;n/a;n/a;n/a;n/a;n/a;n/a;n/a;n/a;n/a
0;CLIENTE;Grupo;GrupoID;286;GRUPO SEMVRA;n/a;0000000070;n/a;n/a;n/a;n/a;n/a;n/a;n/a;n/a;n/a;n/a
0;CLIENTE;Grupo;GrupoID;287;GRUPO SERIPACAR;0000000278;0000000071;n/a;n/a;n/a;n/a;n/a;n/a;n/a;n/a;n/a;n/a
0;CLIENTE;Grupo;GrupoID;288;GRUPO SERMACOSA;0000000290;0000000072;n/a;n/a;n/a;n/a;n/a;n/a;n/a;n/a;n/a;n/a
0;CLIENTE;Grupo;GrupoID;289;GRUPO SERVINICE;0000000190;n/a;n/a;n/a;n/a;n/a;n/a;n/a;n/a;n/a;n/a;n/a
0;CLIENTE;Grupo;GrupoID;290;GRUPO SEUNSA;0000000275;n/a;n/a;n/a;n/a;n/a;n/a;n/a;n/a;n/a;n/a;n/a
0;CLIENTE;Grupo;GrupoID;291;GRUPO SHOES & SHOES;0000000043;n/a;n/a;n/a;n/a;n/a;n/a;n/a;n/a;n/a;n/a;n/a
0;CLIENTE;Grupo;GrupoID;292;GRUPO SIPIA;0000000182;n/a;n/a;n/a;n/a;n/a;n/a;n/a;n/a;n/a;n/a;n/a
0;CLIENTE;Grupo;GrupoID;293;GRUPO SJTCORP;n/a;0000000073;n/a;n/a;n/a;n/a;n/a;n/a;n/a;n/a;n/a;n/a
0;CLIENTE;Grupo;GrupoID;294;GRUPO SODERAL;0000000322;n/a;n/a;n/a;n/a;n/a;n/a;n/a;n/a;n/a;n/a;n/a
0;CLIENTE;Grupo;GrupoID;295;GRUPO SONGA;0000000048;n/a;n/a;n/a;n/a;n/a;n/a;n/a;n/a;n/a;n/a;n/a
0;CLIENTE;Grupo;GrupoID;296;GRUPO SOYODA;0000000208;n/a;n/a;n/a;n/a;n/a;n/a;n/a;n/a;n/a;n/a;n/a
0;CLIENTE;Grupo;GrupoID;297;GRUPO SUMESA;0000000103;n/a;n/a;n/a;n/a;n/a;n/a;n/a;n/a;n/a;n/a;n/a
0;CLIENTE;Grupo;GrupoID;298;GRUPO SUMESA;0000000219;n/a;n/a;n/a;n/a;n/a;n/a;n/a;n/a;n/a;n/a;n/a
0;CLIENTE;Grupo;GrupoID;299;GRUPO SUMILAN;0000000324;n/a;n/a;n/a;n/a;n/a;n/a;n/a;n/a;n/a;n/a;n/a
0;CLIENTE;Grupo;GrupoID;300;GRUPO SUPRALIVE;0000000157;0000000074;n/a;n/a;n/a;n/a;n/a;n/a;n/a;n/a;n/a;n/a
0;CLIENTE;Grupo;GrupoID;301;GRUPO SWISSGAS;n/a;0000000075;n/a;n/a;n/a;n/a;n/a;n/a;n/a;n/a;n/a;n/a
0;CLIENTE;Grupo;GrupoID;302;GRUPO T&T;n/a;0000000076;n/a;n/a;n/a;n/a;n/a;n/a;n/a;n/a;n/a;n/a
0;CLIENTE;Grupo;GrupoID;303;GRUPO TECHMALL;0000000183;n/a;n/a;n/a;n/a;n/a;n/a;n/a;n/a;n/a;n/a;n/a
0;CLIENTE;Grupo;GrupoID;304;GRUPO TECNIAGREX;0000000088;n/a;n/a;n/a;n/a;n/a;n/a;n/a;n/a;n/a;n/a;n/a
0;CLIENTE;Grupo;GrupoID;305;GRUPO TECNILIBRO;0000000168;n/a;n/a;n/a;n/a;n/a;n/a;n/a;n/a;n/a;n/a;n/a
0;CLIENTE;Grupo;GrupoID;306;GRUPO TECNOTIENDA;0000000083;n/a;n/a;n/a;n/a;n/a;n/a;n/a;n/a;n/a;n/a;n/a
0;CLIENTE;Grupo;GrupoID;307;GRUPO TELEBAK01;0000000102;n/a;n/a;n/a;n/a;n/a;n/a;n/a;n/a;n/a;n/a;n/a
0;CLIENTE;Grupo;GrupoID;308;GRUPO TELEPIZZA;n/a;0000000078;n/a;n/a;n/a;n/a;n/a;n/a;n/a;n/a;n/a;n/a
0;CLIENTE;Grupo;GrupoID;309;GRUPO TELEVENTAS;0000000106;n/a;n/a;n/a;n/a;n/a;n/a;n/a;n/a;n/a;n/a;n/a
0;CLIENTE;Grupo;GrupoID;310;GRUPO TESALIA;0000000198;n/a;n/a;n/a;n/a;n/a;n/a;n/a;n/a;n/a;n/a;n/a
0;CLIENTE;Grupo;GrupoID;311;GRUPO TEXTIMODA;0000000034;n/a;n/a;n/a;n/a;n/a;n/a;n/a;n/a;n/a;n/a;n/a
0;CLIENTE;Grupo;GrupoID;312;GRUPO TORRES;n/a;n/a;0000000009;n/a;n/a;n/a;n/a;n/a;n/a;n/a;n/a;n/a
0;CLIENTE;Grupo;GrupoID;313;GRUPO TPG;n/a;0000000079;n/a;n/a;n/a;n/a;n/a;n/a;n/a;n/a;n/a;n/a
0;CLIENTE;Grupo;GrupoID;314;GRUPO TRANSERCARGA;n/a;0000000177;n/a;n/a;n/a;n/a;n/a;n/a;n/a;n/a;n/a;n/a
0;CLIENTE;Grupo;GrupoID;315;GRUPO TRANSFUEL;0000000104;n/a;n/a;n/a;n/a;n/a;n/a;n/a;n/a;n/a;n/a;n/a
0;CLIENTE;Grupo;GrupoID;316;GRUPO TRANSPORTES ECUADOR;0000000202;n/a;n/a;n/a;n/a;n/a;n/a;n/a;n/a;n/a;n/a;n/a
0;CLIENTE;Grupo;GrupoID;317;GRUPO TVENTAS;n/a;0000000080;n/a;n/a;n/a;n/a;n/a;n/a;n/a;n/a;n/a;n/a
0;CLIENTE;Grupo;GrupoID;318;GRUPO UFINET;0000000321;n/a;n/a;n/a;n/a;n/a;n/a;n/a;n/a;n/a;n/a;n/a
0;CLIENTE;Grupo;GrupoID;319;GRUPO UMCO;0000000211;0000000081;n/a;n/a;n/a;n/a;n/a;n/a;n/a;n/a;n/a;n/a
0;CLIENTE;Grupo;GrupoID;320;GRUPO UNILEVER;0000000005;n/a;n/a;n/a;n/a;n/a;n/a;n/a;n/a;n/a;n/a;n/a
0;CLIENTE;Grupo;GrupoID;321;GRUPO UNILIMPIO;0000000233;0000000082;n/a;n/a;n/a;n/a;n/a;n/a;n/a;n/a;n/a;n/a
0;CLIENTE;Grupo;GrupoID;322;GRUPO UPS;0000000123;n/a;0000000013;n/a;n/a;n/a;n/a;n/a;n/a;n/a;n/a;n/a
0;CLIENTE;Grupo;GrupoID;323;GRUPO VALLEJO ARAUJO;0000000074;n/a;;n/a;n/a;n/a;n/a;n/a;n/a;n/a;n/a;n/a
0;CLIENTE;Grupo;GrupoID;324;GRUPO VEOLIA;n/a;0000000083;0000000028;n/a;n/a;n/a;n/a;n/a;n/a;n/a;n/a;n/a
0;CLIENTE;Grupo;GrupoID;325;GRUPO VILASECA;0000000220;n/a;n/a;n/a;n/a;n/a;n/a;n/a;n/a;n/a;n/a;n/a
0;CLIENTE;Grupo;GrupoID;326;GRUPO VILASECA UNS;n/a;0000000084;n/a;n/a;n/a;n/a;n/a;n/a;n/a;n/a;n/a;n/a
0;CLIENTE;Grupo;GrupoID;327;GRUPO VINSOTEL;0000000283;0000000085;n/a;n/a;n/a;n/a;n/a;n/a;n/a;n/a;n/a;n/a
0;CLIENTE;Grupo;GrupoID;328;GRUPO WHIRLPOOL;0000000186;n/a;n/a;n/a;n/a;n/a;n/a;n/a;n/a;n/a;n/a;n/a
0;CLIENTE;Grupo;GrupoID;329;GRUPO WONG;0000000003;n/a;0000000003;n/a;n/a;n/a;n/a;n/a;n/a;n/a;n/a;n/a
0;CLIENTE;Grupo;GrupoID;330;GRUPO ZC-MAYORISTA;0000000067;n/a;n/a;n/a;n/a;n/a;n/a;n/a;n/a;n/a;n/a;n/a
0;CLIENTE;Grupo;GrupoID;331;GRUPO ZHONG XING;0000000077;n/a;n/a;n/a;n/a;n/a;n/a;n/a;n/a;n/a;n/a;n/a
0;CLIENTE;Grupo;GrupoID;332;GRUPOS DATAFST;0000000049;n/a;n/a;n/a;n/a;n/a;n/a;n/a;n/a;n/a;n/a;n/a
0;CLIENTE;Grupo;GrupoID;333;ICESA ORVE S.A.;0000000014;n/a;n/a;n/a;n/a;n/a;n/a;n/a;n/a;n/a;n/a;n/a
0;CLIENTE;Grupo;GrupoID;334;IMBRACAL S.C.C.;0000000017;n/a;n/a;n/a;n/a;n/a;n/a;n/a;n/a;n/a;n/a;n/a
0;CLIENTE;Grupo;GrupoID;335;INTERGROW;0000000241;n/a;n/a;n/a;n/a;n/a;n/a;n/a;n/a;n/a;n/a;n/a
0;CLIENTE;Grupo;GrupoID;336;KFIERIEGO-CAMPOFENIX-VALLEY;0000000179;n/a;n/a;n/a;n/a;n/a;n/a;n/a;n/a;n/a;n/a;n/a
0;CLIENTE;Grupo;GrupoID;337;KMSOLUTIONS;0000000267;n/a;n/a;n/a;n/a;n/a;n/a;n/a;n/a;n/a;n/a;n/a
0;CLIENTE;Grupo;GrupoID;338;KYSAO;0000000329;n/a;n/a;n/a;n/a;n/a;n/a;n/a;n/a;n/a;n/a;n/a
0;CLIENTE;Grupo;GrupoID;339;LABORATORIOS GINSBERG S.A.;0000000098;n/a;n/a;n/a;n/a;n/a;n/a;n/a;n/a;n/a;n/a;n/a
0;CLIENTE;Grupo;GrupoID;340;LAVENDIMIASA;0000000250;n/a;n/a;n/a;n/a;n/a;n/a;n/a;n/a;n/a;n/a;n/a
0;CLIENTE;Grupo;GrupoID;342;LEGAL;0000000002;n/a;0000000002;0000000013;n/a;n/a;n/a;n/a;n/a;n/a;n/a;n/a
0;CLIENTE;Grupo;GrupoID;343;LOGISTICS EC ECLOGSA S.A.;0000000266;n/a;n/a;n/a;n/a;n/a;n/a;n/a;n/a;n/a;n/a;n/a
0;CLIENTE;Grupo;GrupoID;344;LOS CASINOS;0000000027;n/a;n/a;n/a;n/a;n/a;n/a;n/a;n/a;n/a;n/a;n/a
0;CLIENTE;Grupo;GrupoID;345;LUCY SANCHEZ;0000000270;n/a;n/a;n/a;n/a;n/a;n/a;n/a;n/a;n/a;n/a;n/a
0;CLIENTE;Grupo;GrupoID;346;LUIVAN S.A.;0000000239;n/a;n/a;n/a;n/a;n/a;n/a;n/a;n/a;n/a;n/a;n/a
0;CLIENTE;Grupo;GrupoID;347;MOLINOS DEL ECUADOR C.A.;0000000016;n/a;n/a;n/a;n/a;n/a;n/a;n/a;n/a;n/a;n/a;n/a
0;CLIENTE;Grupo;GrupoID;348;MONCAYO PALACIOS MARCO VINICIO;0000000238;n/a;n/a;n/a;n/a;n/a;n/a;n/a;n/a;n/a;n/a;n/a
0;CLIENTE;Grupo;GrupoID;349;MOTOINDUSTRIA;0000000249;n/a;n/a;n/a;n/a;n/a;n/a;n/a;n/a;n/a;n/a;n/a
0;CLIENTE;Grupo;GrupoID;350;NAGSA S.A.;0000000015;n/a;n/a;n/a;n/a;n/a;n/a;n/a;n/a;n/a;n/a;n/a
0;CLIENTE;Grupo;GrupoID;351;OREMPLAS S.A.;0000000242;n/a;n/a;n/a;n/a;n/a;n/a;n/a;n/a;n/a;n/a;n/a
0;CLIENTE;Grupo;GrupoID;352;PABLO ENRIQUE ZUNINO MACIAS;0000000252;n/a;n/a;n/a;n/a;n/a;n/a;n/a;n/a;n/a;n/a;n/a
0;CLIENTE;Grupo;GrupoID;353;PLAGELLAT YANNICK;0000000230;n/a;n/a;n/a;n/a;n/a;n/a;n/a;n/a;n/a;n/a;n/a
0;CLIENTE;Grupo;GrupoID;354;PRIMAX;0000000244;n/a;n/a;n/a;n/a;n/a;n/a;n/a;n/a;n/a;n/a;n/a
0;CLIENTE;Grupo;GrupoID;355;PRISCILA ALAVA;0000000217;n/a;n/a;n/a;n/a;n/a;n/a;n/a;n/a;n/a;n/a;n/a
0;CLIENTE;Grupo;GrupoID;356;QUIMIPAC S.A.;0000000020;n/a;n/a;n/a;n/a;n/a;n/a;n/a;n/a;n/a;n/a;n/a
0;CLIENTE;Grupo;GrupoID;357;RAFAEL ACERO;0000000215;n/a;n/a;n/a;n/a;n/a;n/a;n/a;n/a;n/a;n/a;n/a
0;CLIENTE;Grupo;GrupoID;358;ROBERTO JIMENEZ;0000000159;n/a;n/a;n/a;n/a;n/a;n/a;n/a;n/a;n/a;n/a;n/a
0;CLIENTE;Grupo;GrupoID;359;ROBERTO MOSQUERA;0000000269;n/a;n/a;n/a;n/a;n/a;n/a;n/a;n/a;n/a;n/a;n/a
0;CLIENTE;Grupo;GrupoID;360;ROMERO VARGAS;0000000312;n/a;n/a;n/a;n/a;n/a;n/a;n/a;n/a;n/a;n/a;n/a
0;CLIENTE;Grupo;GrupoID;361;ROMMEL DAVILA;0000000304;n/a;n/a;n/a;n/a;n/a;n/a;n/a;n/a;n/a;n/a;n/a
0;CLIENTE;Grupo;GrupoID;362;RUBA S.A.;0000000285;n/a;n/a;n/a;n/a;n/a;n/a;n/a;n/a;n/a;n/a;n/a
0;CLIENTE;Grupo;GrupoID;363;SADE COMPAGNIE GENERALE DE TRAVAUX D HYDRAULIQUE;0000000268;n/a;n/a;n/a;n/a;n/a;n/a;n/a;n/a;n/a;n/a;n/a
0;CLIENTE;Grupo;GrupoID;364;SAMPEDRO RODRIGUEZ MAYRA LICETH;0000000251;n/a;n/a;n/a;n/a;n/a;n/a;n/a;n/a;n/a;n/a;n/a
0;CLIENTE;Grupo;GrupoID;365;SEMILLERO;0000000032;n/a;n/a;n/a;n/a;n/a;n/a;n/a;n/a;n/a;n/a;n/a
0;CLIENTE;Grupo;GrupoID;366;SERVIREPUESTOS S.A.;0000000256;n/a;n/a;n/a;n/a;n/a;n/a;n/a;n/a;n/a;n/a;n/a
0;CLIENTE;Grupo;GrupoID;367;SGS DEL ECUADOR S.A.;0000000013;n/a;n/a;n/a;n/a;n/a;n/a;n/a;n/a;n/a;n/a;n/a
0;CLIENTE;Grupo;GrupoID;368;SIERRA ARTEAGA DANIEL ROBERTO;0000000255;n/a;n/a;n/a;n/a;n/a;n/a;n/a;n/a;n/a;n/a;n/a
0;CLIENTE;Grupo;GrupoID;369;SJTCORP;0000000243;n/a;n/a;n/a;n/a;n/a;n/a;n/a;n/a;n/a;n/a;n/a
0;CLIENTE;Grupo;GrupoID;370;SLI LOGISTICA INTERNACIONAL;0000000011;n/a;n/a;n/a;n/a;n/a;n/a;n/a;n/a;n/a;n/a;n/a
0;CLIENTE;Grupo;GrupoID;371;SUDAMERICANA DE BUSES;0000000177;n/a;n/a;n/a;n/a;n/a;n/a;n/a;n/a;n/a;n/a;n/a
0;CLIENTE;Grupo;GrupoID;372;SYSTEM ONE DEL ECUADOR S.A.;0000000022;n/a;n/a;n/a;n/a;n/a;n/a;n/a;n/a;n/a;n/a;n/a
0;CLIENTE;Grupo;GrupoID;373;TELEPIZZA;0000000245;n/a;n/a;n/a;n/a;n/a;n/a;n/a;n/a;n/a;n/a;n/a
0;CLIENTE;Grupo;GrupoID;374;TERCE;0000000110;n/a;n/a;n/a;n/a;n/a;n/a;n/a;n/a;n/a;n/a;n/a
0;CLIENTE;Grupo;GrupoID;375;TORRES & TORRES;0000000006;n/a;n/a;0000000009;n/a;n/a;n/a;n/a;n/a;n/a;n/a;n/a
0;CLIENTE;Grupo;GrupoID;376;TRANSAIRSYSTEM;0000000007;n/a;n/a;n/a;n/a;n/a;n/a;n/a;n/a;n/a;n/a;n/a
0;CLIENTE;Grupo;GrupoID;377;ZC MAYORISTAS S.A.;0000000009;n/a;n/a;n/a;n/a;n/a;n/a;n/a;n/a;n/a;n/a;n/a
0;CLIENTE;Grupo;GrupoID;367;Empleados;n/a;n/a;n/a;0000000001;n/a;n/a;n/a;n/a;n/a;n/a;n/a;n/a
0;CLIENTE;Grupo;GrupoID;368;CLIENTES ELECTRODOMESTICOS;n/a;n/a;n/a;0000000002;n/a;n/a;n/a;n/a;n/a;n/a;n/a;n/a
0;CLIENTE;Grupo;GrupoID;369;CLIENTES DESCONSOLIDADORA;n/a;n/a;n/a;0000000003;n/a;n/a;n/a;n/a;n/a;n/a;n/a;n/a
0;CLIENTE;Grupo;GrupoID;370;CLIENTES-TRAMITES ADUANA;n/a;n/a;n/a;0000000004;n/a;n/a;n/a;n/a;n/a;n/a;n/a;n/a
0;CLIENTE;Grupo;GrupoID;371;CLIENTES VARIOS;n/a;n/a;n/a;0000000005;n/a;n/a;n/a;n/a;n/a;n/a;n/a;n/a
0;CLIENTE;Grupo;GrupoID;372;CIATEITE;n/a;n/a;n/a;0000000010;n/a;n/a;n/a;n/a;n/a;n/a;n/a;n/a
0;CLIENTE;Grupo;GrupoID;373;CLIENTES DEMANDA ADRIAN;n/a;n/a;n/a;0000000014;n/a;n/a;n/a;n/a;n/a;n/a;n/a;n/a
0;CLIENTE;Grupo;GrupoID;374;CLIENTES DEL EXTERIOR;n/a;n/a;n/a;0000000016;n/a;n/a;n/a;n/a;n/a;n/a;n/a;n/a
0;CLIENTE;Grupo;GrupoID;375;GRUPO TORRES Y TORRES;n/a;n/a;n/a;0000000015;n/a;n/a;n/a;n/a;n/a;n/a;n/a;n/a
0;CLIENTE;Grupo;GrupoID;376;TRANSPORTISTAS ;n/a;n/a;n/a;0000000012;n/a;n/a;n/a;n/a;n/a;n/a;n/a;n/a
0;CLIENTE;Coordinador Importación;CoordinadorVIPID;1;CEDEÑO CARRANZA JENNIFER ESTEFANIA;0000001106;n/a;n/a;n/a;n/a;n/a;n/a;n/a;n/a;n/a;n/a;n/a
0;CLIENTE;Coordinador Importación;CoordinadorVIPID;2;MERINO INTRIAGO MARIA VICTORIA;0000001129;n/a;n/a;n/a;n/a;n/a;n/a;n/a;n/a;n/a;n/a;n/a
0;CLIENTE;Coordinador Importación;CoordinadorVIPID;3;JACHO YANEZ EVELYN NATHALY;0000001135;n/a;n/a;n/a;n/a;n/a;n/a;n/a;n/a;n/a;n/a;n/a
0;CLIENTE;Coordinador Importación;CoordinadorVIPID;4;GOMEZ ANCHUNDIA ERIKA NASHALY;0000001137;n/a;n/a;n/a;n/a;n/a;n/a;n/a;n/a;n/a;n/a;n/a
0;CLIENTE;Coordinador Importación;CoordinadorVIPID;5;ORTIZ HINOJOSA LUIS FERNANDO;0000001138;n/a;n/a;n/a;n/a;n/a;n/a;n/a;n/a;n/a;n/a;n/a
0;CLIENTE;Coordinador Importación;CoordinadorVIPID;6;CASTRO RUIZ AMBAR ROXANA;0000001139;n/a;n/a;n/a;n/a;n/a;n/a;n/a;n/a;n/a;n/a;n/a
0;CLIENTE;Coordinador Importación;CoordinadorVIPID;7;PILOZO PARRALES KIMBERLY YULEYSI;0000001143;n/a;n/a;n/a;n/a;n/a;n/a;n/a;n/a;n/a;n/a;n/a
0;CLIENTE;Coordinador Importación;CoordinadorVIPID;8;MARTINEZ VERA PIA ANTONELA;0000001146;n/a;n/a;n/a;n/a;n/a;n/a;n/a;n/a;n/a;n/a;n/a
0;CLIENTE;Coordinador Importación;CoordinadorVIPID;9;MOLINA CADENA ELIZABETH PAULINA;0000001149;n/a;n/a;n/a;n/a;n/a;n/a;n/a;n/a;n/a;n/a;n/a
0;CLIENTE;Coordinador Importación;CoordinadorVIPID;10;BURGOS BRIONES ORALIA MARGARITA;0000001155;n/a;n/a;n/a;n/a;n/a;n/a;n/a;n/a;n/a;n/a;n/a
0;CLIENTE;Coordinador Importación;CoordinadorVIPID;11;ROMERO LLAQUE KATHERINE JOHANNA;0000001156;n/a;n/a;n/a;n/a;n/a;n/a;n/a;n/a;n/a;n/a;n/a
0;CLIENTE;Coordinador Importación;CoordinadorVIPID;12;ESCOBAR BRAVO NARCISA ESTEFANIA;0000001173;n/a;n/a;n/a;n/a;n/a;n/a;n/a;n/a;n/a;n/a;n/a
0;CLIENTE;Coordinador Importación;CoordinadorVIPID;13;ALVARADO JURADO JOSE ANDRES;0000001178;n/a;n/a;n/a;n/a;n/a;n/a;n/a;n/a;n/a;n/a;n/a
0;CLIENTE;Coordinador Importación;CoordinadorVIPID;14;CAMPUZANO ORDOÑEZ JOSELINE DE LOS ANGELES;0000001182;n/a;n/a;n/a;n/a;n/a;n/a;n/a;n/a;n/a;n/a;n/a
0;CLIENTE;Coordinador Importación;CoordinadorVIPID;15;SUAREZ GUALES ANGIE STEPHANIA;0000001183;n/a;n/a;n/a;n/a;n/a;n/a;n/a;n/a;n/a;n/a;n/a
0;CLIENTE;Coordinador Importación;CoordinadorVIPID;16;SANCHEZ MORALES LOURDES LUCIA;0000001184;n/a;n/a;n/a;n/a;n/a;n/a;n/a;n/a;n/a;n/a;n/a
0;CLIENTE;Coordinador Importación;CoordinadorVIPID;17;CUENCA INTRIAGO JORGE AQUILES;0000001185;n/a;n/a;n/a;n/a;n/a;n/a;n/a;n/a;n/a;n/a;n/a
0;CLIENTE;Coordinador Importación;CoordinadorVIPID;18;GARCIA FALCONES VALERIA JULISSA;0000001186;n/a;n/a;n/a;n/a;n/a;n/a;n/a;n/a;n/a;n/a;n/a
0;CLIENTE;Coordinador Importación;CoordinadorVIPID;19;ESPINOZA GALLARDO GIANELLA VIVIANA;0000001201;n/a;n/a;n/a;n/a;n/a;n/a;n/a;n/a;n/a;n/a;n/a
0;CLIENTE;Coordinador Importación;CoordinadorVIPID;20;SAMPEDRO RIVERA PAOLA DENISEE;0000001209;n/a;n/a;n/a;n/a;n/a;n/a;n/a;n/a;n/a;n/a;n/a
0;CLIENTE;Coordinador Importación;CoordinadorVIPID;21;CISNEROS AVILES VALERIA LILIANA;0000001210;n/a;n/a;n/a;n/a;n/a;n/a;n/a;n/a;n/a;n/a;n/a
0;CLIENTE;Coordinador Importación;CoordinadorVIPID;22;PINCAY SOLEDISPA YESSENIA PATRICIA;0000001217;n/a;n/a;n/a;n/a;n/a;n/a;n/a;n/a;n/a;n/a;n/a
0;CLIENTE;Coordinador Importación;CoordinadorVIPID;23;MORALES JIMENEZ MARIA EMPERATRIZ;0000000196;n/a;n/a;n/a;n/a;n/a;n/a;n/a;n/a;n/a;n/a;n/a
0;CLIENTE;Coordinador Importación;CoordinadorVIPID;24;RODAS BENAVIDES FANNY AMALIA;0000000237;n/a;n/a;n/a;n/a;n/a;n/a;n/a;n/a;n/a;n/a;n/a
0;CLIENTE;Coordinador Importación;CoordinadorVIPID;25;ESCALANTE ALFONZO DAVID FERNANDO;0000000269;n/a;n/a;n/a;n/a;n/a;n/a;n/a;n/a;n/a;n/a;n/a
0;CLIENTE;Coordinador Importación;CoordinadorVIPID;26;VASQUEZ TRIVIÑO MARYLIN JACQUELINE;0000000217;n/a;n/a;n/a;n/a;n/a;n/a;n/a;n/a;n/a;n/a;n/a
0;CLIENTE;Coordinador Importación;CoordinadorVIPID;27;AULLA ALLAUCA MONICA ALEXANDRA;0000000289;n/a;n/a;n/a;n/a;n/a;n/a;n/a;n/a;n/a;n/a;n/a
0;CLIENTE;Coordinador Importación;CoordinadorVIPID;28;VERA CHOEZ JENNIFFER EDITH;0000000331;n/a;n/a;n/a;n/a;n/a;n/a;n/a;n/a;n/a;n/a;n/a
0;CLIENTE;Coordinador Importación;CoordinadorVIPID;29;TORRES ALAÑA PEDRO RAFAEL;0000000013;n/a;n/a;n/a;n/a;n/a;n/a;n/a;n/a;n/a;n/a;n/a
0;CLIENTE;Coordinador Importación;CoordinadorVIPID;30;RIVERA SORIA VALERIA ESTEFANIA;0000000389;n/a;n/a;n/a;n/a;n/a;n/a;n/a;n/a;n/a;n/a;n/a
0;CLIENTE;Coordinador Importación;CoordinadorVIPID;31;ESPINOZA MORA MARIA LISSETE;0000000407;n/a;n/a;n/a;n/a;n/a;n/a;n/a;n/a;n/a;n/a;n/a
0;CLIENTE;Coordinador Importación;CoordinadorVIPID;32;TRIVIÑO CALDERON MARIA AUXILIADORA;0000000409;n/a;n/a;n/a;n/a;n/a;n/a;n/a;n/a;n/a;n/a;n/a
0;CLIENTE;Coordinador Importación;CoordinadorVIPID;33;ZUÑIGA CABEZAS DENISSE LISSETTE;0000000447;n/a;n/a;n/a;n/a;n/a;n/a;n/a;n/a;n/a;n/a;n/a
0;CLIENTE;Coordinador Importación;CoordinadorVIPID;34;SILVA CABRERA VANESSA LISSETTE;0000000462;n/a;n/a;n/a;n/a;n/a;n/a;n/a;n/a;n/a;n/a;n/a
0;CLIENTE;Coordinador Importación;CoordinadorVIPID;35;MARTILLO NIETO FABIOLA ROSA;0000000464;n/a;n/a;n/a;n/a;n/a;n/a;n/a;n/a;n/a;n/a;n/a
0;CLIENTE;Coordinador Importación;CoordinadorVIPID;36;BUENDIA COBEÑA DENYSS ANDREA;0000000494;n/a;n/a;n/a;n/a;n/a;n/a;n/a;n/a;n/a;n/a;n/a
0;CLIENTE;Coordinador Importación;CoordinadorVIPID;37;QUEZADA ZAMBRANO ANDREA FERNANDA;0000000512;n/a;n/a;n/a;n/a;n/a;n/a;n/a;n/a;n/a;n/a;n/a
0;CLIENTE;Coordinador Importación;CoordinadorVIPID;38;SOLIS VACA SILVIA VANEZA;0000000519;n/a;n/a;n/a;n/a;n/a;n/a;n/a;n/a;n/a;n/a;n/a
0;CLIENTE;Coordinador Importación;CoordinadorVIPID;39;CUESTA BOLOÑA VICTOR EDUARDO;0000000019;n/a;n/a;n/a;n/a;n/a;n/a;n/a;n/a;n/a;n/a;n/a
0;CLIENTE;Coordinador Importación;CoordinadorVIPID;40;BARBECH SALAZAR ANDREA DE LOS ANGELES;0000000527;n/a;n/a;n/a;n/a;n/a;n/a;n/a;n/a;n/a;n/a;n/a
0;CLIENTE;Coordinador Importación;CoordinadorVIPID;41;RIVERA TRIVIÑO WALTER OSCAR;0000000559;n/a;n/a;n/a;n/a;n/a;n/a;n/a;n/a;n/a;n/a;n/a
0;CLIENTE;Coordinador Importación;CoordinadorVIPID;42;SANCHEZ MAQUILON MARIA FERNANDA;0000000561;n/a;n/a;n/a;n/a;n/a;n/a;n/a;n/a;n/a;n/a;n/a
0;CLIENTE;Coordinador Importación;CoordinadorVIPID;43;IÑIGUEZ MOLINA JOSEPH EFRAIN;0000000570;n/a;n/a;n/a;n/a;n/a;n/a;n/a;n/a;n/a;n/a;n/a
0;CLIENTE;Coordinador Importación;CoordinadorVIPID;44;VELASCO QUIZHPI LIA JUDITH;0000000577;n/a;n/a;n/a;n/a;n/a;n/a;n/a;n/a;n/a;n/a;n/a
0;CLIENTE;Coordinador Importación;CoordinadorVIPID;45;GARZON PEREA AMY ALEXIS;0000000585;n/a;n/a;n/a;n/a;n/a;n/a;n/a;n/a;n/a;n/a;n/a
0;CLIENTE;Coordinador Importación;CoordinadorVIPID;46;NAVARRO GONZALEZ CINTHIA STEFFI;0000000586;n/a;n/a;n/a;n/a;n/a;n/a;n/a;n/a;n/a;n/a;n/a
0;CLIENTE;Coordinador Importación;CoordinadorVIPID;47;AZUA CARVAJAL MARIA GABRIELA;0000000594;n/a;n/a;n/a;n/a;n/a;n/a;n/a;n/a;n/a;n/a;n/a
0;CLIENTE;Coordinador Importación;CoordinadorVIPID;48;VERA LINO MARIA LORENA;0000000637;n/a;n/a;n/a;n/a;n/a;n/a;n/a;n/a;n/a;n/a;n/a
0;CLIENTE;Coordinador Importación;CoordinadorVIPID;49;QUEZADA ZAMBRANO MONICA ESTEFANIA;0000000645;n/a;n/a;n/a;n/a;n/a;n/a;n/a;n/a;n/a;n/a;n/a
0;CLIENTE;Coordinador Importación;CoordinadorVIPID;50;MARTINEZ MACIAS MERCEDES STEFANIE;0000000647;n/a;n/a;n/a;n/a;n/a;n/a;n/a;n/a;n/a;n/a;n/a
0;CLIENTE;Coordinador Importación;CoordinadorVIPID;51;RIVERA FLORES CRISTINA CECILIA;0000000656;n/a;n/a;n/a;n/a;n/a;n/a;n/a;n/a;n/a;n/a;n/a
0;CLIENTE;Coordinador Importación;CoordinadorVIPID;52;VEGA TUTIVEN ANA KARLA;0000000678;n/a;n/a;n/a;n/a;n/a;n/a;n/a;n/a;n/a;n/a;n/a
0;CLIENTE;Coordinador Importación;CoordinadorVIPID;53;LLERENA URRUTIA JESSICA MARIANA;0000000699;n/a;n/a;n/a;n/a;n/a;n/a;n/a;n/a;n/a;n/a;n/a
0;CLIENTE;Coordinador Importación;CoordinadorVIPID;54;CEDEÑO ANTON ALDO FABIAN;0000000701;n/a;n/a;n/a;n/a;n/a;n/a;n/a;n/a;n/a;n/a;n/a
0;CLIENTE;Coordinador Importación;CoordinadorVIPID;55;MERA SIGUENCIA JENNY KARINA;0000000705;n/a;n/a;n/a;n/a;n/a;n/a;n/a;n/a;n/a;n/a;n/a
0;CLIENTE;Coordinador Importación;CoordinadorVIPID;56;NIETO GONZALES MARJORIE DENISSE;0000000707;n/a;n/a;n/a;n/a;n/a;n/a;n/a;n/a;n/a;n/a;n/a
0;CLIENTE;Coordinador Importación;CoordinadorVIPID;57;PAZMIÑO FREIRE KAREN MELISSA;0000000708;n/a;n/a;n/a;n/a;n/a;n/a;n/a;n/a;n/a;n/a;n/a
0;CLIENTE;Coordinador Importación;CoordinadorVIPID;58;BRIONES IZURIETA JOSEPH DANIEL;0000000739;n/a;n/a;n/a;n/a;n/a;n/a;n/a;n/a;n/a;n/a;n/a
0;CLIENTE;Coordinador Importación;CoordinadorVIPID;59;MORA ALAVA MIGUEL ANDRES;0000000745;n/a;n/a;n/a;n/a;n/a;n/a;n/a;n/a;n/a;n/a;n/a
0;CLIENTE;Coordinador Importación;CoordinadorVIPID;60;MONTALVO CHAGUAY VIVIANA DAMARID;0000000746;n/a;n/a;n/a;n/a;n/a;n/a;n/a;n/a;n/a;n/a;n/a
0;CLIENTE;Coordinador Importación;CoordinadorVIPID;61;CAMPOZANO RUEDA ANA MARIA;0000000786;n/a;n/a;n/a;n/a;n/a;n/a;n/a;n/a;n/a;n/a;n/a
0;CLIENTE;Coordinador Importación;CoordinadorVIPID;62;YANCE BAJAÑA JEAN LINDON;0000000811;n/a;n/a;n/a;n/a;n/a;n/a;n/a;n/a;n/a;n/a;n/a
0;CLIENTE;Coordinador Importación;CoordinadorVIPID;63;SILVA RUIZ LUIS AURELIO;0000000815;n/a;n/a;n/a;n/a;n/a;n/a;n/a;n/a;n/a;n/a;n/a
0;CLIENTE;Coordinador Importación;CoordinadorVIPID;64;COLOMA FUENTES JENNIFER ELIZABETH;0000000819;n/a;n/a;n/a;n/a;n/a;n/a;n/a;n/a;n/a;n/a;n/a
0;CLIENTE;Coordinador Importación;CoordinadorVIPID;65;ALCIVAR FORTIS GENESSIS PILAR;0000000821;n/a;n/a;n/a;n/a;n/a;n/a;n/a;n/a;n/a;n/a;n/a
0;CLIENTE;Coordinador Importación;CoordinadorVIPID;66;RIVERA CEVALLOS MARIA JOSE;0000000831;n/a;n/a;n/a;n/a;n/a;n/a;n/a;n/a;n/a;n/a;n/a
0;CLIENTE;Coordinador Importación;CoordinadorVIPID;67;GONZALEZ MOREIRA ANDREA BELEN;0000000841;n/a;n/a;n/a;n/a;n/a;n/a;n/a;n/a;n/a;n/a;n/a
0;CLIENTE;Coordinador Importación;CoordinadorVIPID;68;MUÑOZ PIGUAVE ELEANA BEATRIZ;0000000850;n/a;n/a;n/a;n/a;n/a;n/a;n/a;n/a;n/a;n/a;n/a
0;CLIENTE;Coordinador Importación;CoordinadorVIPID;69;ARAUJO VELEZ GENESIS MARIBEL;1000000001;n/a;n/a;n/a;n/a;n/a;n/a;n/a;n/a;n/a;n/a;n/a
0;CLIENTE;Coordinador Importación;CoordinadorVIPID;70;DELGADO TOURIZ ANGGIE BEATRIZ;0000000879;n/a;n/a;n/a;n/a;n/a;n/a;n/a;n/a;n/a;n/a;n/a
0;CLIENTE;Coordinador Importación;CoordinadorVIPID;71;ESPINALES TOALA BRYAN JOSE;0000000882;n/a;n/a;n/a;n/a;n/a;n/a;n/a;n/a;n/a;n/a;n/a
0;CLIENTE;Coordinador Importación;CoordinadorVIPID;72;TORRES SANCHEZ KEVIN CARLOS;0000000889;n/a;n/a;n/a;n/a;n/a;n/a;n/a;n/a;n/a;n/a;n/a
0;CLIENTE;Coordinador Importación;CoordinadorVIPID;73;MOREIRA ALVAREZ NADIA VANESSA;0000000103;n/a;n/a;n/a;n/a;n/a;n/a;n/a;n/a;n/a;n/a;n/a
0;CLIENTE;Coordinador Importación;CoordinadorVIPID;74;ALVAREZ FLORES PABLO ANDRE;0000000950;n/a;n/a;n/a;n/a;n/a;n/a;n/a;n/a;n/a;n/a;n/a
0;CLIENTE;Coordinador Importación;CoordinadorVIPID;75;ALVARADO ORELLANA MARIA JOSE;0000000971;n/a;n/a;n/a;n/a;n/a;n/a;n/a;n/a;n/a;n/a;n/a
0;CLIENTE;Coordinador Importación;CoordinadorVIPID;76;CAMPOS ALFARO LISSETTE GEOMAR;0000000986;n/a;n/a;n/a;n/a;n/a;n/a;n/a;n/a;n/a;n/a;n/a
0;CLIENTE;Coordinador Importación;CoordinadorVIPID;77;VEGA ORELLANA ALISSON DENISSE;0000001001;n/a;n/a;n/a;n/a;n/a;n/a;n/a;n/a;n/a;n/a;n/a
0;CLIENTE;Coordinador Importación;CoordinadorVIPID;78;GARAY RODRIGUEZ RAQUEL IVONNE;0000001006;n/a;n/a;n/a;n/a;n/a;n/a;n/a;n/a;n/a;n/a;n/a
0;CLIENTE;Coordinador Importación;CoordinadorVIPID;79;FIGUEROA CUERO CILIA ISABEL;0000001009;n/a;n/a;n/a;n/a;n/a;n/a;n/a;n/a;n/a;n/a;n/a
0;CLIENTE;Coordinador Importación;CoordinadorVIPID;80;CAVERO VILLAMAR NORMA TERESA;0000001015;n/a;n/a;n/a;n/a;n/a;n/a;n/a;n/a;n/a;n/a;n/a
0;CLIENTE;Coordinador Importación;CoordinadorVIPID;81;RUIZ BARZOLA ANTHONY ALEXANDER;0000001020;n/a;n/a;n/a;n/a;n/a;n/a;n/a;n/a;n/a;n/a;n/a
0;CLIENTE;Coordinador Importación;CoordinadorVIPID;82;SALTOS ORDOÑEZ DIANA CECIBEL;0000001023;n/a;n/a;n/a;n/a;n/a;n/a;n/a;n/a;n/a;n/a;n/a
0;CLIENTE;Coordinador Importación;CoordinadorVIPID;83;NAVARRO GONZALEZ INGRID ALEXANDRA;0000001024;n/a;n/a;n/a;n/a;n/a;n/a;n/a;n/a;n/a;n/a;n/a
0;CLIENTE;Coordinador Importación;CoordinadorVIPID;84;PILCO GUZMAN WENDY CAROLINA;0000001039;n/a;n/a;n/a;n/a;n/a;n/a;n/a;n/a;n/a;n/a;n/a
0;CLIENTE;Coordinador Importación;CoordinadorVIPID;85;LOPEZ MACIAS BELLA BERENICE;0000000048;n/a;n/a;n/a;n/a;n/a;n/a;n/a;n/a;n/a;n/a;n/a
0;CLIENTE;Coordinador Importación;CoordinadorVIPID;86;ARAMBULO RODRIGUEZ MARLON ADRIAN;0000001050;n/a;n/a;n/a;n/a;n/a;n/a;n/a;n/a;n/a;n/a;n/a
0;CLIENTE;Coordinador Importación;CoordinadorVIPID;87;HUACON SAAVEDRA AILICEC ALEJANDRA;0000001053;n/a;n/a;n/a;n/a;n/a;n/a;n/a;n/a;n/a;n/a;n/a
0;CLIENTE;Coordinador Importación;CoordinadorVIPID;88;NAVAS CAICEDO OLGA DEL CARMEN;0000000050;n/a;n/a;n/a;n/a;n/a;n/a;n/a;n/a;n/a;n/a;n/a
0;CLIENTE;Coordinador Importación;CoordinadorVIPID;89;MILLAN RODRIGUEZ JONATHAN DANIEL;0000001074;n/a;n/a;n/a;n/a;n/a;n/a;n/a;n/a;n/a;n/a;n/a
0;CLIENTE;Coordinador Importación;CoordinadorVIPID;90;SANCHEZ ALVAREZ KATHERINE ELIZABETH;0000001077;n/a;n/a;n/a;n/a;n/a;n/a;n/a;n/a;n/a;n/a;n/a
0;CLIENTE;Coordinador Importación;CoordinadorVIPID;91;VILLAVICENCIO PESANTEZ DIANA ANTONELLA;0000001084;n/a;n/a;n/a;n/a;n/a;n/a;n/a;n/a;n/a;n/a;n/a
0;CLIENTE;País de residencia o establecimiento permanente a quien se efectúa el pago régimen general;paisResidenciaRegEspecial ;1;AMERICAN SAMOA;0000000001;0000000001;0000000001;0000000001;N/A;N/A;N/A;N/A;N/A;N/A;N/A;N/A
0;CLIENTE;País de residencia o establecimiento permanente a quien se efectúa el pago régimen general;paisResidenciaRegEspecial ;2;BOUVET ISLAND;0000000002;0000000002;0000000002;0000000002;N/A;N/A;N/A;N/A;N/A;N/A;N/A;N/A
0;CLIENTE;País de residencia o establecimiento permanente a quien se efectúa el pago régimen general;paisResidenciaRegEspecial ;3;ARGENTINA;0000000003;0000000003;0000000003;0000000003;N/A;N/A;N/A;N/A;N/A;N/A;N/A;N/A
0;CLIENTE;País de residencia o establecimiento permanente a quien se efectúa el pago régimen general;paisResidenciaRegEspecial ;4;BOLIVIA;0000000004;0000000004;0000000004;0000000004;N/A;N/A;N/A;N/A;N/A;N/A;N/A;N/A
0;CLIENTE;País de residencia o establecimiento permanente a quien se efectúa el pago régimen general;paisResidenciaRegEspecial ;5;BRASIL;0000000005;0000000005;0000000005;0000000005;N/A;N/A;N/A;N/A;N/A;N/A;N/A;N/A
0;CLIENTE;País de residencia o establecimiento permanente a quien se efectúa el pago régimen general;paisResidenciaRegEspecial ;6;CANADA;0000000006;0000000006;0000000006;0000000006;N/A;N/A;N/A;N/A;N/A;N/A;N/A;N/A
0;CLIENTE;País de residencia o establecimiento permanente a quien se efectúa el pago régimen general;paisResidenciaRegEspecial ;7;COLOMBIA;0000000007;0000000007;0000000007;0000000007;N/A;N/A;N/A;N/A;N/A;N/A;N/A;N/A
0;CLIENTE;País de residencia o establecimiento permanente a quien se efectúa el pago régimen general;paisResidenciaRegEspecial ;8;COSTA RICA;0000000008;0000000008;0000000008;0000000008;N/A;N/A;N/A;N/A;N/A;N/A;N/A;N/A
0;CLIENTE;País de residencia o establecimiento permanente a quien se efectúa el pago régimen general;paisResidenciaRegEspecial ;9;CUBA;0000000009;0000000009;0000000009;0000000009;N/A;N/A;N/A;N/A;N/A;N/A;N/A;N/A
0;CLIENTE;País de residencia o establecimiento permanente a quien se efectúa el pago régimen general;paisResidenciaRegEspecial ;10;CHILE;0000000010;0000000010;0000000010;0000000010;N/A;N/A;N/A;N/A;N/A;N/A;N/A;N/A
0;CLIENTE;País de residencia o establecimiento permanente a quien se efectúa el pago régimen general;paisResidenciaRegEspecial ;11;ANGUILA;0000000011;0000000011;0000000011;0000000011;N/A;N/A;N/A;N/A;N/A;N/A;N/A;N/A
0;CLIENTE;País de residencia o establecimiento permanente a quien se efectúa el pago régimen general;paisResidenciaRegEspecial ;12;ESTADOS UNIDOS;0000000012;0000000012;0000000012;0000000012;N/A;N/A;N/A;N/A;N/A;N/A;N/A;N/A
0;CLIENTE;País de residencia o establecimiento permanente a quien se efectúa el pago régimen general;paisResidenciaRegEspecial ;13;GUATEMALA;0000000013;0000000013;0000000013;0000000013;N/A;N/A;N/A;N/A;N/A;N/A;N/A;N/A
0;CLIENTE;País de residencia o establecimiento permanente a quien se efectúa el pago régimen general;paisResidenciaRegEspecial ;14;HAITI;0000000014;0000000014;0000000014;0000000014;N/A;N/A;N/A;N/A;N/A;N/A;N/A;N/A
0;CLIENTE;País de residencia o establecimiento permanente a quien se efectúa el pago régimen general;paisResidenciaRegEspecial ;15;HONDURAS;0000000015;0000000015;0000000015;0000000015;N/A;N/A;N/A;N/A;N/A;N/A;N/A;N/A
0;CLIENTE;País de residencia o establecimiento permanente a quien se efectúa el pago régimen general;paisResidenciaRegEspecial ;16;JAMAICA;0000000016;0000000016;0000000016;0000000016;N/A;N/A;N/A;N/A;N/A;N/A;N/A;N/A
0;CLIENTE;País de residencia o establecimiento permanente a quien se efectúa el pago régimen general;paisResidenciaRegEspecial ;17;MALVINAS  ISLAS;0000000017;0000000017;0000000017;0000000017;N/A;N/A;N/A;N/A;N/A;N/A;N/A;N/A
0;CLIENTE;País de residencia o establecimiento permanente a quien se efectúa el pago régimen general;paisResidenciaRegEspecial ;18;MEXICO;0000000018;0000000018;0000000018;0000000018;N/A;N/A;N/A;N/A;N/A;N/A;N/A;N/A
0;CLIENTE;País de residencia o establecimiento permanente a quien se efectúa el pago régimen general;paisResidenciaRegEspecial ;19;NICARAGUA;0000000019;0000000019;0000000019;0000000019;N/A;N/A;N/A;N/A;N/A;N/A;N/A;N/A
0;CLIENTE;País de residencia o establecimiento permanente a quien se efectúa el pago régimen general;paisResidenciaRegEspecial ;20;PANAMA;0000000020;0000000020;0000000020;0000000020;N/A;N/A;N/A;N/A;N/A;N/A;N/A;N/A
0;CLIENTE;País de residencia o establecimiento permanente a quien se efectúa el pago régimen general;paisResidenciaRegEspecial ;21;PARAGUAY;0000000021;0000000021;0000000021;0000000021;N/A;N/A;N/A;N/A;N/A;N/A;N/A;N/A
0;CLIENTE;País de residencia o establecimiento permanente a quien se efectúa el pago régimen general;paisResidenciaRegEspecial ;22;PERU;0000000022;0000000022;0000000022;0000000022;N/A;N/A;N/A;N/A;N/A;N/A;N/A;N/A
0;CLIENTE;País de residencia o establecimiento permanente a quien se efectúa el pago régimen general;paisResidenciaRegEspecial ;23;PUERTO RICO;0000000023;0000000023;0000000023;0000000023;N/A;N/A;N/A;N/A;N/A;N/A;N/A;N/A
0;CLIENTE;País de residencia o establecimiento permanente a quien se efectúa el pago régimen general;paisResidenciaRegEspecial ;24;REPUBLICA DOMINICANA;0000000024;0000000024;0000000024;0000000024;N/A;N/A;N/A;N/A;N/A;N/A;N/A;N/A
0;CLIENTE;País de residencia o establecimiento permanente a quien se efectúa el pago régimen general;paisResidenciaRegEspecial ;25;EL SALVADOR;0000000025;0000000025;0000000025;0000000025;N/A;N/A;N/A;N/A;N/A;N/A;N/A;N/A
0;CLIENTE;País de residencia o establecimiento permanente a quien se efectúa el pago régimen general;paisResidenciaRegEspecial ;26;TRINIDAD Y TOBAGO;0000000026;0000000026;0000000026;0000000026;N/A;N/A;N/A;N/A;N/A;N/A;N/A;N/A
0;CLIENTE;País de residencia o establecimiento permanente a quien se efectúa el pago régimen general;paisResidenciaRegEspecial ;27;URUGUAY;0000000027;0000000027;0000000027;0000000027;N/A;N/A;N/A;N/A;N/A;N/A;N/A;N/A
0;CLIENTE;País de residencia o establecimiento permanente a quien se efectúa el pago régimen general;paisResidenciaRegEspecial ;28;VENEZUELA;0000000028;0000000028;0000000028;0000000028;N/A;N/A;N/A;N/A;N/A;N/A;N/A;N/A
0;CLIENTE;País de residencia o establecimiento permanente a quien se efectúa el pago régimen general;paisResidenciaRegEspecial ;29;CURAZAO;0000000029;0000000029;0000000029;0000000029;N/A;N/A;N/A;N/A;N/A;N/A;N/A;N/A
0;CLIENTE;País de residencia o establecimiento permanente a quien se efectúa el pago régimen general;paisResidenciaRegEspecial ;30;BAHAMAS;0000000030;0000000030;0000000030;0000000030;N/A;N/A;N/A;N/A;N/A;N/A;N/A;N/A
0;CLIENTE;País de residencia o establecimiento permanente a quien se efectúa el pago régimen general;paisResidenciaRegEspecial ;31;BARBADOS;0000000031;0000000031;0000000031;0000000031;N/A;N/A;N/A;N/A;N/A;N/A;N/A;N/A
0;CLIENTE;País de residencia o establecimiento permanente a quien se efectúa el pago régimen general;paisResidenciaRegEspecial ;32;GRANADA;0000000032;0000000032;0000000032;0000000032;N/A;N/A;N/A;N/A;N/A;N/A;N/A;N/A
0;CLIENTE;País de residencia o establecimiento permanente a quien se efectúa el pago régimen general;paisResidenciaRegEspecial ;33;GUYANA;0000000033;0000000033;0000000033;0000000033;N/A;N/A;N/A;N/A;N/A;N/A;N/A;N/A
0;CLIENTE;País de residencia o establecimiento permanente a quien se efectúa el pago régimen general;paisResidenciaRegEspecial ;34;SURINAM;0000000034;0000000034;0000000034;0000000034;N/A;N/A;N/A;N/A;N/A;N/A;N/A;N/A
0;CLIENTE;País de residencia o establecimiento permanente a quien se efectúa el pago régimen general;paisResidenciaRegEspecial ;35;ANTIGUA Y BARBUDA;0000000035;0000000035;0000000035;0000000035;N/A;N/A;N/A;N/A;N/A;N/A;N/A;N/A
0;CLIENTE;País de residencia o establecimiento permanente a quien se efectúa el pago régimen general;paisResidenciaRegEspecial ;36;BELICE;0000000036;0000000036;0000000036;0000000036;N/A;N/A;N/A;N/A;N/A;N/A;N/A;N/A
0;CLIENTE;País de residencia o establecimiento permanente a quien se efectúa el pago régimen general;paisResidenciaRegEspecial ;37;DOMINICA;0000000037;0000000037;0000000037;0000000037;N/A;N/A;N/A;N/A;N/A;N/A;N/A;N/A
0;CLIENTE;País de residencia o establecimiento permanente a quien se efectúa el pago régimen general;paisResidenciaRegEspecial ;38;SAN CRISTOBAL Y NEVIS;0000000038;0000000038;0000000038;0000000038;N/A;N/A;N/A;N/A;N/A;N/A;N/A;N/A
0;CLIENTE;País de residencia o establecimiento permanente a quien se efectúa el pago régimen general;paisResidenciaRegEspecial ;39;SANTA LUCIA;0000000039;0000000039;0000000039;0000000039;N/A;N/A;N/A;N/A;N/A;N/A;N/A;N/A
0;CLIENTE;País de residencia o establecimiento permanente a quien se efectúa el pago régimen general;paisResidenciaRegEspecial ;40;SAN VICENTE Y LAS GRANAD.;0000000040;0000000040;0000000040;0000000040;N/A;N/A;N/A;N/A;N/A;N/A;N/A;N/A
0;CLIENTE;País de residencia o establecimiento permanente a quien se efectúa el pago régimen general;paisResidenciaRegEspecial ;41;ANTILLAS HOLANDESAS;0000000041;0000000041;0000000041;0000000041;N/A;N/A;N/A;N/A;N/A;N/A;N/A;N/A
0;CLIENTE;País de residencia o establecimiento permanente a quien se efectúa el pago régimen general;paisResidenciaRegEspecial ;42;ARUBA;0000000042;0000000042;0000000042;0000000042;N/A;N/A;N/A;N/A;N/A;N/A;N/A;N/A
0;CLIENTE;País de residencia o establecimiento permanente a quien se efectúa el pago régimen general;paisResidenciaRegEspecial ;43;BERMUDA;0000000043;0000000043;0000000043;0000000043;N/A;N/A;N/A;N/A;N/A;N/A;N/A;N/A
0;CLIENTE;País de residencia o establecimiento permanente a quien se efectúa el pago régimen general;paisResidenciaRegEspecial ;44;GUADALUPE;0000000044;0000000044;0000000044;0000000044;N/A;N/A;N/A;N/A;N/A;N/A;N/A;N/A
0;CLIENTE;País de residencia o establecimiento permanente a quien se efectúa el pago régimen general;paisResidenciaRegEspecial ;45;GUYANA FRANCESA;0000000045;0000000045;0000000045;0000000045;N/A;N/A;N/A;N/A;N/A;N/A;N/A;N/A
0;CLIENTE;País de residencia o establecimiento permanente a quien se efectúa el pago régimen general;paisResidenciaRegEspecial ;46;ISLAS CAIMAN;0000000046;0000000046;0000000046;0000000046;N/A;N/A;N/A;N/A;N/A;N/A;N/A;N/A
0;CLIENTE;País de residencia o establecimiento permanente a quien se efectúa el pago régimen general;paisResidenciaRegEspecial ;47;ISLAS VIRGENES (BRITANICAS);0000000047;0000000047;0000000047;0000000047;N/A;N/A;N/A;N/A;N/A;N/A;N/A;N/A
0;CLIENTE;País de residencia o establecimiento permanente a quien se efectúa el pago régimen general;paisResidenciaRegEspecial ;48;JOHNSTON ISLA;0000000048;0000000048;0000000048;0000000048;N/A;N/A;N/A;N/A;N/A;N/A;N/A;N/A
0;CLIENTE;País de residencia o establecimiento permanente a quien se efectúa el pago régimen general;paisResidenciaRegEspecial ;49;MARTINICA;0000000049;0000000049;0000000049;0000000049;N/A;N/A;N/A;N/A;N/A;N/A;N/A;N/A
0;CLIENTE;País de residencia o establecimiento permanente a quien se efectúa el pago régimen general;paisResidenciaRegEspecial ;50;MONTSERRAT ISLA;0000000050;0000000050;0000000050;0000000050;N/A;N/A;N/A;N/A;N/A;N/A;N/A;N/A
0;CLIENTE;País de residencia o establecimiento permanente a quien se efectúa el pago régimen general;paisResidenciaRegEspecial ;51;TURCAS  Y CAICOS ISLAS;0000000051;0000000051;0000000051;0000000051;N/A;N/A;N/A;N/A;N/A;N/A;N/A;N/A
0;CLIENTE;País de residencia o establecimiento permanente a quien se efectúa el pago régimen general;paisResidenciaRegEspecial ;52;VIRGENES,ISLAS(NORT.AMER.);0000000052;0000000052;0000000052;0000000052;N/A;N/A;N/A;N/A;N/A;N/A;N/A;N/A
0;CLIENTE;País de residencia o establecimiento permanente a quien se efectúa el pago régimen general;paisResidenciaRegEspecial ;53;ALBANIA;0000000053;0000000053;0000000053;0000000053;N/A;N/A;N/A;N/A;N/A;N/A;N/A;N/A
0;CLIENTE;País de residencia o establecimiento permanente a quien se efectúa el pago régimen general;paisResidenciaRegEspecial ;54;ALEMANIA;0000000054;0000000054;0000000054;0000000054;N/A;N/A;N/A;N/A;N/A;N/A;N/A;N/A
0;CLIENTE;País de residencia o establecimiento permanente a quien se efectúa el pago régimen general;paisResidenciaRegEspecial ;55;AUSTRIA;0000000055;0000000055;0000000055;0000000055;N/A;N/A;N/A;N/A;N/A;N/A;N/A;N/A
0;CLIENTE;País de residencia o establecimiento permanente a quien se efectúa el pago régimen general;paisResidenciaRegEspecial ;56;BELGICA;0000000056;0000000056;0000000056;0000000056;N/A;N/A;N/A;N/A;N/A;N/A;N/A;N/A
0;CLIENTE;País de residencia o establecimiento permanente a quien se efectúa el pago régimen general;paisResidenciaRegEspecial ;57;BULGARIA;0000000057;0000000057;0000000057;0000000057;N/A;N/A;N/A;N/A;N/A;N/A;N/A;N/A
0;CLIENTE;País de residencia o establecimiento permanente a quien se efectúa el pago régimen general;paisResidenciaRegEspecial ;58;ALBORAN Y PEREJIL;0000000058;0000000058;0000000058;0000000058;N/A;N/A;N/A;N/A;N/A;N/A;N/A;N/A
0;CLIENTE;País de residencia o establecimiento permanente a quien se efectúa el pago régimen general;paisResidenciaRegEspecial ;59;DINAMARCA;0000000059;0000000059;0000000059;0000000059;N/A;N/A;N/A;N/A;N/A;N/A;N/A;N/A
0;CLIENTE;País de residencia o establecimiento permanente a quien se efectúa el pago régimen general;paisResidenciaRegEspecial ;60;ESPAÑA;0000000060;0000000060;0000000060;0000000060;N/A;N/A;N/A;N/A;N/A;N/A;N/A;N/A
0;CLIENTE;País de residencia o establecimiento permanente a quien se efectúa el pago régimen general;paisResidenciaRegEspecial ;61;FRANCIA;0000000061;0000000061;0000000061;0000000061;N/A;N/A;N/A;N/A;N/A;N/A;N/A;N/A
0;CLIENTE;País de residencia o establecimiento permanente a quien se efectúa el pago régimen general;paisResidenciaRegEspecial ;62;FINLANDIA;0000000062;0000000062;0000000062;0000000062;N/A;N/A;N/A;N/A;N/A;N/A;N/A;N/A
0;CLIENTE;País de residencia o establecimiento permanente a quien se efectúa el pago régimen general;paisResidenciaRegEspecial ;63;REINO UNIDO;0000000063;0000000063;0000000063;0000000063;N/A;N/A;N/A;N/A;N/A;N/A;N/A;N/A
0;CLIENTE;País de residencia o establecimiento permanente a quien se efectúa el pago régimen general;paisResidenciaRegEspecial ;64;GRECIA;0000000064;0000000064;0000000064;0000000064;N/A;N/A;N/A;N/A;N/A;N/A;N/A;N/A
0;CLIENTE;País de residencia o establecimiento permanente a quien se efectúa el pago régimen general;paisResidenciaRegEspecial ;65;PAISES BAJOS (HOLANDA);0000000065;0000000065;0000000065;0000000065;N/A;N/A;N/A;N/A;N/A;N/A;N/A;N/A
0;CLIENTE;País de residencia o establecimiento permanente a quien se efectúa el pago régimen general;paisResidenciaRegEspecial ;66;HUNGRIA;0000000066;0000000066;0000000066;0000000066;N/A;N/A;N/A;N/A;N/A;N/A;N/A;N/A
0;CLIENTE;País de residencia o establecimiento permanente a quien se efectúa el pago régimen general;paisResidenciaRegEspecial ;67;IRLANDA;0000000067;0000000067;0000000067;0000000067;N/A;N/A;N/A;N/A;N/A;N/A;N/A;N/A
0;CLIENTE;País de residencia o establecimiento permanente a quien se efectúa el pago régimen general;paisResidenciaRegEspecial ;68;ISLANDIA;0000000068;0000000068;0000000068;0000000068;N/A;N/A;N/A;N/A;N/A;N/A;N/A;N/A
0;CLIENTE;País de residencia o establecimiento permanente a quien se efectúa el pago régimen general;paisResidenciaRegEspecial ;69;ITALIA;0000000069;0000000069;0000000069;0000000069;N/A;N/A;N/A;N/A;N/A;N/A;N/A;N/A
0;CLIENTE;País de residencia o establecimiento permanente a quien se efectúa el pago régimen general;paisResidenciaRegEspecial ;70;LUXEMBURGO;0000000070;0000000070;0000000070;0000000070;N/A;N/A;N/A;N/A;N/A;N/A;N/A;N/A
0;CLIENTE;País de residencia o establecimiento permanente a quien se efectúa el pago régimen general;paisResidenciaRegEspecial ;71;MALTA;0000000071;0000000071;0000000071;0000000071;N/A;N/A;N/A;N/A;N/A;N/A;N/A;N/A
0;CLIENTE;País de residencia o establecimiento permanente a quien se efectúa el pago régimen general;paisResidenciaRegEspecial ;72;NORUEGA;0000000072;0000000072;0000000072;0000000072;N/A;N/A;N/A;N/A;N/A;N/A;N/A;N/A
0;CLIENTE;País de residencia o establecimiento permanente a quien se efectúa el pago régimen general;paisResidenciaRegEspecial ;73;POLONIA;0000000073;0000000073;0000000073;0000000073;N/A;N/A;N/A;N/A;N/A;N/A;N/A;N/A
0;CLIENTE;País de residencia o establecimiento permanente a quien se efectúa el pago régimen general;paisResidenciaRegEspecial ;74;PORTUGAL;0000000074;0000000074;0000000074;0000000074;N/A;N/A;N/A;N/A;N/A;N/A;N/A;N/A
0;CLIENTE;País de residencia o establecimiento permanente a quien se efectúa el pago régimen general;paisResidenciaRegEspecial ;75;RUMANIA;0000000075;0000000075;0000000075;0000000075;N/A;N/A;N/A;N/A;N/A;N/A;N/A;N/A
0;CLIENTE;País de residencia o establecimiento permanente a quien se efectúa el pago régimen general;paisResidenciaRegEspecial ;76;SUECIA;0000000076;0000000076;0000000076;0000000076;N/A;N/A;N/A;N/A;N/A;N/A;N/A;N/A
0;CLIENTE;País de residencia o establecimiento permanente a quien se efectúa el pago régimen general;paisResidenciaRegEspecial ;77;SUIZA;0000000077;0000000077;0000000077;0000000077;N/A;N/A;N/A;N/A;N/A;N/A;N/A;N/A
0;CLIENTE;País de residencia o establecimiento permanente a quien se efectúa el pago régimen general;paisResidenciaRegEspecial ;78;CANARIAS  ISLAS;0000000078;0000000078;0000000078;0000000078;N/A;N/A;N/A;N/A;N/A;N/A;N/A;N/A
0;CLIENTE;País de residencia o establecimiento permanente a quien se efectúa el pago régimen general;paisResidenciaRegEspecial ;79;UCRANIA;0000000079;0000000079;0000000079;0000000079;N/A;N/A;N/A;N/A;N/A;N/A;N/A;N/A
0;CLIENTE;País de residencia o establecimiento permanente a quien se efectúa el pago régimen general;paisResidenciaRegEspecial ;80;RUSIA;0000000080;0000000080;0000000080;0000000080;N/A;N/A;N/A;N/A;N/A;N/A;N/A;N/A
0;CLIENTE;País de residencia o establecimiento permanente a quien se efectúa el pago régimen general;paisResidenciaRegEspecial ;81;YUGOSLAVIA;0000000081;0000000081;0000000081;0000000081;N/A;N/A;N/A;N/A;N/A;N/A;N/A;N/A
0;CLIENTE;País de residencia o establecimiento permanente a quien se efectúa el pago régimen general;paisResidenciaRegEspecial ;82;ANDORRA;0000000082;0000000082;0000000082;0000000082;N/A;N/A;N/A;N/A;N/A;N/A;N/A;N/A
0;CLIENTE;País de residencia o establecimiento permanente a quien se efectúa el pago régimen general;paisResidenciaRegEspecial ;83;LIECHTENSTEIN;0000000083;0000000083;0000000083;0000000083;N/A;N/A;N/A;N/A;N/A;N/A;N/A;N/A
0;CLIENTE;País de residencia o establecimiento permanente a quien se efectúa el pago régimen general;paisResidenciaRegEspecial ;84;MONACO;0000000084;0000000084;0000000084;0000000084;N/A;N/A;N/A;N/A;N/A;N/A;N/A;N/A
0;CLIENTE;País de residencia o establecimiento permanente a quien se efectúa el pago régimen general;paisResidenciaRegEspecial ;85;SAN MARINO;0000000085;0000000085;0000000085;0000000085;N/A;N/A;N/A;N/A;N/A;N/A;N/A;N/A
0;CLIENTE;País de residencia o establecimiento permanente a quien se efectúa el pago régimen general;paisResidenciaRegEspecial ;86;VATICANO (SANTA SEDE);0000000086;0000000086;0000000086;0000000086;N/A;N/A;N/A;N/A;N/A;N/A;N/A;N/A
0;CLIENTE;País de residencia o establecimiento permanente a quien se efectúa el pago régimen general;paisResidenciaRegEspecial ;87;GIBRALTAR;0000000087;0000000087;0000000087;0000000087;N/A;N/A;N/A;N/A;N/A;N/A;N/A;N/A
0;CLIENTE;País de residencia o establecimiento permanente a quien se efectúa el pago régimen general;paisResidenciaRegEspecial ;88;BELARUS;0000000088;0000000088;0000000088;0000000088;N/A;N/A;N/A;N/A;N/A;N/A;N/A;N/A
0;CLIENTE;País de residencia o establecimiento permanente a quien se efectúa el pago régimen general;paisResidenciaRegEspecial ;89;BOSNIA Y HERZEGOVINA;0000000089;0000000089;0000000089;0000000089;N/A;N/A;N/A;N/A;N/A;N/A;N/A;N/A
0;CLIENTE;País de residencia o establecimiento permanente a quien se efectúa el pago régimen general;paisResidenciaRegEspecial ;90;CROACIA;0000000090;0000000090;0000000090;0000000090;N/A;N/A;N/A;N/A;N/A;N/A;N/A;N/A
0;CLIENTE;País de residencia o establecimiento permanente a quien se efectúa el pago régimen general;paisResidenciaRegEspecial ;91;ESLOVENIA;0000000091;0000000091;0000000091;0000000091;N/A;N/A;N/A;N/A;N/A;N/A;N/A;N/A
0;CLIENTE;País de residencia o establecimiento permanente a quien se efectúa el pago régimen general;paisResidenciaRegEspecial ;92;ESTONIA;0000000092;0000000092;0000000092;0000000092;N/A;N/A;N/A;N/A;N/A;N/A;N/A;N/A
0;CLIENTE;País de residencia o establecimiento permanente a quien se efectúa el pago régimen general;paisResidenciaRegEspecial ;93;GEORGIA;0000000093;0000000093;0000000093;0000000093;N/A;N/A;N/A;N/A;N/A;N/A;N/A;N/A
0;CLIENTE;País de residencia o establecimiento permanente a quien se efectúa el pago régimen general;paisResidenciaRegEspecial ;94;GROENLANDIA;0000000094;0000000094;0000000094;0000000094;N/A;N/A;N/A;N/A;N/A;N/A;N/A;N/A
0;CLIENTE;País de residencia o establecimiento permanente a quien se efectúa el pago régimen general;paisResidenciaRegEspecial ;95;LETONIA;0000000095;0000000095;0000000095;0000000095;N/A;N/A;N/A;N/A;N/A;N/A;N/A;N/A
0;CLIENTE;País de residencia o establecimiento permanente a quien se efectúa el pago régimen general;paisResidenciaRegEspecial ;96;LITUANIA;0000000096;0000000096;0000000096;0000000096;N/A;N/A;N/A;N/A;N/A;N/A;N/A;N/A
0;CLIENTE;País de residencia o establecimiento permanente a quien se efectúa el pago régimen general;paisResidenciaRegEspecial ;97;MOLDOVA;0000000097;0000000097;0000000097;0000000097;N/A;N/A;N/A;N/A;N/A;N/A;N/A;N/A
0;CLIENTE;País de residencia o establecimiento permanente a quien se efectúa el pago régimen general;paisResidenciaRegEspecial ;98;MACEDONIA;0000000098;0000000098;0000000098;0000000098;N/A;N/A;N/A;N/A;N/A;N/A;N/A;N/A
0;CLIENTE;País de residencia o establecimiento permanente a quien se efectúa el pago régimen general;paisResidenciaRegEspecial ;99;ESLOVAQUIA;0000000099;0000000099;0000000099;0000000099;N/A;N/A;N/A;N/A;N/A;N/A;N/A;N/A
0;CLIENTE;País de residencia o establecimiento permanente a quien se efectúa el pago régimen general;paisResidenciaRegEspecial ;100;ISLAS FAROE;0000000100;0000000100;0000000100;0000000100;N/A;N/A;N/A;N/A;N/A;N/A;N/A;N/A
0;CLIENTE;País de residencia o establecimiento permanente a quien se efectúa el pago régimen general;paisResidenciaRegEspecial ;101;FRENCH SOUTHERN TERRITORIES;0000000101;0000000101;0000000101;0000000101;N/A;N/A;N/A;N/A;N/A;N/A;N/A;N/A
0;CLIENTE;País de residencia o establecimiento permanente a quien se efectúa el pago régimen general;paisResidenciaRegEspecial ;102;AFGANISTAN;0000000102;0000000102;0000000102;0000000102;N/A;N/A;N/A;N/A;N/A;N/A;N/A;N/A
0;CLIENTE;País de residencia o establecimiento permanente a quien se efectúa el pago régimen general;paisResidenciaRegEspecial ;103;ARABIA SAUDITA;0000000103;0000000103;0000000103;0000000103;N/A;N/A;N/A;N/A;N/A;N/A;N/A;N/A
0;CLIENTE;País de residencia o establecimiento permanente a quien se efectúa el pago régimen general;paisResidenciaRegEspecial ;104;MYANMAR (BURMA);0000000104;0000000104;0000000104;0000000104;N/A;N/A;N/A;N/A;N/A;N/A;N/A;N/A
0;CLIENTE;País de residencia o establecimiento permanente a quien se efectúa el pago régimen general;paisResidenciaRegEspecial ;105;CAMBOYA;0000000105;0000000105;0000000105;0000000105;N/A;N/A;N/A;N/A;N/A;N/A;N/A;N/A
0;CLIENTE;País de residencia o establecimiento permanente a quien se efectúa el pago régimen general;paisResidenciaRegEspecial ;106;COREA NORTE;0000000106;0000000106;0000000106;0000000106;N/A;N/A;N/A;N/A;N/A;N/A;N/A;N/A
0;CLIENTE;País de residencia o establecimiento permanente a quien se efectúa el pago régimen general;paisResidenciaRegEspecial ;107;TAIWAN (CHINA);0000000107;0000000107;0000000107;0000000107;N/A;N/A;N/A;N/A;N/A;N/A;N/A;N/A
0;CLIENTE;País de residencia o establecimiento permanente a quien se efectúa el pago régimen general;paisResidenciaRegEspecial ;108;FILIPINAS;0000000108;0000000108;0000000108;0000000108;N/A;N/A;N/A;N/A;N/A;N/A;N/A;N/A
0;CLIENTE;País de residencia o establecimiento permanente a quien se efectúa el pago régimen general;paisResidenciaRegEspecial ;109;INDIA;0000000109;0000000109;0000000109;0000000109;N/A;N/A;N/A;N/A;N/A;N/A;N/A;N/A
0;CLIENTE;País de residencia o establecimiento permanente a quien se efectúa el pago régimen general;paisResidenciaRegEspecial ;110;INDONESIA;0000000110;0000000110;0000000110;0000000110;N/A;N/A;N/A;N/A;N/A;N/A;N/A;N/A
0;CLIENTE;País de residencia o establecimiento permanente a quien se efectúa el pago régimen general;paisResidenciaRegEspecial ;111;IRAK;0000000111;0000000111;0000000111;0000000111;N/A;N/A;N/A;N/A;N/A;N/A;N/A;N/A
0;CLIENTE;País de residencia o establecimiento permanente a quien se efectúa el pago régimen general;paisResidenciaRegEspecial ;112;IRAN (REPUBLICA ISLAMICA);0000000112;0000000112;0000000112;0000000112;N/A;N/A;N/A;N/A;N/A;N/A;N/A;N/A
0;CLIENTE;País de residencia o establecimiento permanente a quien se efectúa el pago régimen general;paisResidenciaRegEspecial ;113;ISRAEL;0000000113;0000000113;0000000113;0000000113;N/A;N/A;N/A;N/A;N/A;N/A;N/A;N/A
0;CLIENTE;País de residencia o establecimiento permanente a quien se efectúa el pago régimen general;paisResidenciaRegEspecial ;114;JAPON;0000000114;0000000114;0000000114;0000000114;N/A;N/A;N/A;N/A;N/A;N/A;N/A;N/A
0;CLIENTE;País de residencia o establecimiento permanente a quien se efectúa el pago régimen general;paisResidenciaRegEspecial ;115;JORDANIA;0000000115;0000000115;0000000115;0000000115;N/A;N/A;N/A;N/A;N/A;N/A;N/A;N/A
0;CLIENTE;País de residencia o establecimiento permanente a quien se efectúa el pago régimen general;paisResidenciaRegEspecial ;116;KUWAIT;0000000116;0000000116;0000000116;0000000116;N/A;N/A;N/A;N/A;N/A;N/A;N/A;N/A
0;CLIENTE;País de residencia o establecimiento permanente a quien se efectúa el pago régimen general;paisResidenciaRegEspecial ;117;LAOS, REP. POP. DEMOC.;0000000117;0000000117;0000000117;0000000117;N/A;N/A;N/A;N/A;N/A;N/A;N/A;N/A
0;CLIENTE;País de residencia o establecimiento permanente a quien se efectúa el pago régimen general;paisResidenciaRegEspecial ;118;LIBANO;0000000118;0000000118;0000000118;0000000118;N/A;N/A;N/A;N/A;N/A;N/A;N/A;N/A
0;CLIENTE;País de residencia o establecimiento permanente a quien se efectúa el pago régimen general;paisResidenciaRegEspecial ;119;MALASIA;0000000119;0000000119;0000000119;0000000119;N/A;N/A;N/A;N/A;N/A;N/A;N/A;N/A
0;CLIENTE;País de residencia o establecimiento permanente a quien se efectúa el pago régimen general;paisResidenciaRegEspecial ;120;MONGOLIA (MANCHURIA);0000000120;0000000120;0000000120;0000000120;N/A;N/A;N/A;N/A;N/A;N/A;N/A;N/A
0;CLIENTE;País de residencia o establecimiento permanente a quien se efectúa el pago régimen general;paisResidenciaRegEspecial ;121;PAKISTAN;0000000121;0000000121;0000000121;0000000121;N/A;N/A;N/A;N/A;N/A;N/A;N/A;N/A
0;CLIENTE;País de residencia o establecimiento permanente a quien se efectúa el pago régimen general;paisResidenciaRegEspecial ;122;SIRIA;0000000122;0000000122;0000000122;0000000122;N/A;N/A;N/A;N/A;N/A;N/A;N/A;N/A
0;CLIENTE;País de residencia o establecimiento permanente a quien se efectúa el pago régimen general;paisResidenciaRegEspecial ;123;TAILANDIA;0000000123;0000000123;0000000123;0000000123;N/A;N/A;N/A;N/A;N/A;N/A;N/A;N/A
0;CLIENTE;País de residencia o establecimiento permanente a quien se efectúa el pago régimen general;paisResidenciaRegEspecial ;124;BAHREIN;0000000124;0000000124;0000000124;0000000124;N/A;N/A;N/A;N/A;N/A;N/A;N/A;N/A
0;CLIENTE;País de residencia o establecimiento permanente a quien se efectúa el pago régimen general;paisResidenciaRegEspecial ;125;BANGLADESH;0000000125;0000000125;0000000125;0000000125;N/A;N/A;N/A;N/A;N/A;N/A;N/A;N/A
0;CLIENTE;País de residencia o establecimiento permanente a quien se efectúa el pago régimen general;paisResidenciaRegEspecial ;126;BUTAN;0000000126;0000000126;0000000126;0000000126;N/A;N/A;N/A;N/A;N/A;N/A;N/A;N/A
0;CLIENTE;País de residencia o establecimiento permanente a quien se efectúa el pago régimen general;paisResidenciaRegEspecial ;127;COREA DEL SUR;0000000127;0000000127;0000000127;0000000127;N/A;N/A;N/A;N/A;N/A;N/A;N/A;N/A
0;CLIENTE;País de residencia o establecimiento permanente a quien se efectúa el pago régimen general;paisResidenciaRegEspecial ;128;CHINA POPULAR;0000000128;0000000128;0000000128;0000000128;N/A;N/A;N/A;N/A;N/A;N/A;N/A;N/A
0;CLIENTE;País de residencia o establecimiento permanente a quien se efectúa el pago régimen general;paisResidenciaRegEspecial ;129;CHIPRE;0000000129;0000000129;0000000129;0000000129;N/A;N/A;N/A;N/A;N/A;N/A;N/A;N/A
0;CLIENTE;País de residencia o establecimiento permanente a quien se efectúa el pago régimen general;paisResidenciaRegEspecial ;130;EMIRATOS ARABES UNIDOS;0000000130;0000000130;0000000130;0000000130;N/A;N/A;N/A;N/A;N/A;N/A;N/A;N/A
0;CLIENTE;País de residencia o establecimiento permanente a quien se efectúa el pago régimen general;paisResidenciaRegEspecial ;131;QATAR;0000000131;0000000131;0000000131;0000000131;N/A;N/A;N/A;N/A;N/A;N/A;N/A;N/A
0;CLIENTE;País de residencia o establecimiento permanente a quien se efectúa el pago régimen general;paisResidenciaRegEspecial ;132;MALDIVAS;0000000132;0000000132;0000000132;0000000132;N/A;N/A;N/A;N/A;N/A;N/A;N/A;N/A
0;CLIENTE;País de residencia o establecimiento permanente a quien se efectúa el pago régimen general;paisResidenciaRegEspecial ;133;NEPAL;0000000133;0000000133;0000000133;0000000133;N/A;N/A;N/A;N/A;N/A;N/A;N/A;N/A
0;CLIENTE;País de residencia o establecimiento permanente a quien se efectúa el pago régimen general;paisResidenciaRegEspecial ;134;OMAN;0000000134;0000000134;0000000134;0000000134;N/A;N/A;N/A;N/A;N/A;N/A;N/A;N/A
0;CLIENTE;País de residencia o establecimiento permanente a quien se efectúa el pago régimen general;paisResidenciaRegEspecial ;135;SINGAPUR;0000000135;0000000135;0000000135;0000000135;N/A;N/A;N/A;N/A;N/A;N/A;N/A;N/A
0;CLIENTE;País de residencia o establecimiento permanente a quien se efectúa el pago régimen general;paisResidenciaRegEspecial ;136;SRI LANKA (CEILAN);0000000136;0000000136;0000000136;0000000136;N/A;N/A;N/A;N/A;N/A;N/A;N/A;N/A
0;CLIENTE;País de residencia o establecimiento permanente a quien se efectúa el pago régimen general;paisResidenciaRegEspecial ;137;VIETNAM;0000000137;0000000137;0000000137;0000000137;N/A;N/A;N/A;N/A;N/A;N/A;N/A;N/A
0;CLIENTE;País de residencia o establecimiento permanente a quien se efectúa el pago régimen general;paisResidenciaRegEspecial ;138;YEMEN;0000000138;0000000138;0000000138;0000000138;N/A;N/A;N/A;N/A;N/A;N/A;N/A;N/A
0;CLIENTE;País de residencia o establecimiento permanente a quien se efectúa el pago régimen general;paisResidenciaRegEspecial ;139;ISLAS HEARD Y MCDONALD;0000000139;0000000139;0000000139;0000000139;N/A;N/A;N/A;N/A;N/A;N/A;N/A;N/A
0;CLIENTE;País de residencia o establecimiento permanente a quien se efectúa el pago régimen general;paisResidenciaRegEspecial ;140;BRUNEI DARUSSALAM;0000000140;0000000140;0000000140;0000000140;N/A;N/A;N/A;N/A;N/A;N/A;N/A;N/A
0;CLIENTE;País de residencia o establecimiento permanente a quien se efectúa el pago régimen general;paisResidenciaRegEspecial ;141;TURQUIA;0000000141;0000000141;0000000141;0000000141;N/A;N/A;N/A;N/A;N/A;N/A;N/A;N/A
0;CLIENTE;País de residencia o establecimiento permanente a quien se efectúa el pago régimen general;paisResidenciaRegEspecial ;142;AZERBAIJAN;0000000142;0000000142;0000000142;0000000142;N/A;N/A;N/A;N/A;N/A;N/A;N/A;N/A
0;CLIENTE;País de residencia o establecimiento permanente a quien se efectúa el pago régimen general;paisResidenciaRegEspecial ;143;KAZAJSTAN;0000000143;0000000143;0000000143;0000000143;N/A;N/A;N/A;N/A;N/A;N/A;N/A;N/A
0;CLIENTE;País de residencia o establecimiento permanente a quien se efectúa el pago régimen general;paisResidenciaRegEspecial ;144;KIRGUIZISTAN;0000000144;0000000144;0000000144;0000000144;N/A;N/A;N/A;N/A;N/A;N/A;N/A;N/A
0;CLIENTE;País de residencia o establecimiento permanente a quien se efectúa el pago régimen general;paisResidenciaRegEspecial ;145;TAJIKISTAN;0000000145;0000000145;0000000145;0000000145;N/A;N/A;N/A;N/A;N/A;N/A;N/A;N/A
0;CLIENTE;País de residencia o establecimiento permanente a quien se efectúa el pago régimen general;paisResidenciaRegEspecial ;146;TURKMENISTAN;0000000146;0000000146;0000000146;0000000146;N/A;N/A;N/A;N/A;N/A;N/A;N/A;N/A
0;CLIENTE;País de residencia o establecimiento permanente a quien se efectúa el pago régimen general;paisResidenciaRegEspecial ;147;UZBEKISTAN;0000000147;0000000147;0000000147;0000000147;N/A;N/A;N/A;N/A;N/A;N/A;N/A;N/A
0;CLIENTE;País de residencia o establecimiento permanente a quien se efectúa el pago régimen general;paisResidenciaRegEspecial ;148;PALESTINA;0000000148;0000000148;0000000148;0000000148;N/A;N/A;N/A;N/A;N/A;N/A;N/A;N/A
0;CLIENTE;País de residencia o establecimiento permanente a quien se efectúa el pago régimen general;paisResidenciaRegEspecial ;149;HONG KONG;0000000149;0000000149;0000000149;0000000149;N/A;N/A;N/A;N/A;N/A;N/A;N/A;N/A
0;CLIENTE;País de residencia o establecimiento permanente a quien se efectúa el pago régimen general;paisResidenciaRegEspecial ;150;MACAO;0000000150;0000000150;0000000150;0000000150;N/A;N/A;N/A;N/A;N/A;N/A;N/A;N/A
0;CLIENTE;País de residencia o establecimiento permanente a quien se efectúa el pago régimen general;paisResidenciaRegEspecial ;151;ARMENIA;0000000151;0000000151;0000000151;0000000151;N/A;N/A;N/A;N/A;N/A;N/A;N/A;N/A
0;CLIENTE;País de residencia o establecimiento permanente a quien se efectúa el pago régimen general;paisResidenciaRegEspecial ;152;MONTENEGRO;0000000258;0000000258;0000000258;0000000258;N/A;N/A;N/A;N/A;N/A;N/A;N/A;N/A
0;CLIENTE;País de residencia o establecimiento permanente a quien se efectúa el pago régimen general;paisResidenciaRegEspecial ;153;BURKINA FASO;0000000152;0000000152;0000000152;0000000152;N/A;N/A;N/A;N/A;N/A;N/A;N/A;N/A
0;CLIENTE;País de residencia o establecimiento permanente a quien se efectúa el pago régimen general;paisResidenciaRegEspecial ;154;ARGELIA;0000000153;0000000153;0000000153;0000000153;N/A;N/A;N/A;N/A;N/A;N/A;N/A;N/A
0;CLIENTE;País de residencia o establecimiento permanente a quien se efectúa el pago régimen general;paisResidenciaRegEspecial ;155;BURUNDI;0000000154;0000000154;0000000154;0000000154;N/A;N/A;N/A;N/A;N/A;N/A;N/A;N/A
0;CLIENTE;País de residencia o establecimiento permanente a quien se efectúa el pago régimen general;paisResidenciaRegEspecial ;156;CAMERUN;0000000155;0000000155;0000000155;0000000155;N/A;N/A;N/A;N/A;N/A;N/A;N/A;N/A
0;CLIENTE;País de residencia o establecimiento permanente a quien se efectúa el pago régimen general;paisResidenciaRegEspecial ;157;CONGO;0000000156;0000000156;0000000156;0000000156;N/A;N/A;N/A;N/A;N/A;N/A;N/A;N/A
0;CLIENTE;País de residencia o establecimiento permanente a quien se efectúa el pago régimen general;paisResidenciaRegEspecial ;158;ETIOPIA;0000000157;0000000157;0000000157;0000000157;N/A;N/A;N/A;N/A;N/A;N/A;N/A;N/A
0;CLIENTE;País de residencia o establecimiento permanente a quien se efectúa el pago régimen general;paisResidenciaRegEspecial ;159;GAMBIA;0000000158;0000000158;0000000158;0000000158;N/A;N/A;N/A;N/A;N/A;N/A;N/A;N/A
0;CLIENTE;País de residencia o establecimiento permanente a quien se efectúa el pago régimen general;paisResidenciaRegEspecial ;160;GUINEA;0000000159;0000000159;0000000159;0000000159;N/A;N/A;N/A;N/A;N/A;N/A;N/A;N/A
0;CLIENTE;País de residencia o establecimiento permanente a quien se efectúa el pago régimen general;paisResidenciaRegEspecial ;161;LIBERIA;0000000160;0000000160;0000000160;0000000160;N/A;N/A;N/A;N/A;N/A;N/A;N/A;N/A
0;CLIENTE;País de residencia o establecimiento permanente a quien se efectúa el pago régimen general;paisResidenciaRegEspecial ;162;MADAGASCAR;0000000161;0000000161;0000000161;0000000161;N/A;N/A;N/A;N/A;N/A;N/A;N/A;N/A
0;CLIENTE;País de residencia o establecimiento permanente a quien se efectúa el pago régimen general;paisResidenciaRegEspecial ;163;MALAWI;0000000162;0000000162;0000000162;0000000162;N/A;N/A;N/A;N/A;N/A;N/A;N/A;N/A
0;CLIENTE;País de residencia o establecimiento permanente a quien se efectúa el pago régimen general;paisResidenciaRegEspecial ;164;MALI;0000000163;0000000163;0000000163;0000000163;N/A;N/A;N/A;N/A;N/A;N/A;N/A;N/A
0;CLIENTE;País de residencia o establecimiento permanente a quien se efectúa el pago régimen general;paisResidenciaRegEspecial ;165;MARRUECOS;0000000164;0000000164;0000000164;0000000164;N/A;N/A;N/A;N/A;N/A;N/A;N/A;N/A
0;CLIENTE;País de residencia o establecimiento permanente a quien se efectúa el pago régimen general;paisResidenciaRegEspecial ;166;MAURITANIA;0000000165;0000000165;0000000165;0000000165;N/A;N/A;N/A;N/A;N/A;N/A;N/A;N/A
0;CLIENTE;País de residencia o establecimiento permanente a quien se efectúa el pago régimen general;paisResidenciaRegEspecial ;167;NIGERIA;0000000166;0000000166;0000000166;0000000166;N/A;N/A;N/A;N/A;N/A;N/A;N/A;N/A
0;CLIENTE;País de residencia o establecimiento permanente a quien se efectúa el pago régimen general;paisResidenciaRegEspecial ;168;ZIMBABWE (RHODESIA);0000000167;0000000167;0000000167;0000000167;N/A;N/A;N/A;N/A;N/A;N/A;N/A;N/A
0;CLIENTE;País de residencia o establecimiento permanente a quien se efectúa el pago régimen general;paisResidenciaRegEspecial ;169;SENEGAL;0000000168;0000000168;0000000168;0000000168;N/A;N/A;N/A;N/A;N/A;N/A;N/A;N/A
0;CLIENTE;País de residencia o establecimiento permanente a quien se efectúa el pago régimen general;paisResidenciaRegEspecial ;170;SUDAN;0000000169;0000000169;0000000169;0000000169;N/A;N/A;N/A;N/A;N/A;N/A;N/A;N/A
0;CLIENTE;País de residencia o establecimiento permanente a quien se efectúa el pago régimen general;paisResidenciaRegEspecial ;171;SUDAFRICA  (CISKEI);0000000170;0000000170;0000000170;0000000170;N/A;N/A;N/A;N/A;N/A;N/A;N/A;N/A
0;CLIENTE;País de residencia o establecimiento permanente a quien se efectúa el pago régimen general;paisResidenciaRegEspecial ;172;SIERRA LEONA;0000000171;0000000171;0000000171;0000000171;N/A;N/A;N/A;N/A;N/A;N/A;N/A;N/A
0;CLIENTE;País de residencia o establecimiento permanente a quien se efectúa el pago régimen general;paisResidenciaRegEspecial ;173;TANZANIA;0000000172;0000000172;0000000172;0000000172;N/A;N/A;N/A;N/A;N/A;N/A;N/A;N/A
0;CLIENTE;País de residencia o establecimiento permanente a quien se efectúa el pago régimen general;paisResidenciaRegEspecial ;174;UGANDA;0000000173;0000000173;0000000173;0000000173;N/A;N/A;N/A;N/A;N/A;N/A;N/A;N/A
0;CLIENTE;País de residencia o establecimiento permanente a quien se efectúa el pago régimen general;paisResidenciaRegEspecial ;175;ZAMBIA;0000000174;0000000174;0000000174;0000000174;N/A;N/A;N/A;N/A;N/A;N/A;N/A;N/A
0;CLIENTE;País de residencia o establecimiento permanente a quien se efectúa el pago régimen general;paisResidenciaRegEspecial ;176;ÅLAND ISLANDS;0000000175;0000000175;0000000175;0000000175;N/A;N/A;N/A;N/A;N/A;N/A;N/A;N/A
0;CLIENTE;País de residencia o establecimiento permanente a quien se efectúa el pago régimen general;paisResidenciaRegEspecial ;177;BENIN;0000000176;0000000176;0000000176;0000000176;N/A;N/A;N/A;N/A;N/A;N/A;N/A;N/A
0;CLIENTE;País de residencia o establecimiento permanente a quien se efectúa el pago régimen general;paisResidenciaRegEspecial ;178;BOTSWANA;0000000177;0000000177;0000000177;0000000177;N/A;N/A;N/A;N/A;N/A;N/A;N/A;N/A
0;CLIENTE;País de residencia o establecimiento permanente a quien se efectúa el pago régimen general;paisResidenciaRegEspecial ;179;REPUBLICA CENTROAFRICANA;0000000178;0000000178;0000000178;0000000178;N/A;N/A;N/A;N/A;N/A;N/A;N/A;N/A
0;CLIENTE;País de residencia o establecimiento permanente a quien se efectúa el pago régimen general;paisResidenciaRegEspecial ;180;COSTA DE MARFIL;0000000179;0000000179;0000000179;0000000179;N/A;N/A;N/A;N/A;N/A;N/A;N/A;N/A
0;CLIENTE;País de residencia o establecimiento permanente a quien se efectúa el pago régimen general;paisResidenciaRegEspecial ;181;CHAD;0000000180;0000000180;0000000180;0000000180;N/A;N/A;N/A;N/A;N/A;N/A;N/A;N/A
0;CLIENTE;País de residencia o establecimiento permanente a quien se efectúa el pago régimen general;paisResidenciaRegEspecial ;182;EGIPTO;0000000181;0000000181;0000000181;0000000181;N/A;N/A;N/A;N/A;N/A;N/A;N/A;N/A
0;CLIENTE;País de residencia o establecimiento permanente a quien se efectúa el pago régimen general;paisResidenciaRegEspecial ;183;GABON;0000000182;0000000182;0000000182;0000000182;N/A;N/A;N/A;N/A;N/A;N/A;N/A;N/A
0;CLIENTE;País de residencia o establecimiento permanente a quien se efectúa el pago régimen general;paisResidenciaRegEspecial ;184;GHANA;0000000183;0000000183;0000000183;0000000183;N/A;N/A;N/A;N/A;N/A;N/A;N/A;N/A
0;CLIENTE;País de residencia o establecimiento permanente a quien se efectúa el pago régimen general;paisResidenciaRegEspecial ;185;GUINEA-BISSAU;0000000184;0000000184;0000000184;0000000184;N/A;N/A;N/A;N/A;N/A;N/A;N/A;N/A
0;CLIENTE;País de residencia o establecimiento permanente a quien se efectúa el pago régimen general;paisResidenciaRegEspecial ;186;GUINEA ECUATORIAL;0000000185;0000000185;0000000185;0000000185;N/A;N/A;N/A;N/A;N/A;N/A;N/A;N/A
0;CLIENTE;País de residencia o establecimiento permanente a quien se efectúa el pago régimen general;paisResidenciaRegEspecial ;187;KENIA;0000000186;0000000186;0000000186;0000000186;N/A;N/A;N/A;N/A;N/A;N/A;N/A;N/A
0;CLIENTE;País de residencia o establecimiento permanente a quien se efectúa el pago régimen general;paisResidenciaRegEspecial ;188;LESOTHO;0000000187;0000000187;0000000187;0000000187;N/A;N/A;N/A;N/A;N/A;N/A;N/A;N/A
0;CLIENTE;País de residencia o establecimiento permanente a quien se efectúa el pago régimen general;paisResidenciaRegEspecial ;189;MAURICIO;0000000188;0000000188;0000000188;0000000188;N/A;N/A;N/A;N/A;N/A;N/A;N/A;N/A
0;CLIENTE;País de residencia o establecimiento permanente a quien se efectúa el pago régimen general;paisResidenciaRegEspecial ;190;MOZAMBIQUE;0000000189;0000000189;0000000189;0000000189;N/A;N/A;N/A;N/A;N/A;N/A;N/A;N/A
0;CLIENTE;País de residencia o establecimiento permanente a quien se efectúa el pago régimen general;paisResidenciaRegEspecial ;191;MAYOTTE;0000000190;0000000190;0000000190;0000000190;N/A;N/A;N/A;N/A;N/A;N/A;N/A;N/A
0;CLIENTE;País de residencia o establecimiento permanente a quien se efectúa el pago régimen general;paisResidenciaRegEspecial ;192;NIGER;0000000191;0000000191;0000000191;0000000191;N/A;N/A;N/A;N/A;N/A;N/A;N/A;N/A
0;CLIENTE;País de residencia o establecimiento permanente a quien se efectúa el pago régimen general;paisResidenciaRegEspecial ;193;RWANDA;0000000192;0000000192;0000000192;0000000192;N/A;N/A;N/A;N/A;N/A;N/A;N/A;N/A
0;CLIENTE;País de residencia o establecimiento permanente a quien se efectúa el pago régimen general;paisResidenciaRegEspecial ;194;SEYCHELLES;0000000193;0000000193;0000000193;0000000193;N/A;N/A;N/A;N/A;N/A;N/A;N/A;N/A
0;CLIENTE;País de residencia o establecimiento permanente a quien se efectúa el pago régimen general;paisResidenciaRegEspecial ;195;SAHARA OCCIDENTAL;0000000194;0000000194;0000000194;0000000194;N/A;N/A;N/A;N/A;N/A;N/A;N/A;N/A
0;CLIENTE;País de residencia o establecimiento permanente a quien se efectúa el pago régimen general;paisResidenciaRegEspecial ;196;SOMALIA;0000000195;0000000195;0000000195;0000000195;N/A;N/A;N/A;N/A;N/A;N/A;N/A;N/A
0;CLIENTE;País de residencia o establecimiento permanente a quien se efectúa el pago régimen general;paisResidenciaRegEspecial ;197;SANTO TOME Y PRINCIPE;0000000196;0000000196;0000000196;0000000196;N/A;N/A;N/A;N/A;N/A;N/A;N/A;N/A
0;CLIENTE;País de residencia o establecimiento permanente a quien se efectúa el pago régimen general;paisResidenciaRegEspecial ;198;SWAZILANDIA;0000000197;0000000197;0000000197;0000000197;N/A;N/A;N/A;N/A;N/A;N/A;N/A;N/A
0;CLIENTE;País de residencia o establecimiento permanente a quien se efectúa el pago régimen general;paisResidenciaRegEspecial ;199;TOGO;0000000198;0000000198;0000000198;0000000198;N/A;N/A;N/A;N/A;N/A;N/A;N/A;N/A
0;CLIENTE;País de residencia o establecimiento permanente a quien se efectúa el pago régimen general;paisResidenciaRegEspecial ;200;TUNEZ;0000000199;0000000199;0000000199;0000000199;N/A;N/A;N/A;N/A;N/A;N/A;N/A;N/A
0;CLIENTE;País de residencia o establecimiento permanente a quien se efectúa el pago régimen general;paisResidenciaRegEspecial ;201;ZAIRE;0000000200;0000000200;0000000200;0000000200;N/A;N/A;N/A;N/A;N/A;N/A;N/A;N/A
0;CLIENTE;País de residencia o establecimiento permanente a quien se efectúa el pago régimen general;paisResidenciaRegEspecial ;202;ANGOLA;0000000201;0000000201;0000000201;0000000201;N/A;N/A;N/A;N/A;N/A;N/A;N/A;N/A
0;CLIENTE;País de residencia o establecimiento permanente a quien se efectúa el pago régimen general;paisResidenciaRegEspecial ;203;CABO VERDE;0000000202;0000000202;0000000202;0000000202;N/A;N/A;N/A;N/A;N/A;N/A;N/A;N/A
0;CLIENTE;País de residencia o establecimiento permanente a quien se efectúa el pago régimen general;paisResidenciaRegEspecial ;204;COMORAS;0000000203;0000000203;0000000203;0000000203;N/A;N/A;N/A;N/A;N/A;N/A;N/A;N/A
0;CLIENTE;País de residencia o establecimiento permanente a quien se efectúa el pago régimen general;paisResidenciaRegEspecial ;205;DJIBOUTI;0000000204;0000000204;0000000204;0000000204;N/A;N/A;N/A;N/A;N/A;N/A;N/A;N/A
0;CLIENTE;País de residencia o establecimiento permanente a quien se efectúa el pago régimen general;paisResidenciaRegEspecial ;206;NAMIBIA;0000000205;0000000205;0000000205;0000000205;N/A;N/A;N/A;N/A;N/A;N/A;N/A;N/A
0;CLIENTE;País de residencia o establecimiento permanente a quien se efectúa el pago régimen general;paisResidenciaRegEspecial ;207;ERITREA;0000000206;0000000206;0000000206;0000000206;N/A;N/A;N/A;N/A;N/A;N/A;N/A;N/A
0;CLIENTE;País de residencia o establecimiento permanente a quien se efectúa el pago régimen general;paisResidenciaRegEspecial ;208;MOROCCO;0000000207;0000000207;0000000207;0000000207;N/A;N/A;N/A;N/A;N/A;N/A;N/A;N/A
0;CLIENTE;País de residencia o establecimiento permanente a quien se efectúa el pago régimen general;paisResidenciaRegEspecial ;209;REUNION;0000000208;0000000208;0000000208;0000000208;N/A;N/A;N/A;N/A;N/A;N/A;N/A;N/A
0;CLIENTE;País de residencia o establecimiento permanente a quien se efectúa el pago régimen general;paisResidenciaRegEspecial ;210;SANTA ELENA;0000000209;0000000209;0000000209;0000000209;N/A;N/A;N/A;N/A;N/A;N/A;N/A;N/A
0;CLIENTE;País de residencia o establecimiento permanente a quien se efectúa el pago régimen general;paisResidenciaRegEspecial ;211;JERSEY;0000000210;0000000210;0000000210;0000000210;N/A;N/A;N/A;N/A;N/A;N/A;N/A;N/A
0;CLIENTE;País de residencia o establecimiento permanente a quien se efectúa el pago régimen general;paisResidenciaRegEspecial ;212;AUSTRALIA;0000000211;0000000211;0000000211;0000000211;N/A;N/A;N/A;N/A;N/A;N/A;N/A;N/A
0;CLIENTE;País de residencia o establecimiento permanente a quien se efectúa el pago régimen general;paisResidenciaRegEspecial ;213;NUEVA ZELANDA;0000000212;0000000212;0000000212;0000000212;N/A;N/A;N/A;N/A;N/A;N/A;N/A;N/A
0;CLIENTE;País de residencia o establecimiento permanente a quien se efectúa el pago régimen general;paisResidenciaRegEspecial ;214;SAMOA OCCIDENTAL;0000000213;0000000213;0000000213;0000000213;N/A;N/A;N/A;N/A;N/A;N/A;N/A;N/A
0;CLIENTE;País de residencia o establecimiento permanente a quien se efectúa el pago régimen general;paisResidenciaRegEspecial ;215;FIJI;0000000214;0000000214;0000000214;0000000214;N/A;N/A;N/A;N/A;N/A;N/A;N/A;N/A
0;CLIENTE;País de residencia o establecimiento permanente a quien se efectúa el pago régimen general;paisResidenciaRegEspecial ;216;PAPUA NUEVA GUINEA;0000000215;0000000215;0000000215;0000000215;N/A;N/A;N/A;N/A;N/A;N/A;N/A;N/A
0;CLIENTE;País de residencia o establecimiento permanente a quien se efectúa el pago régimen general;paisResidenciaRegEspecial ;217;TONGA;0000000216;0000000216;0000000216;0000000216;N/A;N/A;N/A;N/A;N/A;N/A;N/A;N/A
0;CLIENTE;País de residencia o establecimiento permanente a quien se efectúa el pago régimen general;paisResidenciaRegEspecial ;218;PALAO  (BELAU)  ISLAS;0000000217;0000000217;0000000217;0000000217;N/A;N/A;N/A;N/A;N/A;N/A;N/A;N/A
0;CLIENTE;País de residencia o establecimiento permanente a quien se efectúa el pago régimen general;paisResidenciaRegEspecial ;219;KIRIBATI;0000000218;0000000218;0000000218;0000000218;N/A;N/A;N/A;N/A;N/A;N/A;N/A;N/A
0;CLIENTE;País de residencia o establecimiento permanente a quien se efectúa el pago régimen general;paisResidenciaRegEspecial ;220;MARSHALL ISLAS;0000000219;0000000219;0000000219;0000000219;N/A;N/A;N/A;N/A;N/A;N/A;N/A;N/A
0;CLIENTE;País de residencia o establecimiento permanente a quien se efectúa el pago régimen general;paisResidenciaRegEspecial ;221;MICRONESIA;0000000220;0000000220;0000000220;0000000220;N/A;N/A;N/A;N/A;N/A;N/A;N/A;N/A
0;CLIENTE;País de residencia o establecimiento permanente a quien se efectúa el pago régimen general;paisResidenciaRegEspecial ;222;NAURU;0000000221;0000000221;0000000221;0000000221;N/A;N/A;N/A;N/A;N/A;N/A;N/A;N/A
0;CLIENTE;País de residencia o establecimiento permanente a quien se efectúa el pago régimen general;paisResidenciaRegEspecial ;223;SALOMON  ISLAS;0000000222;0000000222;0000000222;0000000222;N/A;N/A;N/A;N/A;N/A;N/A;N/A;N/A
0;CLIENTE;País de residencia o establecimiento permanente a quien se efectúa el pago régimen general;paisResidenciaRegEspecial ;224;TUVALU;0000000223;0000000223;0000000223;0000000223;N/A;N/A;N/A;N/A;N/A;N/A;N/A;N/A
0;CLIENTE;País de residencia o establecimiento permanente a quien se efectúa el pago régimen general;paisResidenciaRegEspecial ;225;VANUATU;0000000224;0000000224;0000000224;0000000224;N/A;N/A;N/A;N/A;N/A;N/A;N/A;N/A
0;CLIENTE;País de residencia o establecimiento permanente a quien se efectúa el pago régimen general;paisResidenciaRegEspecial ;226;GUAM;0000000225;0000000225;0000000225;0000000225;N/A;N/A;N/A;N/A;N/A;N/A;N/A;N/A
0;CLIENTE;País de residencia o establecimiento permanente a quien se efectúa el pago régimen general;paisResidenciaRegEspecial ;227;ISLAS COCOS (KEELING);0000000226;0000000226;0000000226;0000000226;N/A;N/A;N/A;N/A;N/A;N/A;N/A;N/A
0;CLIENTE;País de residencia o establecimiento permanente a quien se efectúa el pago régimen general;paisResidenciaRegEspecial ;228;ISLAS COOK;0000000227;0000000227;0000000227;0000000227;N/A;N/A;N/A;N/A;N/A;N/A;N/A;N/A
0;CLIENTE;País de residencia o establecimiento permanente a quien se efectúa el pago régimen general;paisResidenciaRegEspecial ;229;ISLAS NAVIDAD;0000000228;0000000228;0000000228;0000000228;N/A;N/A;N/A;N/A;N/A;N/A;N/A;N/A
0;CLIENTE;País de residencia o establecimiento permanente a quien se efectúa el pago régimen general;paisResidenciaRegEspecial ;230;MIDWAY ISLAS;0000000229;0000000229;0000000229;0000000229;N/A;N/A;N/A;N/A;N/A;N/A;N/A;N/A
0;CLIENTE;País de residencia o establecimiento permanente a quien se efectúa el pago régimen general;paisResidenciaRegEspecial ;231;NIUE ISLA;0000000230;0000000230;0000000230;0000000230;N/A;N/A;N/A;N/A;N/A;N/A;N/A;N/A
0;CLIENTE;País de residencia o establecimiento permanente a quien se efectúa el pago régimen general;paisResidenciaRegEspecial ;232;NORFOLK ISLA;0000000231;0000000231;0000000231;0000000231;N/A;N/A;N/A;N/A;N/A;N/A;N/A;N/A
0;CLIENTE;País de residencia o establecimiento permanente a quien se efectúa el pago régimen general;paisResidenciaRegEspecial ;233;NUEVA  CALEDONIA;0000000232;0000000232;0000000232;0000000232;N/A;N/A;N/A;N/A;N/A;N/A;N/A;N/A
0;CLIENTE;País de residencia o establecimiento permanente a quien se efectúa el pago régimen general;paisResidenciaRegEspecial ;234;PITCAIRN, ISLA;0000000233;0000000233;0000000233;0000000233;N/A;N/A;N/A;N/A;N/A;N/A;N/A;N/A
0;CLIENTE;País de residencia o establecimiento permanente a quien se efectúa el pago régimen general;paisResidenciaRegEspecial ;235;POLINESIA FRANCESA;0000000234;0000000234;0000000234;0000000234;N/A;N/A;N/A;N/A;N/A;N/A;N/A;N/A
0;CLIENTE;País de residencia o establecimiento permanente a quien se efectúa el pago régimen general;paisResidenciaRegEspecial ;236;TIMOR DEL ESTE;0000000235;0000000235;0000000235;0000000235;N/A;N/A;N/A;N/A;N/A;N/A;N/A;N/A
0;CLIENTE;País de residencia o establecimiento permanente a quien se efectúa el pago régimen general;paisResidenciaRegEspecial ;237;TOKELAI;0000000236;0000000236;0000000236;0000000236;N/A;N/A;N/A;N/A;N/A;N/A;N/A;N/A
0;CLIENTE;País de residencia o establecimiento permanente a quien se efectúa el pago régimen general;paisResidenciaRegEspecial ;238;WAKE ISLA;0000000237;0000000237;0000000237;0000000237;N/A;N/A;N/A;N/A;N/A;N/A;N/A;N/A
0;CLIENTE;País de residencia o establecimiento permanente a quien se efectúa el pago régimen general;paisResidenciaRegEspecial ;239;WALLIS Y FUTUNA, ISLAS;0000000238;0000000238;0000000238;0000000238;N/A;N/A;N/A;N/A;N/A;N/A;N/A;N/A
0;CLIENTE;País de residencia o establecimiento permanente a quien se efectúa el pago régimen general;paisResidenciaRegEspecial ;240;SINT MAARTEN (DUTCH PART);0000000259;0000000259;0000000259;0000000259;N/A;N/A;N/A;N/A;N/A;N/A;N/A;N/A
0;CLIENTE;País de residencia o establecimiento permanente a quien se efectúa el pago régimen general;paisResidenciaRegEspecial ;241;SAINT BARTHELEMY;0000000260;0000000260;0000000260;0000000260;N/A;N/A;N/A;N/A;N/A;N/A;N/A;N/A
0;CLIENTE;País de residencia o establecimiento permanente a quien se efectúa el pago régimen general;paisResidenciaRegEspecial ;242;ECUADOR;0000000239;0000000239;0000000239;0000000239;N/A;N/A;N/A;N/A;N/A;N/A;N/A;N/A
0;CLIENTE;País de residencia o establecimiento permanente a quien se efectúa el pago régimen general;paisResidenciaRegEspecial ;243;AGUAS INTERNACIONALES;0000000240;0000000240;0000000240;0000000240;N/A;N/A;N/A;N/A;N/A;N/A;N/A;N/A
0;CLIENTE;País de residencia o establecimiento permanente a quien se efectúa el pago régimen general;paisResidenciaRegEspecial ;244;ALTO VOLTA;0000000241;0000000241;0000000241;0000000241;N/A;N/A;N/A;N/A;N/A;N/A;N/A;N/A
0;CLIENTE;País de residencia o establecimiento permanente a quien se efectúa el pago régimen general;paisResidenciaRegEspecial ;245;BIELORRUSIA;0000000242;0000000242;0000000242;0000000242;N/A;N/A;N/A;N/A;N/A;N/A;N/A;N/A
0;CLIENTE;País de residencia o establecimiento permanente a quien se efectúa el pago régimen general;paisResidenciaRegEspecial ;246;COTE DÍVOIRE;0000000243;0000000243;0000000243;0000000243;N/A;N/A;N/A;N/A;N/A;N/A;N/A;N/A
0;CLIENTE;País de residencia o establecimiento permanente a quien se efectúa el pago régimen general;paisResidenciaRegEspecial ;247;CYPRUS;0000000244;0000000244;0000000244;0000000244;N/A;N/A;N/A;N/A;N/A;N/A;N/A;N/A
0;CLIENTE;País de residencia o establecimiento permanente a quien se efectúa el pago régimen general;paisResidenciaRegEspecial ;248;REPUBLICA CHECA;0000000245;0000000245;0000000245;0000000245;N/A;N/A;N/A;N/A;N/A;N/A;N/A;N/A
0;CLIENTE;País de residencia o establecimiento permanente a quien se efectúa el pago régimen general;paisResidenciaRegEspecial ;249;FALKLAND ISLANDS;0000000246;0000000246;0000000246;0000000246;N/A;N/A;N/A;N/A;N/A;N/A;N/A;N/A
0;CLIENTE;País de residencia o establecimiento permanente a quien se efectúa el pago régimen general;paisResidenciaRegEspecial ;250;LATVIA;0000000247;0000000247;0000000247;0000000247;N/A;N/A;N/A;N/A;N/A;N/A;N/A;N/A
0;CLIENTE;País de residencia o establecimiento permanente a quien se efectúa el pago régimen general;paisResidenciaRegEspecial ;251;LIBIA;0000000248;0000000248;0000000248;0000000248;N/A;N/A;N/A;N/A;N/A;N/A;N/A;N/A
0;CLIENTE;País de residencia o establecimiento permanente a quien se efectúa el pago régimen general;paisResidenciaRegEspecial ;252;NORTHERN MARIANA ISL;0000000249;0000000249;0000000249;0000000249;N/A;N/A;N/A;N/A;N/A;N/A;N/A;N/A
0;CLIENTE;País de residencia o establecimiento permanente a quien se efectúa el pago régimen general;paisResidenciaRegEspecial ;253;ST. PIERRE AND MIQUE;0000000250;0000000250;0000000250;0000000250;N/A;N/A;N/A;N/A;N/A;N/A;N/A;N/A
0;CLIENTE;País de residencia o establecimiento permanente a quien se efectúa el pago régimen general;paisResidenciaRegEspecial ;254;SYRIAN ARAB REPUBLIC;0000000251;0000000251;0000000251;0000000251;N/A;N/A;N/A;N/A;N/A;N/A;N/A;N/A
0;CLIENTE;País de residencia o establecimiento permanente a quien se efectúa el pago régimen general;paisResidenciaRegEspecial ;255;TERRITORIO ANTARTICO BRITANICO;0000000252;0000000252;0000000252;0000000252;N/A;N/A;N/A;N/A;N/A;N/A;N/A;N/A
0;CLIENTE;País de residencia o establecimiento permanente a quien se efectúa el pago régimen general;paisResidenciaRegEspecial ;256;TERRITORIO BRITANICO OCEANO IN;0000000253;0000000253;0000000253;0000000253;N/A;N/A;N/A;N/A;N/A;N/A;N/A;N/A
0;CLIENTE;País de residencia o establecimiento permanente a quien se efectúa el pago régimen general;paisResidenciaRegEspecial ;257;SERBIA;0000000254;0000000254;0000000254;0000000254;N/A;N/A;N/A;N/A;N/A;N/A;N/A;N/A
0;CLIENTE;País de residencia o establecimiento permanente a quien se efectúa el pago régimen general;paisResidenciaRegEspecial ;258;GUERNSEY;0000000255;0000000255;0000000255;0000000255;N/A;N/A;N/A;N/A;N/A;N/A;N/A;N/A
0;CLIENTE;País de residencia o establecimiento permanente a quien se efectúa el pago régimen general;paisResidenciaRegEspecial ;259;JERSEY;0000000256;0000000256;0000000256;0000000256;N/A;N/A;N/A;N/A;N/A;N/A;N/A;N/A
0;CLIENTE;País de residencia o establecimiento permanente a quien se efectúa el pago régimen general;paisResidenciaRegEspecial ;260;ISLE OF MAN;0000000257;0000000257;0000000257;0000000257;N/A;N/A;N/A;N/A;N/A;N/A;N/A;N/A
0;CLIENTE;País de residencia o establecimiento permanente a quien se efectúa el pago paraíso fiscal;paisResidenciaParaisoFiscal;1;ANGUILA (Territorio no autónomo del Reino Unido);0000000001;0000000001;0000000001;0000000001;N/A;N/A;N/A;N/A;N/A;N/A;N/A;N/A
0;CLIENTE;País de residencia o establecimiento permanente a quien se efectúa el pago paraíso fiscal;paisResidenciaParaisoFiscal;2;ANTIGUA Y BARBUDA (Estado independiente);0000000002;0000000002;0000000002;0000000002;N/A;N/A;N/A;N/A;N/A;N/A;N/A;N/A
0;CLIENTE;País de residencia o establecimiento permanente a quien se efectúa el pago paraíso fiscal;paisResidenciaParaisoFiscal;3;ARCHIPIÉLAGO DE SVALBARD;0000000003;0000000003;0000000003;0000000003;N/A;N/A;N/A;N/A;N/A;N/A;N/A;N/A
0;CLIENTE;País de residencia o establecimiento permanente a quien se efectúa el pago paraíso fiscal;paisResidenciaParaisoFiscal;4;ARUBA;0000000004;0000000004;0000000004;0000000004;N/A;N/A;N/A;N/A;N/A;N/A;N/A;N/A
0;CLIENTE;País de residencia o establecimiento permanente a quien se efectúa el pago paraíso fiscal;paisResidenciaParaisoFiscal;5;BARBADOS (Estado independiente);0000000005;0000000005;0000000005;0000000005;N/A;N/A;N/A;N/A;N/A;N/A;N/A;N/A
0;CLIENTE;País de residencia o establecimiento permanente a quien se efectúa el pago paraíso fiscal;paisResidenciaParaisoFiscal;6;BELICE (Estado independiente);0000000006;0000000006;0000000006;0000000006;N/A;N/A;N/A;N/A;N/A;N/A;N/A;N/A
0;CLIENTE;País de residencia o establecimiento permanente a quien se efectúa el pago paraíso fiscal;paisResidenciaParaisoFiscal;7;BERMUDAS (Territorio no autónomo del Reino Unido);0000000007;0000000007;0000000007;0000000007;N/A;N/A;N/A;N/A;N/A;N/A;N/A;N/A
0;CLIENTE;País de residencia o establecimiento permanente a quien se efectúa el pago paraíso fiscal;paisResidenciaParaisoFiscal;8;BONAIRE, SABA Y SAN EUSTAQUIO;0000000008;0000000008;0000000008;0000000008;N/A;N/A;N/A;N/A;N/A;N/A;N/A;N/A
0;CLIENTE;País de residencia o establecimiento permanente a quien se efectúa el pago paraíso fiscal;paisResidenciaParaisoFiscal;9;BRUNEI DARUSSALAM (Estado independiente);0000000009;0000000009;0000000009;0000000009;N/A;N/A;N/A;N/A;N/A;N/A;N/A;N/A
0;CLIENTE;País de residencia o establecimiento permanente a quien se efectúa el pago paraíso fiscal;paisResidenciaParaisoFiscal;10;CAMPIONE D´ITALIA (Comune di Campioned´Italia);0000000010;0000000010;0000000010;0000000010;N/A;N/A;N/A;N/A;N/A;N/A;N/A;N/A
0;CLIENTE;País de residencia o establecimiento permanente a quien se efectúa el pago paraíso fiscal;paisResidenciaParaisoFiscal;11;COLONIA DE GIBRALTAR;0000000011;0000000011;0000000011;0000000011;N/A;N/A;N/A;N/A;N/A;N/A;N/A;N/A
0;CLIENTE;País de residencia o establecimiento permanente a quien se efectúa el pago paraíso fiscal;paisResidenciaParaisoFiscal;12;COMUNIDAD DE LAS BAHAMAS (Estado independiente);0000000012;0000000012;0000000012;0000000012;N/A;N/A;N/A;N/A;N/A;N/A;N/A;N/A
0;CLIENTE;País de residencia o establecimiento permanente a quien se efectúa el pago paraíso fiscal;paisResidenciaParaisoFiscal;13;CURAZAO;0000000013;0000000013;0000000013;0000000013;N/A;N/A;N/A;N/A;N/A;N/A;N/A;N/A
0;CLIENTE;País de residencia o establecimiento permanente a quien se efectúa el pago paraíso fiscal;paisResidenciaParaisoFiscal;14;ESTADO ASOCIADO DE GRANADA (Estado independiente);0000000014;0000000014;0000000014;0000000014;N/A;N/A;N/A;N/A;N/A;N/A;N/A;N/A
0;CLIENTE;País de residencia o establecimiento permanente a quien se efectúa el pago paraíso fiscal;paisResidenciaParaisoFiscal;15;ESTADO DE BAHREIN (Estado independiente);0000000015;0000000015;0000000015;0000000015;N/A;N/A;N/A;N/A;N/A;N/A;N/A;N/A
0;CLIENTE;País de residencia o establecimiento permanente a quien se efectúa el pago paraíso fiscal;paisResidenciaParaisoFiscal;16;ESTADO DE KUWAIT (Estado independiente);0000000016;0000000016;0000000016;0000000016;N/A;N/A;N/A;N/A;N/A;N/A;N/A;N/A
0;CLIENTE;País de residencia o establecimiento permanente a quien se efectúa el pago paraíso fiscal;paisResidenciaParaisoFiscal;17;EMIRATOS ÁRABES UNIDOS (Estado independiente);0000000018;0000000018;0000000018;0000000018;N/A;N/A;N/A;N/A;N/A;N/A;N/A;N/A
0;CLIENTE;País de residencia o establecimiento permanente a quien se efectúa el pago paraíso fiscal;paisResidenciaParaisoFiscal;18;GRAN DUCADO DE LUXEMBURGO;0000000020;0000000020;0000000020;0000000020;N/A;N/A;N/A;N/A;N/A;N/A;N/A;N/A
0;CLIENTE;País de residencia o establecimiento permanente a quien se efectúa el pago paraíso fiscal;paisResidenciaParaisoFiscal;19;GROENLANDIA;0000000021;0000000021;0000000021;0000000021;N/A;N/A;N/A;N/A;N/A;N/A;N/A;N/A
0;CLIENTE;País de residencia o establecimiento permanente a quien se efectúa el pago paraíso fiscal;paisResidenciaParaisoFiscal;20;GUAM (Territorio no autónomo de los EEUU);0000000022;0000000022;0000000022;0000000022;N/A;N/A;N/A;N/A;N/A;N/A;N/A;N/A
0;CLIENTE;País de residencia o establecimiento permanente a quien se efectúa el pago paraíso fiscal;paisResidenciaParaisoFiscal;21;ISLA DE ASCENSIÓN;0000000023;0000000023;0000000023;0000000023;N/A;N/A;N/A;N/A;N/A;N/A;N/A;N/A
0;CLIENTE;País de residencia o establecimiento permanente a quien se efectúa el pago paraíso fiscal;paisResidenciaParaisoFiscal;22;ISLAS AZORES;0000000024;0000000024;0000000024;0000000024;N/A;N/A;N/A;N/A;N/A;N/A;N/A;N/A
0;CLIENTE;País de residencia o establecimiento permanente a quien se efectúa el pago paraíso fiscal;paisResidenciaParaisoFiscal;23;ISLAS CHRISTMAS;0000000026;0000000026;0000000026;0000000026;N/A;N/A;N/A;N/A;N/A;N/A;N/A;N/A
0;CLIENTE;País de residencia o establecimiento permanente a quien se efectúa el pago paraíso fiscal;paisResidenciaParaisoFiscal;24;ISLA DE COCOS O KEELING;0000000027;0000000027;0000000027;0000000027;N/A;N/A;N/A;N/A;N/A;N/A;N/A;N/A
0;CLIENTE;País de residencia o establecimiento permanente a quien se efectúa el pago paraíso fiscal;paisResidenciaParaisoFiscal;25;ISLA DE MAN (Territorio del Reino Unido);0000000029;0000000029;0000000029;0000000029;N/A;N/A;N/A;N/A;N/A;N/A;N/A;N/A
0;CLIENTE;País de residencia o establecimiento permanente a quien se efectúa el pago paraíso fiscal;paisResidenciaParaisoFiscal;26;ISLA DE NORFOLK;0000000030;0000000030;0000000030;0000000030;N/A;N/A;N/A;N/A;N/A;N/A;N/A;N/A
0;CLIENTE;País de residencia o establecimiento permanente a quien se efectúa el pago paraíso fiscal;paisResidenciaParaisoFiscal;27;ISLA DE SAN PEDRO Y MIGUELÓN;0000000031;0000000031;0000000031;0000000031;N/A;N/A;N/A;N/A;N/A;N/A;N/A;N/A
0;CLIENTE;País de residencia o establecimiento permanente a quien se efectúa el pago paraíso fiscal;paisResidenciaParaisoFiscal;28;ISLAS DEL CANAL (Jersey);0000000033;0000000033;0000000033;0000000033;N/A;N/A;N/A;N/A;N/A;N/A;N/A;N/A
0;CLIENTE;País de residencia o establecimiento permanente a quien se efectúa el pago paraíso fiscal;paisResidenciaParaisoFiscal;29;ISLA QESHM;0000000034;0000000034;0000000034;0000000034;N/A;N/A;N/A;N/A;N/A;N/A;N/A;N/A
0;CLIENTE;País de residencia o establecimiento permanente a quien se efectúa el pago paraíso fiscal;paisResidenciaParaisoFiscal;30;ISLAS SALOMÓN;0000000035;0000000035;0000000035;0000000035;N/A;N/A;N/A;N/A;N/A;N/A;N/A;N/A
0;CLIENTE;País de residencia o establecimiento permanente a quien se efectúa el pago paraíso fiscal;paisResidenciaParaisoFiscal;31;ISLAS VÍRGENES DE ESTADOS UNIDOS DE AMÉRICA;0000000038;0000000038;0000000038;0000000038;N/A;N/A;N/A;N/A;N/A;N/A;N/A;N/A
0;CLIENTE;País de residencia o establecimiento permanente a quien se efectúa el pago paraíso fiscal;paisResidenciaParaisoFiscal;32;KIRIBATI;0000000039;0000000039;0000000039;0000000039;N/A;N/A;N/A;N/A;N/A;N/A;N/A;N/A
0;CLIENTE;País de residencia o establecimiento permanente a quien se efectúa el pago paraíso fiscal;paisResidenciaParaisoFiscal;33;LABUAN;0000000040;0000000040;0000000040;0000000040;N/A;N/A;N/A;N/A;N/A;N/A;N/A;N/A
0;CLIENTE;País de residencia o establecimiento permanente a quien se efectúa el pago paraíso fiscal;paisResidenciaParaisoFiscal;34;MACAO;0000000041;0000000041;0000000041;0000000041;N/A;N/A;N/A;N/A;N/A;N/A;N/A;N/A
0;CLIENTE;País de residencia o establecimiento permanente a quien se efectúa el pago paraíso fiscal;paisResidenciaParaisoFiscal;35;MADEIRA (Territorio de Portugal);0000000042;0000000042;0000000042;0000000042;N/A;N/A;N/A;N/A;N/A;N/A;N/A;N/A
0;CLIENTE;País de residencia o establecimiento permanente a quien se efectúa el pago paraíso fiscal;paisResidenciaParaisoFiscal;36;MANCOMUNIDAD DE DOMINICA (Estado asociado);0000000043;0000000043;0000000043;0000000043;N/A;N/A;N/A;N/A;N/A;N/A;N/A;N/A
0;CLIENTE;País de residencia o establecimiento permanente a quien se efectúa el pago paraíso fiscal;paisResidenciaParaisoFiscal;37;MYANMAR (ex Birmania);0000000045;0000000045;0000000045;0000000045;N/A;N/A;N/A;N/A;N/A;N/A;N/A;N/A
0;CLIENTE;País de residencia o establecimiento permanente a quien se efectúa el pago paraíso fiscal;paisResidenciaParaisoFiscal;38;NIGERIA;0000000046;0000000046;0000000046;0000000046;N/A;N/A;N/A;N/A;N/A;N/A;N/A;N/A
0;CLIENTE;País de residencia o establecimiento permanente a quien se efectúa el pago paraíso fiscal;paisResidenciaParaisoFiscal;39;NIUE;0000000047;0000000047;0000000047;0000000047;N/A;N/A;N/A;N/A;N/A;N/A;N/A;N/A
0;CLIENTE;País de residencia o establecimiento permanente a quien se efectúa el pago paraíso fiscal;paisResidenciaParaisoFiscal;40;PALAU;0000000048;0000000048;0000000048;0000000048;N/A;N/A;N/A;N/A;N/A;N/A;N/A;N/A
0;CLIENTE;País de residencia o establecimiento permanente a quien se efectúa el pago paraíso fiscal;paisResidenciaParaisoFiscal;41;PITCAIRN;0000000049;0000000049;0000000049;0000000049;N/A;N/A;N/A;N/A;N/A;N/A;N/A;N/A
0;CLIENTE;País de residencia o establecimiento permanente a quien se efectúa el pago paraíso fiscal;paisResidenciaParaisoFiscal;42;PRINCIPADO DE LIECHTENSTEIN (Estado independiente);0000000051;0000000051;0000000051;0000000051;N/A;N/A;N/A;N/A;N/A;N/A;N/A;N/A
0;CLIENTE;País de residencia o establecimiento permanente a quien se efectúa el pago paraíso fiscal;paisResidenciaParaisoFiscal;43;PRINCIPADO DE MÓNACO;0000000052;0000000052;0000000052;0000000052;N/A;N/A;N/A;N/A;N/A;N/A;N/A;N/A
0;CLIENTE;País de residencia o establecimiento permanente a quien se efectúa el pago paraíso fiscal;paisResidenciaParaisoFiscal;44;PRINCIPADO DEL VALLE DE ANDORRA;0000000053;0000000053;0000000053;0000000053;N/A;N/A;N/A;N/A;N/A;N/A;N/A;N/A
0;CLIENTE;País de residencia o establecimiento permanente a quien se efectúa el pago paraíso fiscal;paisResidenciaParaisoFiscal;45;REINO DE SWAZILANDIA (Estado independiente);0000000054;0000000054;0000000054;0000000054;N/A;N/A;N/A;N/A;N/A;N/A;N/A;N/A
0;CLIENTE;País de residencia o establecimiento permanente a quien se efectúa el pago paraíso fiscal;paisResidenciaParaisoFiscal;46;REINO DE TONGA (Estado independiente);0000000055;0000000055;0000000055;0000000055;N/A;N/A;N/A;N/A;N/A;N/A;N/A;N/A
0;CLIENTE;País de residencia o establecimiento permanente a quien se efectúa el pago paraíso fiscal;paisResidenciaParaisoFiscal;47;REINO HACHEMITA DE JORDANIA;0000000056;0000000056;0000000056;0000000056;N/A;N/A;N/A;N/A;N/A;N/A;N/A;N/A
0;CLIENTE;País de residencia o establecimiento permanente a quien se efectúa el pago paraíso fiscal;paisResidenciaParaisoFiscal;48;REPÚBLICA DE ALBANIA;0000000058;0000000058;0000000058;0000000058;N/A;N/A;N/A;N/A;N/A;N/A;N/A;N/A
0;CLIENTE;País de residencia o establecimiento permanente a quien se efectúa el pago paraíso fiscal;paisResidenciaParaisoFiscal;49;REPÚBLICA DE ANGOLA;0000000059;0000000059;0000000059;0000000059;N/A;N/A;N/A;N/A;N/A;N/A;N/A;N/A
0;CLIENTE;País de residencia o establecimiento permanente a quien se efectúa el pago paraíso fiscal;paisResidenciaParaisoFiscal;50;REPÚBLICA DE CABO VERDE (Estado independiente);0000000060;0000000060;0000000060;0000000060;N/A;N/A;N/A;N/A;N/A;N/A;N/A;N/A
0;CLIENTE;País de residencia o establecimiento permanente a quien se efectúa el pago paraíso fiscal;paisResidenciaParaisoFiscal;51;REPÚBLICA DE CHIPRE;0000000061;0000000061;0000000061;0000000061;N/A;N/A;N/A;N/A;N/A;N/A;N/A;N/A
0;CLIENTE;País de residencia o establecimiento permanente a quien se efectúa el pago paraíso fiscal;paisResidenciaParaisoFiscal;52;REPÚBLICA DE DJIBOUTI (Estado independiente);0000000062;0000000062;0000000062;0000000062;N/A;N/A;N/A;N/A;N/A;N/A;N/A;N/A
0;CLIENTE;País de residencia o establecimiento permanente a quien se efectúa el pago paraíso fiscal;paisResidenciaParaisoFiscal;53;REPÚBLICA DE LIBERIA (Estado independiente);0000000064;0000000064;0000000064;0000000064;N/A;N/A;N/A;N/A;N/A;N/A;N/A;N/A
0;CLIENTE;País de residencia o establecimiento permanente a quien se efectúa el pago paraíso fiscal;paisResidenciaParaisoFiscal;54;REPÚBLICA DE MALDIVAS (Estado independiente);0000000065;0000000065;0000000065;0000000065;N/A;N/A;N/A;N/A;N/A;N/A;N/A;N/A
0;CLIENTE;País de residencia o establecimiento permanente a quien se efectúa el pago paraíso fiscal;paisResidenciaParaisoFiscal;55;REPÚBLICA DE MALTA (Estado independiente);0000000066;0000000066;0000000066;0000000066;N/A;N/A;N/A;N/A;N/A;N/A;N/A;N/A
0;CLIENTE;País de residencia o establecimiento permanente a quien se efectúa el pago paraíso fiscal;paisResidenciaParaisoFiscal;56;REPÚBLICA DE MAURICIO;0000000067;0000000067;0000000067;0000000067;N/A;N/A;N/A;N/A;N/A;N/A;N/A;N/A
0;CLIENTE;País de residencia o establecimiento permanente a quien se efectúa el pago paraíso fiscal;paisResidenciaParaisoFiscal;57;REPÚBLICA DE NAURU (Estado independiente);0000000068;0000000068;0000000068;0000000068;N/A;N/A;N/A;N/A;N/A;N/A;N/A;N/A
0;CLIENTE;País de residencia o establecimiento permanente a quien se efectúa el pago paraíso fiscal;paisResidenciaParaisoFiscal;58;REPÚBLICA DE PANAMÁ (Estado independiente);0000000069;0000000069;0000000069;0000000069;N/A;N/A;N/A;N/A;N/A;N/A;N/A;N/A
0;CLIENTE;País de residencia o establecimiento permanente a quien se efectúa el pago paraíso fiscal;paisResidenciaParaisoFiscal;59;REPÚBLICA DE SEYCHELLES (Estado independiente);0000000070;0000000070;0000000070;0000000070;N/A;N/A;N/A;N/A;N/A;N/A;N/A;N/A
0;CLIENTE;País de residencia o establecimiento permanente a quien se efectúa el pago paraíso fiscal;paisResidenciaParaisoFiscal;60;REPÚBLICA DE TRINIDAD Y TOBAGO;0000000071;0000000071;0000000071;0000000071;N/A;N/A;N/A;N/A;N/A;N/A;N/A;N/A
0;CLIENTE;País de residencia o establecimiento permanente a quien se efectúa el pago paraíso fiscal;paisResidenciaParaisoFiscal;61;REPÚBLICA DE TÚNEZ;0000000072;0000000072;0000000072;0000000072;N/A;N/A;N/A;N/A;N/A;N/A;N/A;N/A
0;CLIENTE;País de residencia o establecimiento permanente a quien se efectúa el pago paraíso fiscal;paisResidenciaParaisoFiscal;62;REPÚBLICA DE VANUATU;0000000073;0000000073;0000000073;0000000073;N/A;N/A;N/A;N/A;N/A;N/A;N/A;N/A
0;CLIENTE;País de residencia o establecimiento permanente a quien se efectúa el pago paraíso fiscal;paisResidenciaParaisoFiscal;63;REPÚBLICA DEL YEMEN;0000000074;0000000074;0000000074;0000000074;N/A;N/A;N/A;N/A;N/A;N/A;N/A;N/A
0;CLIENTE;País de residencia o establecimiento permanente a quien se efectúa el pago paraíso fiscal;paisResidenciaParaisoFiscal;64;REPÚBLICA DEMOCRÁTICA SOCIALISTA DE SRI LANKA;0000000075;0000000075;0000000075;0000000075;N/A;N/A;N/A;N/A;N/A;N/A;N/A;N/A
0;CLIENTE;País de residencia o establecimiento permanente a quien se efectúa el pago paraíso fiscal;paisResidenciaParaisoFiscal;65;SAMOA OCCIDENTAL;0000000077;0000000077;0000000077;0000000077;N/A;N/A;N/A;N/A;N/A;N/A;N/A;N/A
0;CLIENTE;País de residencia o establecimiento permanente a quien se efectúa el pago paraíso fiscal;paisResidenciaParaisoFiscal;66;SANTA ELENA;0000000079;0000000079;0000000079;0000000079;N/A;N/A;N/A;N/A;N/A;N/A;N/A;N/A
0;CLIENTE;País de residencia o establecimiento permanente a quien se efectúa el pago paraíso fiscal;paisResidenciaParaisoFiscal;67;SANTA LUCÍA;0000000080;0000000080;0000000080;0000000080;N/A;N/A;N/A;N/A;N/A;N/A;N/A;N/A
0;CLIENTE;País de residencia o establecimiento permanente a quien se efectúa el pago paraíso fiscal;paisResidenciaParaisoFiscal;68;SAN MARTÍN;0000000081;0000000081;0000000081;0000000081;N/A;N/A;N/A;N/A;N/A;N/A;N/A;N/A
0;CLIENTE;País de residencia o establecimiento permanente a quien se efectúa el pago paraíso fiscal;paisResidenciaParaisoFiscal;69;SULTANADO DE OMAN;0000000083;0000000083;0000000083;0000000083;N/A;N/A;N/A;N/A;N/A;N/A;N/A;N/A
0;CLIENTE;País de residencia o establecimiento permanente a quien se efectúa el pago paraíso fiscal;paisResidenciaParaisoFiscal;70;TOKELAU;0000000084;0000000084;0000000084;0000000084;N/A;N/A;N/A;N/A;N/A;N/A;N/A;N/A
0;CLIENTE;País de residencia o establecimiento permanente a quien se efectúa el pago paraíso fiscal;paisResidenciaParaisoFiscal;71;TRISTAN DA CUNHA (SH Saint Helena);0000000085;0000000085;0000000085;0000000085;N/A;N/A;N/A;N/A;N/A;N/A;N/A;N/A
0;CLIENTE;País de residencia o establecimiento permanente a quien se efectúa el pago paraíso fiscal;paisResidenciaParaisoFiscal;72;TUVALU;0000000086;0000000086;0000000086;0000000086;N/A;N/A;N/A;N/A;N/A;N/A;N/A;N/A
0;CLIENTE;País de residencia o establecimiento permanente a quien se efectúa el pago paraíso fiscal;paisResidenciaParaisoFiscal;73;ZONA LIBRE DE OSTRAVA;0000000087;0000000087;0000000087;0000000087;N/A;N/A;N/A;N/A;N/A;N/A;N/A;N/A
0;CLIENTE;País de residencia o establecimiento permanente a quien se efectúa el pago paraíso fiscal;paisResidenciaParaisoFiscal;74;HONG KONG;0000000088;0000000088;0000000088;0000000088;N/A;N/A;N/A;N/A;N/A;N/A;N/A;N/A
0;CLIENTE;Forma de Pago(SRI);FormaPagoSriID;1;CHEQUE CERTIFICADO;0000002359;0000002359;0000002359;0000002359;03;03;03;03;03;03;03;03
0;CLIENTE;Forma de Pago(SRI);FormaPagoSriID;2;CHEQUE DE GERENCIA;0000002360;0000002360;0000002360;0000002360;04;04;04;04;04;04;04;04
0;CLIENTE;Forma de Pago(SRI);FormaPagoSriID;3;CHEQUE DEL EXTERIOR;0000002361;0000002361;0000002361;0000002361;05;05;05;05;05;05;05;05
0;CLIENTE;Forma de Pago(SRI);FormaPagoSriID;4;CHEQUE PROPIO;0000002358;0000002358;0000002358;0000002358;02;02;02;02;02;02;02;02
0;CLIENTE;Forma de Pago(SRI);FormaPagoSriID;5;COMPENSACIÓN DE DEUDAS;0000003369;0000003369;0000003369;0000003369;15;15;15;15;15;15;15;15
0;CLIENTE;Forma de Pago(SRI);FormaPagoSriID;6;DÉBITO DE CUENTA;0000002362;0000002362;0000002362;0000002362;06;06;06;06;06;06;06;06
0;CLIENTE;Forma de Pago(SRI);FormaPagoSriID;7;DEPOSITO EN CUENTA (CORRIENTE/AHORROS);0000002369;0000002369;0000002369;0000002369;13;13;13;13;13;13;13;13
0;CLIENTE;Forma de Pago(SRI);FormaPagoSriID;8;DINERO ELECTRÓNICO;0000003895;0000003895;0000003895;0000003895;17;17;17;17;17;17;17;17
0;CLIENTE;Forma de Pago(SRI);FormaPagoSriID;9;ENDOSO DE INVERSIÓN;0000002370;0000002370;0000002370;0000002370;14;14;14;14;14;14;14;14
0;CLIENTE;Forma de Pago(SRI);FormaPagoSriID;10;ENDOSO DE TÍTULOS;0000004035;0000004035;0000004035;0000004035;21;21;21;21;21;21;21;21
0;CLIENTE;Forma de Pago(SRI);FormaPagoSriID;11;GIRO;0000002368;0000002368;0000002368;0000002368;12;12;12;12;12;12;12;12
0;CLIENTE;Forma de Pago(SRI);FormaPagoSriID;12;OTROS CON UTILIZACION DEL SISTEMA FINANCIERO;0000004034;0000004034;0000004034;0000004034;20;20;20;20;20;20;20;20
0;CLIENTE;Forma de Pago(SRI);FormaPagoSriID;13;SIN UTILIZACION DEL SISTEMA FINANCIERO;0000002357;0000002357;0000002357;0000002357;01;01;01;01;01;01;01;01
0;CLIENTE;Forma de Pago(SRI);FormaPagoSriID;14;TARJETA DE CRÉDITO;0000004033;0000004033;0000004033;0000004033;19;19;19;19;19;19;19;19
0;CLIENTE;Forma de Pago(SRI);FormaPagoSriID;15;TARJETA DE CRÉDITO INTERNACIONAL;0000002367;0000002367;0000002367;0000002367;11;11;11;11;11;11;11;11
0;CLIENTE;Forma de Pago(SRI);FormaPagoSriID;16;TARJETA DE CRÉDITO NACIONAL;0000002366;0000002366;0000002366;0000002366;10;10;10;10;10;10;10;10
0;CLIENTE;Forma de Pago(SRI);FormaPagoSriID;17;TARJETA DE DÉBITO;0000003894;0000003894;0000003894;0000003894;16;16;16;16;16;16;16;16
0;CLIENTE;Forma de Pago(SRI);FormaPagoSriID;18;TARJETA PREPAGO;0000003896;0000003896;0000003896;0000003896;18;18;18;18;18;18;18;18
0;CLIENTE;Forma de Pago(SRI);FormaPagoSriID;19;TRANSFERENCIA BANCO EXTERIOR;0000002365;0000002365;0000002365;0000002365;09;09;09;09;09;09;09;09
0;CLIENTE;Forma de Pago(SRI);FormaPagoSriID;20;TRANSFERENCIA OTRO BANCO NACIONAL;0000002364;0000002364;0000002364;0000002364;08;08;08;08;08;08;08;08
0;CLIENTE;Forma de Pago(SRI);FormaPagoSriID;21;TRANSFERENCIA PROPIO BANCO;0000002363;0000002363;0000002363;0000002363;07;07;07;07;07;07;07;07
0;CLIENTE;Coordinador Exportación;CoordinadorExp;1;VASQUEZ MARTINEZ JESUS ALBERTO;0000001092;n/a;n/a;n/a;n/a;n/a;n/a;n/a;n/a;n/a;n/a;n/a
0;CLIENTE;Coordinador Exportación;CoordinadorExp;2;ROSADO DELGADO JULIANA MARISELA;0000001105;n/a;n/a;n/a;n/a;n/a;n/a;n/a;n/a;n/a;n/a;n/a
0;CLIENTE;Coordinador Exportación;CoordinadorExp;3;FUENTES FUENTES KARLA NICOLE;0000001110;n/a;n/a;n/a;n/a;n/a;n/a;n/a;n/a;n/a;n/a;n/a
0;CLIENTE;Coordinador Exportación;CoordinadorExp;4;PILOSO QUIMI AYLIN SUGGEIDY;0000001140;n/a;n/a;n/a;n/a;n/a;n/a;n/a;n/a;n/a;n/a;n/a
0;CLIENTE;Coordinador Exportación;CoordinadorExp;5;MATA ACURIA MARIA CRISTINA;0000001200;n/a;n/a;n/a;n/a;n/a;n/a;n/a;n/a;n/a;n/a;n/a
0;CLIENTE;Coordinador Exportación;CoordinadorExp;6;URGILES ESPINOZA MICHELLE IRENE;0000001214;n/a;n/a;n/a;n/a;n/a;n/a;n/a;n/a;n/a;n/a;n/a
0;CLIENTE;Coordinador Exportación;CoordinadorExp;7;HARO RAMIREZ DAYSI MARIA;0000000129;n/a;n/a;n/a;n/a;n/a;n/a;n/a;n/a;n/a;n/a;n/a
0;CLIENTE;Coordinador Exportación;CoordinadorExp;8;TRAVEZ SANCHEZ VERONICA ALEXANDRA;0000000230;n/a;n/a;n/a;n/a;n/a;n/a;n/a;n/a;n/a;n/a;n/a
0;CLIENTE;Coordinador Exportación;CoordinadorExp;9;FIGUEROA LEON MARIA CRISTINA;0000000241;n/a;n/a;n/a;n/a;n/a;n/a;n/a;n/a;n/a;n/a;n/a
0;CLIENTE;Coordinador Exportación;CoordinadorExp;10;MORALES CEDILLO STEFANY MISHELL;0000000401;n/a;n/a;n/a;n/a;n/a;n/a;n/a;n/a;n/a;n/a;n/a
0;CLIENTE;Coordinador Exportación;CoordinadorExp;11;SUAREZ TIGUA DENISSE VANESSA;0000000736;n/a;n/a;n/a;n/a;n/a;n/a;n/a;n/a;n/a;n/a;n/a
0;CLIENTE;Coordinador Exportación;CoordinadorExp;12;LOOR ORELLANA KEYLA VERONICA;0000000885;n/a;n/a;n/a;n/a;n/a;n/a;n/a;n/a;n/a;n/a;n/a
0;CLIENTE;Coordinador Exportación;CoordinadorExp;13;ROSALES CASTRO MARCELO RENE;0000000895;n/a;n/a;n/a;n/a;n/a;n/a;n/a;n/a;n/a;n/a;n/a
0;CLIENTE;Coordinador Exportación;CoordinadorExp;14;CALDERON GONZALEZ RICARDO ENRIQUE;0000000946;n/a;n/a;n/a;n/a;n/a;n/a;n/a;n/a;n/a;n/a;n/a
0;CLIENTE;Coordinador Exportación;CoordinadorExp;15;YULAN PANCHANA CARMEN MARGARITA;0000000960;n/a;n/a;n/a;n/a;n/a;n/a;n/a;n/a;n/a;n/a;n/a
0;CLIENTE;Coordinador Exportación;CoordinadorExp;16;GUANIN CAMPOVERDE JUAN JOSE;0000001029;n/a;n/a;n/a;n/a;n/a;n/a;n/a;n/a;n/a;n/a;n/a
0;CLIENTE;Coordinador Exportación;CoordinadorExp;17;ALVAREZ BERNABE ANA JUDITH;0000001041;n/a;n/a;n/a;n/a;n/a;n/a;n/a;n/a;n/a;n/a;n/a
0;CLIENTE;Analista Cta. P. Previos;analistaPPreviosID;1;ALMEIDA VERA ESTRELLA ROBERTINA;0000001091;n/a;n/a;n/a;n/a;n/a;n/a;n/a;n/a;n/a;n/a;n/a
0;CLIENTE;Analista Cta. P. Previos;analistaPPreviosID;2;GOMEZ ANCHUNDIA ERIKA NASHALY;0000001137;n/a;n/a;n/a;n/a;n/a;n/a;n/a;n/a;n/a;n/a;n/a
0;CLIENTE;Analista Cta. P. Previos;analistaPPreviosID;3;GOMEZ SANTISTEVAN PEDRO BOLIVAR;0000001187;n/a;n/a;n/a;n/a;n/a;n/a;n/a;n/a;n/a;n/a;n/a
0;CLIENTE;Analista Cta. P. Previos;analistaPPreviosID;4;PINCAY SOLEDISPA YESSENIA PATRICIA;0000001217;n/a;n/a;n/a;n/a;n/a;n/a;n/a;n/a;n/a;n/a;n/a
0;CLIENTE;Analista Cta. P. Previos;analistaPPreviosID;5;PONCE ARREAGA GEOCONDA SONIA;0000000348;n/a;n/a;n/a;n/a;n/a;n/a;n/a;n/a;n/a;n/a;n/a
0;CLIENTE;Analista Cta. P. Previos;analistaPPreviosID;6;SOLIS VACA SILVIA VANEZA;0000000519;n/a;n/a;n/a;n/a;n/a;n/a;n/a;n/a;n/a;n/a;n/a
0;CLIENTE;Analista Cta. P. Previos;analistaPPreviosID;7;NAVARRO GONZALEZ CINTHIA STEFFI;0000000586;n/a;n/a;n/a;n/a;n/a;n/a;n/a;n/a;n/a;n/a;n/a
0;CLIENTE;Analista Cta. P. Previos;analistaPPreviosID;8;MERINO LAINES SOLANGE STEPHANIA;0000000663;n/a;n/a;n/a;n/a;n/a;n/a;n/a;n/a;n/a;n/a;n/a
0;CLIENTE;Analista Cta. P. Previos;analistaPPreviosID;9;MONCAYO SANCHEZ GENESIS MELISSA;0000000689;n/a;n/a;n/a;n/a;n/a;n/a;n/a;n/a;n/a;n/a;n/a
0;CLIENTE;Analista Cta. P. Previos;analistaPPreviosID;10;RODRIGUEZ ORTEGA MARIA DE LOS ANGELES;0000000751;n/a;n/a;n/a;n/a;n/a;n/a;n/a;n/a;n/a;n/a;n/a
0;CLIENTE;Analista Cta. P. Previos;analistaPPreviosID;11;PILOZO CASQUETE GEANELA STEFANIA;0000000754;n/a;n/a;n/a;n/a;n/a;n/a;n/a;n/a;n/a;n/a;n/a
0;CLIENTE;Analista Cta. P. Previos;analistaPPreviosID;12;YANCE BAJAÑA JEAN LINDON;0000000811;n/a;n/a;n/a;n/a;n/a;n/a;n/a;n/a;n/a;n/a;n/a
0;CLIENTE;Analista Cta. P. Previos;analistaPPreviosID;13;ALCIVAR FORTIS GENESSIS PILAR;0000000821;n/a;n/a;n/a;n/a;n/a;n/a;n/a;n/a;n/a;n/a;n/a
0;CLIENTE;Analista Cta. P. Previos;analistaPPreviosID;14;CARBO TIXI KAREN EVELYN;0000000833;n/a;n/a;n/a;n/a;n/a;n/a;n/a;n/a;n/a;n/a;n/a
0;CLIENTE;Analista Cta. P. Previos;analistaPPreviosID;15;GONZALEZ MOREIRA ANDREA BELEN;0000000841;n/a;n/a;n/a;n/a;n/a;n/a;n/a;n/a;n/a;n/a;n/a
0;CLIENTE;Analista Cta. P. Previos;analistaPPreviosID;16;ARAUJO VELEZ GENESIS MARIBEL;1000000001;n/a;n/a;n/a;n/a;n/a;n/a;n/a;n/a;n/a;n/a;n/a
0;CLIENTE;Analista Cta. P. Previos;analistaPPreviosID;17;BARRETO MORA GENESIS DOLORES;0000000945;n/a;n/a;n/a;n/a;n/a;n/a;n/a;n/a;n/a;n/a;n/a
0;CLIENTE;Analista Cta. P. Previos;analistaPPreviosID;18;GARAY RODRIGUEZ RAQUEL IVONNE;0000001006;n/a;n/a;n/a;n/a;n/a;n/a;n/a;n/a;n/a;n/a;n/a
0;CLIENTE;Término Aviso Cobro;TerminoAvisoCobro;1;CONTADO;0000000087;n/a;n/a;n/a;n/a;n/a;n/a;n/a;n/a;n/a;n/a;n/a
0;CLIENTE;Término Aviso Cobro;TerminoAvisoCobro;2;7 DÍAS ;0000000838;n/a;n/a;n/a;n/a;n/a;n/a;n/a;n/a;n/a;n/a;n/a
0;CLIENTE;Término Aviso Cobro;TerminoAvisoCobro;3;8 DÍAS ;0000000883;n/a;n/a;n/a;n/a;n/a;n/a;n/a;n/a;n/a;n/a;n/a
0;CLIENTE;Término Aviso Cobro;TerminoAvisoCobro;4;10 DÍAS ;0000001166;n/a;n/a;n/a;n/a;n/a;n/a;n/a;n/a;n/a;n/a;n/a
0;CLIENTE;Término Aviso Cobro;TerminoAvisoCobro;5;15 DÍAS ;0000000088;n/a;n/a;n/a;n/a;n/a;n/a;n/a;n/a;n/a;n/a;n/a
0;CLIENTE;Término Aviso Cobro;TerminoAvisoCobro;6;20 DÍAS;0000000886;n/a;n/a;n/a;n/a;n/a;n/a;n/a;n/a;n/a;n/a;n/a
0;CLIENTE;Término Aviso Cobro;TerminoAvisoCobro;7;21 DÍAS ;0000001048;n/a;n/a;n/a;n/a;n/a;n/a;n/a;n/a;n/a;n/a;n/a
0;CLIENTE;Término Aviso Cobro;TerminoAvisoCobro;8;30 DÍAS ;0000000817;n/a;n/a;n/a;n/a;n/a;n/a;n/a;n/a;n/a;n/a;n/a
0;CLIENTE;Término Aviso Cobro;TerminoAvisoCobro;9;45 DÍAS ;0000000491;n/a;n/a;n/a;n/a;n/a;n/a;n/a;n/a;n/a;n/a;n/a
0;CLIENTE;Término Aviso Cobro;TerminoAvisoCobro;10;55 DÍAS ;n/a;n/a;n/a;n/a;n/a;n/a;n/a;n/a;n/a;n/a;n/a;n/a
0;CLIENTE;Término Aviso Cobro;TerminoAvisoCobro;11;60 DÍAS ;1200000021;n/a;n/a;n/a;n/a;n/a;n/a;n/a;n/a;n/a;n/a;n/a
0;CLIENTE;Término Aviso Cobro;TerminoAvisoCobro;12;65 DÍAS;n/a;n/a;n/a;n/a;n/a;n/a;n/a;n/a;n/a;n/a;n/a;n/a
0;CLIENTE;Término Aviso Cobro;TerminoAvisoCobro;13;70 DÍAS ;0000004531;n/a;n/a;n/a;n/a;n/a;n/a;n/a;n/a;n/a;n/a;n/a
0;CLIENTE;Término Aviso Cobro;TerminoAvisoCobro;14;75 DÍAS ;0000004357;n/a;n/a;n/a;n/a;n/a;n/a;n/a;n/a;n/a;n/a;n/a
0;CLIENTE;Término Aviso Cobro;TerminoAvisoCobro;15;90 DÍAS ;0000002271;n/a;n/a;n/a;n/a;n/a;n/a;n/a;n/a;n/a;n/a;n/a
0;CLIENTE;Término Aviso Cobro;TerminoAvisoCobro;16;105 DÍAS ;n/a;n/a;n/a;n/a;n/a;n/a;n/a;n/a;n/a;n/a;n/a;n/a
0;CLIENTE;Término Aviso Cobro;TerminoAvisoCobro;17;120 DÍAS ;0000004219;n/a;n/a;n/a;n/a;n/a;n/a;n/a;n/a;n/a;n/a;n/a
0;CLIENTE;Término Aviso Cobro;TerminoAvisoCobro;18;cruce de cuentas ;0000001020;n/a;n/a;n/a;n/a;n/a;n/a;n/a;n/a;n/a;n/a;n/a
0;CLIENTE;Oficial Cobranzas;OficialCobID;1;BRUNETT MARTILLO SUSANA DEL CARMEN;0000000051;0000000051;0000000051;0000000051;N/A;N/A;N/A;N/A;N/A;N/A;N/A;N/A
0;CLIENTE;Oficial Cobranzas;OficialCobID;2;RENDON VERA IVONNE CECILIA;0000000536;0000000536;0000000536;0000000536;N/A;N/A;N/A;N/A;N/A;N/A;N/A;N/A
0;CLIENTE;Oficial Cobranzas;OficialCobID;3;PYME GG;0000000581;0000000581;0000000581;0000000581;N/A;N/A;N/A;N/A;N/A;N/A;N/A;N/A
0;CLIENTE;Oficial Cobranzas;OficialCobID;4;PYME MZ;0000000646;0000000646;0000000646;0000000646;N/A;N/A;N/A;N/A;N/A;N/A;N/A;N/A
0;CLIENTE;Oficial Cobranzas;OficialCobID;5;PYME EJ;0000000664;0000000664;0000000664;0000000664;N/A;N/A;N/A;N/A;N/A;N/A;N/A;N/A
0;CLIENTE;Oficial Cobranzas;OficialCobID;6;PYME DZ;0000000762;0000000762;0000000762;0000000762;N/A;N/A;N/A;N/A;N/A;N/A;N/A;N/A
0;CLIENTE;Oficial Cobranzas;OficialCobID;7;PYME PA;0000000780;0000000780;0000000780;0000000780;N/A;N/A;N/A;N/A;N/A;N/A;N/A;N/A
0;CLIENTE;Oficial Cobranzas;OficialCobID;8;GRANDE PA;8999999994;8999999994;8999999994;8999999994;N/A;N/A;N/A;N/A;N/A;N/A;N/A;N/A
0;CLIENTE;Oficial Cobranzas;OficialCobID;9;GRANDE GG;8999999995;8999999995;8999999995;8999999995;N/A;N/A;N/A;N/A;N/A;N/A;N/A;N/A
0;CLIENTE;Oficial Cobranzas;OficialCobID;10;GRANDE DZ;8999999996;8999999996;8999999996;8999999996;N/A;N/A;N/A;N/A;N/A;N/A;N/A;N/A
0;CLIENTE;Oficial Cobranzas;OficialCobID;11;GRANDE EJ;8999999997;8999999997;8999999997;8999999997;N/A;N/A;N/A;N/A;N/A;N/A;N/A;N/A
0;CLIENTE;Oficial Cobranzas;OficialCobID;12;GRANDE MZ;8999999998;8999999998;8999999998;8999999998;N/A;N/A;N/A;N/A;N/A;N/A;N/A;N/A
0;CLIENTE;Oficial Cobranzas;OficialCobID;13;VIP PA;9999999994;9999999994;9999999994;9999999994;N/A;N/A;N/A;N/A;N/A;N/A;N/A;N/A
0;CLIENTE;Oficial Cobranzas;OficialCobID;14;VIP GG;9999999995;9999999995;9999999995;9999999995;N/A;N/A;N/A;N/A;N/A;N/A;N/A;N/A
0;CLIENTE;Oficial Cobranzas;OficialCobID;15;VIP DZ;9999999996;9999999996;9999999996;9999999996;N/A;N/A;N/A;N/A;N/A;N/A;N/A;N/A
0;CLIENTE;Oficial Cobranzas;OficialCobID;16;VIP EJ;9999999997;9999999997;9999999997;9999999997;N/A;N/A;N/A;N/A;N/A;N/A;N/A;N/A
0;CLIENTE;Oficial Cobranzas;OficialCobID;17;VIP MZ;9999999998;9999999998;9999999998;9999999998;N/A;N/A;N/A;N/A;N/A;N/A;N/A;N/A
0;CLIENTE;Oficial Cobranzas;OficialCobID;17;<<SIN OFICIAL>>;9999999999;9999999999;9999999999;9999999999;N/A;N/A;N/A;N/A;N/A;N/A;N/A;N/A
0;CLIENTE;Código Ruta;RutaID;1;GYE-QUITO;n/a;0000000001;n/a;n/a;n/a;n/a;n/a;n/a;n/a;n/a;n/a;n/a
0;CLIENTE;Código Ruta;RutaID;2;GUAYAQUIL - CUENCA;n/a;0000000002;n/a;n/a;n/a;n/a;n/a;n/a;n/a;n/a;n/a;n/a
0;CLIENTE;Código Ruta;RutaID;3;GUAYAQUIL - AMBATO;n/a;0000000003;n/a;n/a;n/a;n/a;n/a;n/a;n/a;n/a;n/a;n/a
0;CLIENTE;Código Ruta;RutaID;4;GUAYAQUIL - IBARRA;n/a;0000000004;n/a;n/a;n/a;n/a;n/a;n/a;n/a;n/a;n/a;n/a
0;CLIENTE;Código Ruta;RutaID;5;GUAYAQUIL - LOJA;n/a;0000000005;n/a;n/a;n/a;n/a;n/a;n/a;n/a;n/a;n/a;n/a
0;CLIENTE;Código Ruta;RutaID;6;GUAYAQUIL - MANTA;n/a;0000000006;n/a;n/a;n/a;n/a;n/a;n/a;n/a;n/a;n/a;n/a
0;CLIENTE;Código Ruta;RutaID;7;GYE - MACHALA;n/a;0000000007;n/a;n/a;n/a;n/a;n/a;n/a;n/a;n/a;n/a;n/a
0;CLIENTE;Código Ruta;RutaID;8;GUAYAQUIL - LA LIBERTAD;n/a;0000000008;n/a;n/a;n/a;n/a;n/a;n/a;n/a;n/a;n/a;n/a
0;CLIENTE;Código Ruta;RutaID;9;GUAYAQUIL PERIMETRO URBAN;n/a;0000000009;n/a;n/a;n/a;n/a;n/a;n/a;n/a;n/a;n/a;n/a
0;CLIENTE;Código Ruta;RutaID;10;GUAYAQUIL FUERA DEL PERIM;n/a;0000000010;n/a;n/a;n/a;n/a;n/a;n/a;n/a;n/a;n/a;n/a
0;CLIENTE;Código Ruta;RutaID;11;GYE-PIÑAS (EL ORO);n/a;0000000101;n/a;n/a;n/a;n/a;n/a;n/a;n/a;n/a;n/a;n/a
0;CLIENTE;Código Ruta;RutaID;12;GYE- YAGUACHI;n/a;0000000103;n/a;n/a;n/a;n/a;n/a;n/a;n/a;n/a;n/a;n/a
0;CLIENTE;Código Ruta;RutaID;13;PTO MANTA-DURAN;n/a;0000000104;n/a;n/a;n/a;n/a;n/a;n/a;n/a;n/a;n/a;n/a
0;CLIENTE;Código Ruta;RutaID;14;RUTA PENINSULA SANTA ELEN;n/a;0000000106;n/a;n/a;n/a;n/a;n/a;n/a;n/a;n/a;n/a;n/a
0;CLIENTE;Código Ruta;RutaID;15;GYE - DURAN - GYE;n/a;0000000011;n/a;n/a;n/a;n/a;n/a;n/a;n/a;n/a;n/a;n/a
0;CLIENTE;Código Ruta;RutaID;16;QUITO-QUEVEDO;n/a;0000000108;n/a;n/a;n/a;n/a;n/a;n/a;n/a;n/a;n/a;n/a
0;CLIENTE;Código Ruta;RutaID;17;GYE-PORTOVIEJO;n/a;0000000109;n/a;n/a;n/a;n/a;n/a;n/a;n/a;n/a;n/a;n/a
0;CLIENTE;Código Ruta;RutaID;18;DURAN PERIMETRO URBANO;n/a;0000000112;n/a;n/a;n/a;n/a;n/a;n/a;n/a;n/a;n/a;n/a
0;CLIENTE;Código Ruta;RutaID;19;CUENCA-GYE;n/a;0000000113;n/a;n/a;n/a;n/a;n/a;n/a;n/a;n/a;n/a;n/a
0;CLIENTE;Código Ruta;RutaID;20;GYE-DURAN-QUITO;n/a;0000000116;n/a;n/a;n/a;n/a;n/a;n/a;n/a;n/a;n/a;n/a
0;CLIENTE;Código Ruta;RutaID;21;GUAYAQUIL - LATACUNGA;n/a;0000000012;n/a;n/a;n/a;n/a;n/a;n/a;n/a;n/a;n/a;n/a
0;CLIENTE;Código Ruta;RutaID;22;AMBATO-GYE;n/a;0000000118;n/a;n/a;n/a;n/a;n/a;n/a;n/a;n/a;n/a;n/a
0;CLIENTE;Código Ruta;RutaID;23;GYE-PEDRO CARBO;n/a;0000000120;n/a;n/a;n/a;n/a;n/a;n/a;n/a;n/a;n/a;n/a
0;CLIENTE;Código Ruta;RutaID;24;HUAQUILLAS - GYE;n/a;0000000125;n/a;n/a;n/a;n/a;n/a;n/a;n/a;n/a;n/a;n/a
0;CLIENTE;Código Ruta;RutaID;25;GYE-PASAJE / EL ORO;n/a;0000000126;n/a;n/a;n/a;n/a;n/a;n/a;n/a;n/a;n/a;n/a
0;CLIENTE;Código Ruta;RutaID;26;GYE - MILAGRO - GYE;n/a;0000000013;n/a;n/a;n/a;n/a;n/a;n/a;n/a;n/a;n/a;n/a
0;CLIENTE;Código Ruta;RutaID;27;GYE-AZOGUEZ;n/a;0000000127;n/a;n/a;n/a;n/a;n/a;n/a;n/a;n/a;n/a;n/a
0;CLIENTE;Código Ruta;RutaID;28;TRASLADOS DENTRO DEL PUER;n/a;0000000128;n/a;n/a;n/a;n/a;n/a;n/a;n/a;n/a;n/a;n/a
0;CLIENTE;Código Ruta;RutaID;29;GYE-RIOBAMBA;n/a;0000000130;n/a;n/a;n/a;n/a;n/a;n/a;n/a;n/a;n/a;n/a
0;CLIENTE;Código Ruta;RutaID;30;GYE-VIA LA TRONCAL;n/a;0000000132;n/a;n/a;n/a;n/a;n/a;n/a;n/a;n/a;n/a;n/a
0;CLIENTE;Código Ruta;RutaID;31;PEDRO VICENTE MALDONADO;n/a;0000000133;n/a;n/a;n/a;n/a;n/a;n/a;n/a;n/a;n/a;n/a
0;CLIENTE;Código Ruta;RutaID;32;CERECITA;n/a;0000000134;n/a;n/a;n/a;n/a;n/a;n/a;n/a;n/a;n/a;n/a
0;CLIENTE;Código Ruta;RutaID;33;GUAYAQUIL - ESMERALDAS;n/a;0000000014;n/a;n/a;n/a;n/a;n/a;n/a;n/a;n/a;n/a;n/a
0;CLIENTE;Código Ruta;RutaID;34;GYE - HUAQUILLAS;n/a;0000000015;n/a;n/a;n/a;n/a;n/a;n/a;n/a;n/a;n/a;n/a
0;CLIENTE;Código Ruta;RutaID;35;GYE-CHONGON;n/a;0000000150;n/a;n/a;n/a;n/a;n/a;n/a;n/a;n/a;n/a;n/a
0;CLIENTE;Código Ruta;RutaID;36;HUAQUILLAS-QUITO;n/a;0000000153;n/a;n/a;n/a;n/a;n/a;n/a;n/a;n/a;n/a;n/a
0;CLIENTE;Código Ruta;RutaID;37;GYE-LOMAS DE SARGENTILLO;n/a;0000000157;n/a;n/a;n/a;n/a;n/a;n/a;n/a;n/a;n/a;n/a
0;CLIENTE;Código Ruta;RutaID;38;GUAYAQUIL - VALDIVIA;n/a;0000000016;n/a;n/a;n/a;n/a;n/a;n/a;n/a;n/a;n/a;n/a
0;CLIENTE;Código Ruta;RutaID;39;GYE-OTAVALO;n/a;0000000159;n/a;n/a;n/a;n/a;n/a;n/a;n/a;n/a;n/a;n/a
0;CLIENTE;Código Ruta;RutaID;40;GUAYAQUIL-ISIDRO AYORA;n/a;0000000161;n/a;n/a;n/a;n/a;n/a;n/a;n/a;n/a;n/a;n/a
0;CLIENTE;Código Ruta;RutaID;41;QUITO - GUAYAQUIL;n/a;0000000017;n/a;n/a;n/a;n/a;n/a;n/a;n/a;n/a;n/a;n/a
0;CLIENTE;Código Ruta;RutaID;42;QUITO - AMBATO;n/a;0000000171;n/a;n/a;n/a;n/a;n/a;n/a;n/a;n/a;n/a;n/a
0;CLIENTE;Código Ruta;RutaID;43;Transporte Interno GYE;n/a;0000000176;n/a;n/a;n/a;n/a;n/a;n/a;n/a;n/a;n/a;n/a
0;CLIENTE;Código Ruta;RutaID;44;POSORJA-GYE;n/a;0000000178;n/a;n/a;n/a;n/a;n/a;n/a;n/a;n/a;n/a;n/a
0;CLIENTE;Código Ruta;RutaID;45;HUAQUILLAS-MANTA;n/a;0000000181;n/a;n/a;n/a;n/a;n/a;n/a;n/a;n/a;n/a;n/a
0;CLIENTE;Código Ruta;RutaID;46;GYE-BABAHOYO;n/a;0000000183;n/a;n/a;n/a;n/a;n/a;n/a;n/a;n/a;n/a;n/a
0;CLIENTE;Código Ruta;RutaID;47;QUITO-DURAN;n/a;0000000185;n/a;n/a;n/a;n/a;n/a;n/a;n/a;n/a;n/a;n/a
0;CLIENTE;Código Ruta;RutaID;48;TABABELA - CAYAMBE;n/a;0000000187;n/a;n/a;n/a;n/a;n/a;n/a;n/a;n/a;n/a;n/a
0;CLIENTE;Código Ruta;RutaID;49;HUAQUILLAS-MACHALA;n/a;0000000188;n/a;n/a;n/a;n/a;n/a;n/a;n/a;n/a;n/a;n/a
0;CLIENTE;Código Ruta;RutaID;50;GYE-BUENA FE;n/a;0000000189;n/a;n/a;n/a;n/a;n/a;n/a;n/a;n/a;n/a;n/a
0;CLIENTE;Código Ruta;RutaID;51;TABABELA QUITO NORTE;n/a;0000000191;n/a;n/a;n/a;n/a;n/a;n/a;n/a;n/a;n/a;n/a
0;CLIENTE;Código Ruta;RutaID;52;TABABELA QUITO SUR;n/a;0000000192;n/a;n/a;n/a;n/a;n/a;n/a;n/a;n/a;n/a;n/a
0;CLIENTE;Código Ruta;RutaID;53;TULCAN-ESMERALDAS;n/a;0000000195;n/a;n/a;n/a;n/a;n/a;n/a;n/a;n/a;n/a;n/a
0;CLIENTE;Código Ruta;RutaID;54;AEREO GYE-FUERA PERIMETRO;n/a;0000000198;n/a;n/a;n/a;n/a;n/a;n/a;n/a;n/a;n/a;n/a
0;CLIENTE;Código Ruta;RutaID;55;AEREO GYE-DURAN;n/a;0000000199;n/a;n/a;n/a;n/a;n/a;n/a;n/a;n/a;n/a;n/a
0;CLIENTE;Código Ruta;RutaID;56;QUITO-CUENCA;n/a;0000000200;n/a;n/a;n/a;n/a;n/a;n/a;n/a;n/a;n/a;n/a
0;CLIENTE;Código Ruta;RutaID;57;GUAYAQUIL-ALOAG;n/a;0000000201;n/a;n/a;n/a;n/a;n/a;n/a;n/a;n/a;n/a;n/a
0;CLIENTE;Código Ruta;RutaID;58;MANTA - QUITO;n/a;0000000021;n/a;n/a;n/a;n/a;n/a;n/a;n/a;n/a;n/a;n/a
0;CLIENTE;Código Ruta;RutaID;59;GYE-ZAMORA CHINCHIPE;n/a;0000000204;n/a;n/a;n/a;n/a;n/a;n/a;n/a;n/a;n/a;n/a
0;CLIENTE;Código Ruta;RutaID;60;TRASLADO GYE;n/a;0000000205;n/a;n/a;n/a;n/a;n/a;n/a;n/a;n/a;n/a;n/a
0;CLIENTE;Código Ruta;RutaID;61;GUAYAQUIL - BALZAR;n/a;0000000206;n/a;n/a;n/a;n/a;n/a;n/a;n/a;n/a;n/a;n/a
0;CLIENTE;Código Ruta;RutaID;62;GUAYAQUIL - TULCAN;n/a;0000000207;n/a;n/a;n/a;n/a;n/a;n/a;n/a;n/a;n/a;n/a
0;CLIENTE;Código Ruta;RutaID;63;GYE-VINCES-GYE;n/a;0000000209;n/a;n/a;n/a;n/a;n/a;n/a;n/a;n/a;n/a;n/a
0;CLIENTE;Código Ruta;RutaID;64;DURAN-VIA DAULE (AMBEV);n/a;0000000211;n/a;n/a;n/a;n/a;n/a;n/a;n/a;n/a;n/a;n/a
0;CLIENTE;Código Ruta;RutaID;65;GYE-PEDERNALES;n/a;0000000212;n/a;n/a;n/a;n/a;n/a;n/a;n/a;n/a;n/a;n/a
0;CLIENTE;Código Ruta;RutaID;66;GYE-Rio Verde/Santa Elena;n/a;0000000214;n/a;n/a;n/a;n/a;n/a;n/a;n/a;n/a;n/a;n/a
0;CLIENTE;Código Ruta;RutaID;67;GUAYAQUIL-MACHACHI;n/a;0000000215;n/a;n/a;n/a;n/a;n/a;n/a;n/a;n/a;n/a;n/a
0;CLIENTE;Código Ruta;RutaID;68;GYE-PLAYAS;n/a;0000000219;n/a;n/a;n/a;n/a;n/a;n/a;n/a;n/a;n/a;n/a
0;CLIENTE;Código Ruta;RutaID;69;PTO - BUNKER;n/a;0000000227;n/a;n/a;n/a;n/a;n/a;n/a;n/a;n/a;n/a;n/a
0;CLIENTE;Código Ruta;RutaID;70;QUITO-LATACUNGA;n/a;0000000233;n/a;n/a;n/a;n/a;n/a;n/a;n/a;n/a;n/a;n/a
0;CLIENTE;Código Ruta;RutaID;71;TABABELA LATACUNGA;n/a;0000000234;n/a;n/a;n/a;n/a;n/a;n/a;n/a;n/a;n/a;n/a
0;CLIENTE;Código Ruta;RutaID;72;TABABELA VALLES;n/a;0000000228;n/a;n/a;n/a;n/a;n/a;n/a;n/a;n/a;n/a;n/a
0;CLIENTE;Código Ruta;RutaID;73;GUAYAQUIL - CAYAMBE - GUA;n/a;0000000024;n/a;n/a;n/a;n/a;n/a;n/a;n/a;n/a;n/a;n/a
0;CLIENTE;Código Ruta;RutaID;74;TABABELA INTERNO/ VALLE;n/a;0000000237;n/a;n/a;n/a;n/a;n/a;n/a;n/a;n/a;n/a;n/a
0;CLIENTE;Código Ruta;RutaID;75;GYE-VIA NARANJAL BUCAY;n/a;0000000238;n/a;n/a;n/a;n/a;n/a;n/a;n/a;n/a;n/a;n/a
0;CLIENTE;Código Ruta;RutaID;76;GUAYAQUIL - MONTECRISTI;n/a;0000000241;n/a;n/a;n/a;n/a;n/a;n/a;n/a;n/a;n/a;n/a
0;CLIENTE;Código Ruta;RutaID;77;GUAYAQUIL-YARUQUÍ;n/a;0000000243;n/a;n/a;n/a;n/a;n/a;n/a;n/a;n/a;n/a;n/a
0;CLIENTE;Código Ruta;RutaID;78;TABABELA QUITO CENTRO;n/a;0000000025;n/a;n/a;n/a;n/a;n/a;n/a;n/a;n/a;n/a;n/a
0;CLIENTE;Código Ruta;RutaID;79;GYE-CALUMA;n/a;0000000245;n/a;n/a;n/a;n/a;n/a;n/a;n/a;n/a;n/a;n/a
0;CLIENTE;Código Ruta;RutaID;80;TABABELA - IMBABURA;n/a;0000000247;n/a;n/a;n/a;n/a;n/a;n/a;n/a;n/a;n/a;n/a
0;CLIENTE;Código Ruta;RutaID;81;QUITO - MACHALA;n/a;0000000248;n/a;n/a;n/a;n/a;n/a;n/a;n/a;n/a;n/a;n/a
0;CLIENTE;Código Ruta;RutaID;82;GYE-ZARUMA;n/a;0000000250;n/a;n/a;n/a;n/a;n/a;n/a;n/a;n/a;n/a;n/a
0;CLIENTE;Código Ruta;RutaID;83;GYE-EL CARMEN-GYE;n/a;0000000251;n/a;n/a;n/a;n/a;n/a;n/a;n/a;n/a;n/a;n/a
0;CLIENTE;Código Ruta;RutaID;84;RETIRO CONTENEDOR VACIO;n/a;0000000252;n/a;n/a;n/a;n/a;n/a;n/a;n/a;n/a;n/a;n/a
0;CLIENTE;Código Ruta;RutaID;85;GUAYAQUIL - ARENILLA (EL;n/a;0000000253;n/a;n/a;n/a;n/a;n/a;n/a;n/a;n/a;n/a;n/a
0;CLIENTE;Código Ruta;RutaID;86;QUITO - MANTA;n/a;0000000254;n/a;n/a;n/a;n/a;n/a;n/a;n/a;n/a;n/a;n/a
0;CLIENTE;Código Ruta;RutaID;87;PTO. ESMERALDAS-GUAYAQUIL;n/a;0000000026;n/a;n/a;n/a;n/a;n/a;n/a;n/a;n/a;n/a;n/a
0;CLIENTE;Código Ruta;RutaID;88;RETIRO DE VACIO CONT. EXP;n/a;0000000255;n/a;n/a;n/a;n/a;n/a;n/a;n/a;n/a;n/a;n/a
0;CLIENTE;Código Ruta;RutaID;89;GUAYAQUIL - JARAMIJO;n/a;0000000256;n/a;n/a;n/a;n/a;n/a;n/a;n/a;n/a;n/a;n/a
0;CLIENTE;Código Ruta;RutaID;90;GYE-CAJABAMBA PROVINCIA C;n/a;0000000264;n/a;n/a;n/a;n/a;n/a;n/a;n/a;n/a;n/a;n/a
0;CLIENTE;Código Ruta;RutaID;91;GUAYAQUIL - PORTOVELO;n/a;0000000271;n/a;n/a;n/a;n/a;n/a;n/a;n/a;n/a;n/a;n/a
0;CLIENTE;Código Ruta;RutaID;92;DURAN - GUAYAQUIL;n/a;0000000276;n/a;n/a;n/a;n/a;n/a;n/a;n/a;n/a;n/a;n/a
0;CLIENTE;Código Ruta;RutaID;93;GYE-NARANJAL;n/a;0000000277;n/a;n/a;n/a;n/a;n/a;n/a;n/a;n/a;n/a;n/a
0;CLIENTE;Código Ruta;RutaID;94;GYE-PONCE ENRIQUEZ;n/a;0000000278;n/a;n/a;n/a;n/a;n/a;n/a;n/a;n/a;n/a;n/a
0;CLIENTE;Código Ruta;RutaID;95;GYE- LA CONCORDIA;n/a;0000000280;n/a;n/a;n/a;n/a;n/a;n/a;n/a;n/a;n/a;n/a
0;CLIENTE;Código Ruta;RutaID;96;TULCAN-DURAN;n/a;0000000281;n/a;n/a;n/a;n/a;n/a;n/a;n/a;n/a;n/a;n/a
0;CLIENTE;Código Ruta;RutaID;97;PUERTO LOPEZ - GUAYAQUIL;n/a;0000000282;n/a;n/a;n/a;n/a;n/a;n/a;n/a;n/a;n/a;n/a
0;CLIENTE;Código Ruta;RutaID;98;QUITO-TULCAN;n/a;0000000283;n/a;n/a;n/a;n/a;n/a;n/a;n/a;n/a;n/a;n/a
0;CLIENTE;Código Ruta;RutaID;99;MANTA-GYE;n/a;0000000029;n/a;n/a;n/a;n/a;n/a;n/a;n/a;n/a;n/a;n/a
0;CLIENTE;Código Ruta;RutaID;100;GYE-BAHIA DE CARAQUEZ;n/a;0000000285;n/a;n/a;n/a;n/a;n/a;n/a;n/a;n/a;n/a;n/a
0;CLIENTE;Código Ruta;RutaID;101;GYE-TABACUNDO;n/a;0000000291;n/a;n/a;n/a;n/a;n/a;n/a;n/a;n/a;n/a;n/a
0;CLIENTE;Código Ruta;RutaID;102;QUITO-ESMERALDAS;n/a;0000000292;n/a;n/a;n/a;n/a;n/a;n/a;n/a;n/a;n/a;n/a
0;CLIENTE;Código Ruta;RutaID;103;GYE-CHANDUY;n/a;0000000246;n/a;n/a;n/a;n/a;n/a;n/a;n/a;n/a;n/a;n/a
0;CLIENTE;Código Ruta;RutaID;104;TULCAN-MILAGRO;n/a;0000000293;n/a;n/a;n/a;n/a;n/a;n/a;n/a;n/a;n/a;n/a
0;CLIENTE;Código Ruta;RutaID;105;ENTREGA DE VACIO;n/a;0000000294;n/a;n/a;n/a;n/a;n/a;n/a;n/a;n/a;n/a;n/a
0;CLIENTE;Código Ruta;RutaID;106;VALDIVIA - GUAYAQUIL;n/a;0000000295;n/a;n/a;n/a;n/a;n/a;n/a;n/a;n/a;n/a;n/a
0;CLIENTE;Código Ruta;RutaID;107;GYE-VIA A LA COSTA KM 68;n/a;0000000299;n/a;n/a;n/a;n/a;n/a;n/a;n/a;n/a;n/a;n/a
0;CLIENTE;Código Ruta;RutaID;108;GYE-JUNIN MANABI;n/a;0000000300;n/a;n/a;n/a;n/a;n/a;n/a;n/a;n/a;n/a;n/a
0;CLIENTE;Código Ruta;RutaID;109;GYE-QUEVEDO;n/a;0000000031;n/a;n/a;n/a;n/a;n/a;n/a;n/a;n/a;n/a;n/a
0;CLIENTE;Código Ruta;RutaID;110;QUITO - IBARRA;n/a;0000000303;n/a;n/a;n/a;n/a;n/a;n/a;n/a;n/a;n/a;n/a
0;CLIENTE;Código Ruta;RutaID;111;GYE - PIFO (QUITO);n/a;0000000307;n/a;n/a;n/a;n/a;n/a;n/a;n/a;n/a;n/a;n/a
0;CLIENTE;Código Ruta;RutaID;112;GUAYAQUIL - PATATE;n/a;0000000312;n/a;n/a;n/a;n/a;n/a;n/a;n/a;n/a;n/a;n/a
0;CLIENTE;Código Ruta;RutaID;113;GYE- SABANA GRANDE;n/a;0000000314;n/a;n/a;n/a;n/a;n/a;n/a;n/a;n/a;n/a;n/a
0;CLIENTE;Código Ruta;RutaID;114;GYE - PTO. BOLIVAR;n/a;0000000318;n/a;n/a;n/a;n/a;n/a;n/a;n/a;n/a;n/a;n/a
0;CLIENTE;Código Ruta;RutaID;115;GUAYAQUIL - DAULAR;n/a;0000000325;n/a;n/a;n/a;n/a;n/a;n/a;n/a;n/a;n/a;n/a
0;CLIENTE;Código Ruta;RutaID;116;GUAYAQUIL - PETRILLO;n/a;0000000327;n/a;n/a;n/a;n/a;n/a;n/a;n/a;n/a;n/a;n/a
0;CLIENTE;Código Ruta;RutaID;117;QUITO - STO DOMINGO;n/a;0000000328;n/a;n/a;n/a;n/a;n/a;n/a;n/a;n/a;n/a;n/a
0;CLIENTE;Código Ruta;RutaID;118;TULCAN-GYE;n/a;0000000034;n/a;n/a;n/a;n/a;n/a;n/a;n/a;n/a;n/a;n/a
0;CLIENTE;Código Ruta;RutaID;119;GYE-MARCELINO MARIDUEÑA;n/a;0000000035;n/a;n/a;n/a;n/a;n/a;n/a;n/a;n/a;n/a;n/a
0;CLIENTE;Código Ruta;RutaID;120;TULCAN - CAYAMBE;n/a;0000000335;n/a;n/a;n/a;n/a;n/a;n/a;n/a;n/a;n/a;n/a
0;CLIENTE;Código Ruta;RutaID;121;GYE - CAYAMBE - QUITO;n/a;0000000336;n/a;n/a;n/a;n/a;n/a;n/a;n/a;n/a;n/a;n/a
0;CLIENTE;Código Ruta;RutaID;122;GUAYAQUIL - PROGRESO;n/a;0000000340;n/a;n/a;n/a;n/a;n/a;n/a;n/a;n/a;n/a;n/a
0;CLIENTE;Código Ruta;RutaID;123;GUAYAQUIL - NOBOL;n/a;0000000342;n/a;n/a;n/a;n/a;n/a;n/a;n/a;n/a;n/a;n/a
0;CLIENTE;Código Ruta;RutaID;124;GYE-LOS LOJAS VIA SALITRE;n/a;0000000343;n/a;n/a;n/a;n/a;n/a;n/a;n/a;n/a;n/a;n/a
0;CLIENTE;Código Ruta;RutaID;125;GYE-VIRGEN DE FATIMA-GYE;n/a;0000000350;n/a;n/a;n/a;n/a;n/a;n/a;n/a;n/a;n/a;n/a
0;CLIENTE;Código Ruta;RutaID;126;Manta-Santo Domingo;n/a;0000000352;n/a;n/a;n/a;n/a;n/a;n/a;n/a;n/a;n/a;n/a
0;CLIENTE;Código Ruta;RutaID;127;GYE-SALANGO (MANABI);n/a;0000000354;n/a;n/a;n/a;n/a;n/a;n/a;n/a;n/a;n/a;n/a
0;CLIENTE;Código Ruta;RutaID;128;QUITO-MARCELINO MARIDUEÑA;n/a;0000000356;n/a;n/a;n/a;n/a;n/a;n/a;n/a;n/a;n/a;n/a
0;CLIENTE;Código Ruta;RutaID;129;TULCAN - MACHALA;n/a;0000000361;n/a;n/a;n/a;n/a;n/a;n/a;n/a;n/a;n/a;n/a
0;CLIENTE;Código Ruta;RutaID;130;GYE-VIA EL TRIUNFO;n/a;0000000038;n/a;n/a;n/a;n/a;n/a;n/a;n/a;n/a;n/a;n/a
0;CLIENTE;Código Ruta;RutaID;131;Bunker-Puerto GYE(Export);n/a;0000000364;n/a;n/a;n/a;n/a;n/a;n/a;n/a;n/a;n/a;n/a
0;CLIENTE;Código Ruta;RutaID;132;CAYAMBE-QUITO;n/a;0000000369;n/a;n/a;n/a;n/a;n/a;n/a;n/a;n/a;n/a;n/a
0;CLIENTE;Código Ruta;RutaID;133;Duran-Ambato;n/a;0000000370;n/a;n/a;n/a;n/a;n/a;n/a;n/a;n/a;n/a;n/a
0;CLIENTE;Código Ruta;RutaID;134;GYE-EL EMPALME;n/a;0000000371;n/a;n/a;n/a;n/a;n/a;n/a;n/a;n/a;n/a;n/a
0;CLIENTE;Código Ruta;RutaID;135;GUAYAQUIL-MATILDE ESTHER;n/a;0000000372;n/a;n/a;n/a;n/a;n/a;n/a;n/a;n/a;n/a;n/a
0;CLIENTE;Código Ruta;RutaID;136;Duran - Lasso (Latacunga);n/a;0000000375;n/a;n/a;n/a;n/a;n/a;n/a;n/a;n/a;n/a;n/a
0;CLIENTE;Código Ruta;RutaID;137;Guayaquil - Palestina;n/a;0000000380;n/a;n/a;n/a;n/a;n/a;n/a;n/a;n/a;n/a;n/a
0;CLIENTE;Código Ruta;RutaID;138;Guayaquil - Quito - Guaya;n/a;0000000382;n/a;n/a;n/a;n/a;n/a;n/a;n/a;n/a;n/a;n/a
0;CLIENTE;Código Ruta;RutaID;139;DPWORLD - QUITO;n/a;0000000384;n/a;n/a;n/a;n/a;n/a;n/a;n/a;n/a;n/a;n/a
0;CLIENTE;Código Ruta;RutaID;140;DPWORLD - DURAN;n/a;0000000385;n/a;n/a;n/a;n/a;n/a;n/a;n/a;n/a;n/a;n/a
0;CLIENTE;Código Ruta;RutaID;141;DPWORLD - ISIDRO AYORA;n/a;0000000387;n/a;n/a;n/a;n/a;n/a;n/a;n/a;n/a;n/a;n/a
0;CLIENTE;Código Ruta;RutaID;142;DPWORLD - GUAYAQUIL (PERI;n/a;0000000386;n/a;n/a;n/a;n/a;n/a;n/a;n/a;n/a;n/a;n/a
0;CLIENTE;Código Ruta;RutaID;143;DPWORLD - JUNIN MANABI;n/a;0000000388;n/a;n/a;n/a;n/a;n/a;n/a;n/a;n/a;n/a;n/a
0;CLIENTE;Código Ruta;RutaID;144;DPWORLD - GUAYAQUIL (FUER;n/a;0000000389;n/a;n/a;n/a;n/a;n/a;n/a;n/a;n/a;n/a;n/a
0;CLIENTE;Código Ruta;RutaID;145;DPWORLD - CAYAMBE;n/a;0000000391;n/a;n/a;n/a;n/a;n/a;n/a;n/a;n/a;n/a;n/a
0;CLIENTE;Código Ruta;RutaID;146;DPWORLD - MANTA;n/a;0000000392;n/a;n/a;n/a;n/a;n/a;n/a;n/a;n/a;n/a;n/a
0;CLIENTE;Código Ruta;RutaID;147;QUITO - DPWORLD;n/a;0000000393;n/a;n/a;n/a;n/a;n/a;n/a;n/a;n/a;n/a;n/a
0;CLIENTE;Código Ruta;RutaID;148;GUAYAQUIL (PERIMETRO URB.;n/a;0000000396;n/a;n/a;n/a;n/a;n/a;n/a;n/a;n/a;n/a;n/a
0;CLIENTE;Código Ruta;RutaID;149;PUERTO BOLIVAR - DURAN;n/a;0000000399;n/a;n/a;n/a;n/a;n/a;n/a;n/a;n/a;n/a;n/a
0;CLIENTE;Código Ruta;RutaID;150;DURAN - PUERTO BOLIVAR;n/a;0000000400;n/a;n/a;n/a;n/a;n/a;n/a;n/a;n/a;n/a;n/a
0;CLIENTE;Código Ruta;RutaID;151;DPWORLD - POSORJA;n/a;0000000401;n/a;n/a;n/a;n/a;n/a;n/a;n/a;n/a;n/a;n/a
0;CLIENTE;Código Ruta;RutaID;152;GYE - SANTO DOMINGO;n/a;0000000042;n/a;n/a;n/a;n/a;n/a;n/a;n/a;n/a;n/a;n/a
0;CLIENTE;Código Ruta;RutaID;153;GYE-AURELIAN LOS ENCUENTR;n/a;0000000390;n/a;n/a;n/a;n/a;n/a;n/a;n/a;n/a;n/a;n/a
0;CLIENTE;Código Ruta;RutaID;154;QUITO - AURELIAN LOS ENCU;n/a;0000000405;n/a;n/a;n/a;n/a;n/a;n/a;n/a;n/a;n/a;n/a
0;CLIENTE;Código Ruta;RutaID;155;DURAN-TULCAN;n/a;0000000406;n/a;n/a;n/a;n/a;n/a;n/a;n/a;n/a;n/a;n/a
0;CLIENTE;Código Ruta;RutaID;156;DPWORLD - AMBATO;n/a;0000000407;n/a;n/a;n/a;n/a;n/a;n/a;n/a;n/a;n/a;n/a
0;CLIENTE;Código Ruta;RutaID;157;MANTA - QUEVEDO;n/a;0000000408;n/a;n/a;n/a;n/a;n/a;n/a;n/a;n/a;n/a;n/a
0;CLIENTE;Código Ruta;RutaID;158;GUAYAQUIL - JOYA DE LOS S;n/a;0000000409;n/a;n/a;n/a;n/a;n/a;n/a;n/a;n/a;n/a;n/a
0;CLIENTE;Código Ruta;RutaID;159;DPWORLD - LATACUNGA;n/a;0000000411;n/a;n/a;n/a;n/a;n/a;n/a;n/a;n/a;n/a;n/a
0;CLIENTE;Código Ruta;RutaID;160;GUAYAQUIL - ZAMORA - GUAY;n/a;0000000412;n/a;n/a;n/a;n/a;n/a;n/a;n/a;n/a;n/a;n/a
0;CLIENTE;Código Ruta;RutaID;161;MANTA - LATACUNGA;n/a;0000000413;n/a;n/a;n/a;n/a;n/a;n/a;n/a;n/a;n/a;n/a
0;CLIENTE;Código Ruta;RutaID;162;DPWORLD - ALOAG;n/a;0000000415;n/a;n/a;n/a;n/a;n/a;n/a;n/a;n/a;n/a;n/a
0;CLIENTE;Código Ruta;RutaID;163;TABABELA - ALOAG;n/a;0000000416;n/a;n/a;n/a;n/a;n/a;n/a;n/a;n/a;n/a;n/a
0;CLIENTE;Código Ruta;RutaID;164;GUAYAQUIL - TORATA;n/a;0000000417;n/a;n/a;n/a;n/a;n/a;n/a;n/a;n/a;n/a;n/a
0;CLIENTE;Código Ruta;RutaID;165;GUAYAQUIL - SAMBORONDON;n/a;0000000421;n/a;n/a;n/a;n/a;n/a;n/a;n/a;n/a;n/a;n/a
0;CLIENTE;Código Ruta;RutaID;166;CAYAMBE - DURAN;n/a;0000000422;n/a;n/a;n/a;n/a;n/a;n/a;n/a;n/a;n/a;n/a
0;CLIENTE;Código Ruta;RutaID;167;GUAYAQUIL - CALACALI;n/a;0000000423;n/a;n/a;n/a;n/a;n/a;n/a;n/a;n/a;n/a;n/a
0;CLIENTE;Código Ruta;RutaID;168;QUITO - MILAGRO;n/a;0000000424;n/a;n/a;n/a;n/a;n/a;n/a;n/a;n/a;n/a;n/a
0;CLIENTE;Código Ruta;RutaID;169;QUITO - POSORJA;n/a;0000000425;n/a;n/a;n/a;n/a;n/a;n/a;n/a;n/a;n/a;n/a
0;CLIENTE;Código Ruta;RutaID;170;DPWORLD - MACHACHI;n/a;0000000426;n/a;n/a;n/a;n/a;n/a;n/a;n/a;n/a;n/a;n/a
0;CLIENTE;Código Ruta;RutaID;171;DPWORLD - CUENCA;n/a;0000000427;n/a;n/a;n/a;n/a;n/a;n/a;n/a;n/a;n/a;n/a
0;CLIENTE;Código Ruta;RutaID;172;DPWORLD - LA LIBERTAD;n/a;0000000428;n/a;n/a;n/a;n/a;n/a;n/a;n/a;n/a;n/a;n/a
0;CLIENTE;Código Ruta;RutaID;173;DPWORLD - MACHALA;n/a;0000000429;n/a;n/a;n/a;n/a;n/a;n/a;n/a;n/a;n/a;n/a
0;CLIENTE;Código Ruta;RutaID;174;DPWORLD -  EL TRIUNFO;n/a;0000000430;n/a;n/a;n/a;n/a;n/a;n/a;n/a;n/a;n/a;n/a
0;CLIENTE;Código Ruta;RutaID;175;DPWORLD - MILAGRO;n/a;0000000431;n/a;n/a;n/a;n/a;n/a;n/a;n/a;n/a;n/a;n/a
0;CLIENTE;Código Ruta;RutaID;176;QUITO - BUENA FE;n/a;0000000432;n/a;n/a;n/a;n/a;n/a;n/a;n/a;n/a;n/a;n/a
0;CLIENTE;Código Ruta;RutaID;177;GUAYAQUIL - VENTANAS;n/a;0000000433;n/a;n/a;n/a;n/a;n/a;n/a;n/a;n/a;n/a;n/a
0;CLIENTE;Código Ruta;RutaID;178;GUAYAQUIL - CHACARITA;n/a;0000000434;n/a;n/a;n/a;n/a;n/a;n/a;n/a;n/a;n/a;n/a
0;CLIENTE;Código Ruta;RutaID;179;GUAYAQUIL - FEBRES CORDER;n/a;0000000435;n/a;n/a;n/a;n/a;n/a;n/a;n/a;n/a;n/a;n/a
0;CLIENTE;Código Ruta;RutaID;180;GUAYAQUIL - MACARA;n/a;0000000436;n/a;n/a;n/a;n/a;n/a;n/a;n/a;n/a;n/a;n/a
0;CLIENTE;Código Ruta;RutaID;181;GYE - HUAQUILLAS - POSORJ;n/a;0000000527;n/a;n/a;n/a;n/a;n/a;n/a;n/a;n/a;n/a;n/a
0;CLIENTE;Código Ruta;RutaID;182;GUAYAQUIL - MOCACHE;n/a;0000000437;n/a;n/a;n/a;n/a;n/a;n/a;n/a;n/a;n/a;n/a
0;CLIENTE;Código Ruta;RutaID;183;GUAYAQUIL - MONTALVO;n/a;0000000438;n/a;n/a;n/a;n/a;n/a;n/a;n/a;n/a;n/a;n/a
0;CLIENTE;Código Ruta;RutaID;184;GUAYAQUIL - NARANJITO;n/a;0000000439;n/a;n/a;n/a;n/a;n/a;n/a;n/a;n/a;n/a;n/a
0;CLIENTE;Código Ruta;RutaID;185;GUAYAQUIL - RICAUTE;n/a;0000000440;n/a;n/a;n/a;n/a;n/a;n/a;n/a;n/a;n/a;n/a
0;CLIENTE;Código Ruta;RutaID;186;GUAYAQUIL - SALITRE;n/a;0000000441;n/a;n/a;n/a;n/a;n/a;n/a;n/a;n/a;n/a;n/a
0;CLIENTE;Código Ruta;RutaID;187;GYE-LAGO AGRIO;n/a;0000000046;n/a;n/a;n/a;n/a;n/a;n/a;n/a;n/a;n/a;n/a
0;CLIENTE;Código Ruta;RutaID;188;GUAYAQUIL - SANTA LUCIA;n/a;0000000442;n/a;n/a;n/a;n/a;n/a;n/a;n/a;n/a;n/a;n/a
0;CLIENTE;Código Ruta;RutaID;189;SANTO DOMINGO - GUAYAQUIL;n/a;0000000443;n/a;n/a;n/a;n/a;n/a;n/a;n/a;n/a;n/a;n/a
0;CLIENTE;Código Ruta;RutaID;190;GUAYAQUIL - DPWORLD - POS;n/a;0000000444;n/a;n/a;n/a;n/a;n/a;n/a;n/a;n/a;n/a;n/a
0;CLIENTE;Código Ruta;RutaID;191;GUAYAQUIL - DPWORLD - POS;n/a;0000000445;n/a;n/a;n/a;n/a;n/a;n/a;n/a;n/a;n/a;n/a
0;CLIENTE;Código Ruta;RutaID;192;TRASLADO INTERNO DURAN;n/a;0000000446;n/a;n/a;n/a;n/a;n/a;n/a;n/a;n/a;n/a;n/a
0;CLIENTE;Código Ruta;RutaID;193;QUEVEDO - GUAYAQUIL;n/a;0000000447;n/a;n/a;n/a;n/a;n/a;n/a;n/a;n/a;n/a;n/a
0;CLIENTE;Código Ruta;RutaID;194;QUITO - HUAQUILLAS;n/a;0000000448;n/a;n/a;n/a;n/a;n/a;n/a;n/a;n/a;n/a;n/a
0;CLIENTE;Código Ruta;RutaID;195;DURAN - QUITO;n/a;0000000449;n/a;n/a;n/a;n/a;n/a;n/a;n/a;n/a;n/a;n/a
0;CLIENTE;Código Ruta;RutaID;196;GUAYAQUIL - SAN ANTONIO K;n/a;0000000450;n/a;n/a;n/a;n/a;n/a;n/a;n/a;n/a;n/a;n/a
0;CLIENTE;Código Ruta;RutaID;197;MANTA - MARCELINO MARIDUE;n/a;0000000451;n/a;n/a;n/a;n/a;n/a;n/a;n/a;n/a;n/a;n/a
0;CLIENTE;Código Ruta;RutaID;198;GYE-EL COCA;n/a;0000000047;n/a;n/a;n/a;n/a;n/a;n/a;n/a;n/a;n/a;n/a
0;CLIENTE;Código Ruta;RutaID;199;GUAYAQUIL - GUARANDA;n/a;0000000456;n/a;n/a;n/a;n/a;n/a;n/a;n/a;n/a;n/a;n/a
0;CLIENTE;Código Ruta;RutaID;200;GUAYAQUIL - ATACAMES;n/a;0000000457;n/a;n/a;n/a;n/a;n/a;n/a;n/a;n/a;n/a;n/a
0;CLIENTE;Código Ruta;RutaID;201;INTERNO QUITO;n/a;0000000458;n/a;n/a;n/a;n/a;n/a;n/a;n/a;n/a;n/a;n/a
0;CLIENTE;Código Ruta;RutaID;202;TABABELA - MACHACHI;n/a;0000000460;n/a;n/a;n/a;n/a;n/a;n/a;n/a;n/a;n/a;n/a
0;CLIENTE;Código Ruta;RutaID;203;DURAN - MONTALVO;n/a;0000000461;n/a;n/a;n/a;n/a;n/a;n/a;n/a;n/a;n/a;n/a
0;CLIENTE;Código Ruta;RutaID;204;DURAN - GUAYAQUIL;n/a;0000000462;n/a;n/a;n/a;n/a;n/a;n/a;n/a;n/a;n/a;n/a
0;CLIENTE;Código Ruta;RutaID;205;DURAN - QUEVEDO;n/a;0000000463;n/a;n/a;n/a;n/a;n/a;n/a;n/a;n/a;n/a;n/a
0;CLIENTE;Código Ruta;RutaID;206;DURAN - MACHALA;n/a;0000000464;n/a;n/a;n/a;n/a;n/a;n/a;n/a;n/a;n/a;n/a
0;CLIENTE;Código Ruta;RutaID;207;DURAN - EL GUABO;n/a;0000000465;n/a;n/a;n/a;n/a;n/a;n/a;n/a;n/a;n/a;n/a
0;CLIENTE;Código Ruta;RutaID;208;DURAN - BABAHOYO;n/a;0000000466;n/a;n/a;n/a;n/a;n/a;n/a;n/a;n/a;n/a;n/a
0;CLIENTE;Código Ruta;RutaID;209;DURAN - EL TRIUNFO;n/a;0000000467;n/a;n/a;n/a;n/a;n/a;n/a;n/a;n/a;n/a;n/a
0;CLIENTE;Código Ruta;RutaID;210;DURAN - MILAGRO;n/a;0000000468;n/a;n/a;n/a;n/a;n/a;n/a;n/a;n/a;n/a;n/a
0;CLIENTE;Código Ruta;RutaID;211;DURAN - SAN JUAN;n/a;0000000469;n/a;n/a;n/a;n/a;n/a;n/a;n/a;n/a;n/a;n/a
0;CLIENTE;Código Ruta;RutaID;212;GUAYAQUIL - BABA;n/a;0000000470;n/a;n/a;n/a;n/a;n/a;n/a;n/a;n/a;n/a;n/a
0;CLIENTE;Código Ruta;RutaID;213;QUITO - CAYAMBE - GYE;n/a;0000000471;n/a;n/a;n/a;n/a;n/a;n/a;n/a;n/a;n/a;n/a
0;CLIENTE;Código Ruta;RutaID;214;TULCAN - GUAYAQUIL;n/a;0000000472;n/a;n/a;n/a;n/a;n/a;n/a;n/a;n/a;n/a;n/a
0;CLIENTE;Código Ruta;RutaID;215;QUITO - MACHACHI - GUAYAQ;n/a;0000000473;n/a;n/a;n/a;n/a;n/a;n/a;n/a;n/a;n/a;n/a
0;CLIENTE;Código Ruta;RutaID;216;DURAN - MANTA;n/a;0000000477;n/a;n/a;n/a;n/a;n/a;n/a;n/a;n/a;n/a;n/a
0;CLIENTE;Código Ruta;RutaID;217;GUAYAQUIL - SAN MIGUEL DE;n/a;0000000478;n/a;n/a;n/a;n/a;n/a;n/a;n/a;n/a;n/a;n/a
0;CLIENTE;Código Ruta;RutaID;218;DPWORLD - LOJA;n/a;0000000479;n/a;n/a;n/a;n/a;n/a;n/a;n/a;n/a;n/a;n/a
0;CLIENTE;Código Ruta;RutaID;219;DPWOLRD - KM 68 VIA A LA;n/a;0000000480;n/a;n/a;n/a;n/a;n/a;n/a;n/a;n/a;n/a;n/a
0;CLIENTE;Código Ruta;RutaID;220;PUERTO LOPEZ - DPWORLD;n/a;0000000482;n/a;n/a;n/a;n/a;n/a;n/a;n/a;n/a;n/a;n/a
0;CLIENTE;Código Ruta;RutaID;221;SALANGO - DPWORLD;n/a;0000000483;n/a;n/a;n/a;n/a;n/a;n/a;n/a;n/a;n/a;n/a
0;CLIENTE;Código Ruta;RutaID;222;DP WORLD - SANTO DOMINGO;n/a;0000000484;n/a;n/a;n/a;n/a;n/a;n/a;n/a;n/a;n/a;n/a
0;CLIENTE;Código Ruta;RutaID;223;GUAYAQUIL - ALLURIQUIN;n/a;0000000485;n/a;n/a;n/a;n/a;n/a;n/a;n/a;n/a;n/a;n/a
0;CLIENTE;Código Ruta;RutaID;224;QUITO - BUCAY;n/a;0000000486;n/a;n/a;n/a;n/a;n/a;n/a;n/a;n/a;n/a;n/a
0;CLIENTE;Código Ruta;RutaID;225;DP WORLD - PORTOVIEJO;n/a;0000000487;n/a;n/a;n/a;n/a;n/a;n/a;n/a;n/a;n/a;n/a
0;CLIENTE;Código Ruta;RutaID;226;MANTA - CAYAMBE;n/a;0000000488;n/a;n/a;n/a;n/a;n/a;n/a;n/a;n/a;n/a;n/a
0;CLIENTE;Código Ruta;RutaID;227;MANTA - MILAGRO;n/a;0000000490;n/a;n/a;n/a;n/a;n/a;n/a;n/a;n/a;n/a;n/a
0;CLIENTE;Código Ruta;RutaID;228;DURAN - SALINAS;n/a;0000000491;n/a;n/a;n/a;n/a;n/a;n/a;n/a;n/a;n/a;n/a
0;CLIENTE;Código Ruta;RutaID;229;LATACUNGA - MACHACHI;n/a;0000000493;n/a;n/a;n/a;n/a;n/a;n/a;n/a;n/a;n/a;n/a
0;CLIENTE;Código Ruta;RutaID;230;MANTA - TULCAN;n/a;0000000494;n/a;n/a;n/a;n/a;n/a;n/a;n/a;n/a;n/a;n/a
0;CLIENTE;Código Ruta;RutaID;231;MANTA - OTAVALO;n/a;0000000496;n/a;n/a;n/a;n/a;n/a;n/a;n/a;n/a;n/a;n/a
0;CLIENTE;Código Ruta;RutaID;232;VINCES - DPWORLD;n/a;0000000497;n/a;n/a;n/a;n/a;n/a;n/a;n/a;n/a;n/a;n/a
0;CLIENTE;Código Ruta;RutaID;233;ESMERALDAS - MILAGRO;n/a;0000000498;n/a;n/a;n/a;n/a;n/a;n/a;n/a;n/a;n/a;n/a
0;CLIENTE;Código Ruta;RutaID;234;DPWORLD - PATATE;n/a;0000000499;n/a;n/a;n/a;n/a;n/a;n/a;n/a;n/a;n/a;n/a
0;CLIENTE;Código Ruta;RutaID;235;DPWORLD - KM 26.5 VIA DUR;n/a;0000000500;n/a;n/a;n/a;n/a;n/a;n/a;n/a;n/a;n/a;n/a
0;CLIENTE;Código Ruta;RutaID;236;DPWORLD - VALDIVIA;n/a;0000000505;n/a;n/a;n/a;n/a;n/a;n/a;n/a;n/a;n/a;n/a
0;CLIENTE;Código Ruta;RutaID;237;QUITO - ALOAG;n/a;0000000506;n/a;n/a;n/a;n/a;n/a;n/a;n/a;n/a;n/a;n/a
0;CLIENTE;Código Ruta;RutaID;238;DURAN - CALACALI;n/a;0000000507;n/a;n/a;n/a;n/a;n/a;n/a;n/a;n/a;n/a;n/a
0;CLIENTE;Código Ruta;RutaID;239;VENTANAS - DPWORLD;n/a;0000000508;n/a;n/a;n/a;n/a;n/a;n/a;n/a;n/a;n/a;n/a
0;CLIENTE;Código Ruta;RutaID;240;AMBATO - HUAQUILLAS;n/a;0000000509;n/a;n/a;n/a;n/a;n/a;n/a;n/a;n/a;n/a;n/a
0;CLIENTE;Código Ruta;RutaID;241;MANTA - PLAYAS;n/a;0000000510;n/a;n/a;n/a;n/a;n/a;n/a;n/a;n/a;n/a;n/a
0;CLIENTE;Código Ruta;RutaID;242;EXPORT BUNKER - PUERTO;n/a;0000000511;n/a;n/a;n/a;n/a;n/a;n/a;n/a;n/a;n/a;n/a
0;CLIENTE;Código Ruta;RutaID;243;DPWORLD - RIOBAMBA;n/a;0000000512;n/a;n/a;n/a;n/a;n/a;n/a;n/a;n/a;n/a;n/a
0;CLIENTE;Código Ruta;RutaID;244;DPWORLD - SALANGO;n/a;0000000513;n/a;n/a;n/a;n/a;n/a;n/a;n/a;n/a;n/a;n/a
0;CLIENTE;Código Ruta;RutaID;245;GUAYAQUIL - EL MANGO (VIA;n/a;0000000514;n/a;n/a;n/a;n/a;n/a;n/a;n/a;n/a;n/a;n/a
0;CLIENTE;Código Ruta;RutaID;246;DPWORLD - MARCELINO MARID;n/a;0000000515;n/a;n/a;n/a;n/a;n/a;n/a;n/a;n/a;n/a;n/a
0;CLIENTE;Código Ruta;RutaID;247;PEDRO CARBO - DPWORLD;n/a;0000000516;n/a;n/a;n/a;n/a;n/a;n/a;n/a;n/a;n/a;n/a
0;CLIENTE;Código Ruta;RutaID;248;LAGO AGRIO - PUERTO BOLIV;n/a;0000000517;n/a;n/a;n/a;n/a;n/a;n/a;n/a;n/a;n/a;n/a
0;CLIENTE;Código Ruta;RutaID;249;DPWORLD - CAJABAMBA;n/a;0000000518;n/a;n/a;n/a;n/a;n/a;n/a;n/a;n/a;n/a;n/a
0;CLIENTE;Código Ruta;RutaID;250;JOYA DE LOS SACHAS - PUER;n/a;0000000519;n/a;n/a;n/a;n/a;n/a;n/a;n/a;n/a;n/a;n/a
0;CLIENTE;Código Ruta;RutaID;251;PUERTO BOLIVAR - JOYA DE;n/a;0000000520;n/a;n/a;n/a;n/a;n/a;n/a;n/a;n/a;n/a;n/a
0;CLIENTE;Código Ruta;RutaID;252;GUAYAQUIL - LA TRONCAL;n/a;0000000521;n/a;n/a;n/a;n/a;n/a;n/a;n/a;n/a;n/a;n/a
0;CLIENTE;Código Ruta;RutaID;253;ZONA SUR CERCA DEL PERIME;n/a;0000000053;n/a;n/a;n/a;n/a;n/a;n/a;n/a;n/a;n/a;n/a
0;CLIENTE;Código Ruta;RutaID;254;GUAYAQUIL - LA AVANZADA;n/a;0000000522;n/a;n/a;n/a;n/a;n/a;n/a;n/a;n/a;n/a;n/a
0;CLIENTE;Código Ruta;RutaID;255;GUAYAQUIL - PUERTO QUITO;n/a;0000000523;n/a;n/a;n/a;n/a;n/a;n/a;n/a;n/a;n/a;n/a
0;CLIENTE;Código Ruta;RutaID;256;ESMERALDAS - DURAN;n/a;0000000524;n/a;n/a;n/a;n/a;n/a;n/a;n/a;n/a;n/a;n/a
0;CLIENTE;Código Ruta;RutaID;257;VIRGEN DE FATIMA - DURAN;n/a;0000000525;n/a;n/a;n/a;n/a;n/a;n/a;n/a;n/a;n/a;n/a
0;CLIENTE;Código Ruta;RutaID;258;DURAN - HUAQUILLAS;n/a;0000000526;n/a;n/a;n/a;n/a;n/a;n/a;n/a;n/a;n/a;n/a
0;CLIENTE;Código Ruta;RutaID;259;GYE -  HUAQUILLAS - POSOR;n/a;0000000528;n/a;n/a;n/a;n/a;n/a;n/a;n/a;n/a;n/a;n/a
0;CLIENTE;Código Ruta;RutaID;260;LA TRONCAL - QUITO;n/a;0000000529;n/a;n/a;n/a;n/a;n/a;n/a;n/a;n/a;n/a;n/a
0;CLIENTE;Código Ruta;RutaID;261;HUAQUILLAS - SANTO DOMING;n/a;0000000492;n/a;n/a;n/a;n/a;n/a;n/a;n/a;n/a;n/a;n/a
0;CLIENTE;Código Ruta;RutaID;262;DISTRIBUCION LOCAL;n/a;0000000059;n/a;n/a;n/a;n/a;n/a;n/a;n/a;n/a;n/a;n/a
0;CLIENTE;Código Ruta;RutaID;263;GUAYAQUIL - SALINAS;n/a;0000000060;n/a;n/a;n/a;n/a;n/a;n/a;n/a;n/a;n/a;n/a
0;CLIENTE;Código Ruta;RutaID;264;TULCAN - QUITO;n/a;0000000070;n/a;n/a;n/a;n/a;n/a;n/a;n/a;n/a;n/a;n/a
0;CLIENTE;Código Ruta;RutaID;265;GYE- DAULE - GYE;n/a;0000000071;n/a;n/a;n/a;n/a;n/a;n/a;n/a;n/a;n/a;n/a
0;CLIENTE;Código Ruta;RutaID;266;GYE - LA MANA;n/a;0000000072;n/a;n/a;n/a;n/a;n/a;n/a;n/a;n/a;n/a;n/a
0;CLIENTE;Código Ruta;RutaID;267;GYE-PUEBLOVIEJO;n/a;0000000073;n/a;n/a;n/a;n/a;n/a;n/a;n/a;n/a;n/a;n/a
0;CLIENTE;Código Ruta;RutaID;268;GYE-SANGOLQUI;n/a;0000000075;n/a;n/a;n/a;n/a;n/a;n/a;n/a;n/a;n/a;n/a
0;CLIENTE;Código Ruta;RutaID;269;PTO. BOLIVAR - GQUIL;n/a;0000000076;n/a;n/a;n/a;n/a;n/a;n/a;n/a;n/a;n/a;n/a
0;CLIENTE;Código Ruta;RutaID;270;GYE-INGENIO DE LA TRONCAL;n/a;0000000077;n/a;n/a;n/a;n/a;n/a;n/a;n/a;n/a;n/a;n/a
0;CLIENTE;Código Ruta;RutaID;271;GYE-POSORJA;n/a;0000000078;n/a;n/a;n/a;n/a;n/a;n/a;n/a;n/a;n/a;n/a
0;CLIENTE;Código Ruta;RutaID;272;Aereo Gye;n/a;0000000079;n/a;n/a;n/a;n/a;n/a;n/a;n/a;n/a;n/a;n/a
0;CLIENTE;Código Ruta;RutaID;273;TULCAN-AMBATO;n/a;0000000086;n/a;n/a;n/a;n/a;n/a;n/a;n/a;n/a;n/a;n/a
0;CLIENTE;Tipo de Carga (Carga Suelta);CargaID;1;BREAKBULK EN CAMA BAJA;n/a;0000000142;n/a;n/a;n/a;n/a;n/a;n/a;n/a;n/a;n/a;n/a
0;CLIENTE;Tipo de Carga (Carga Suelta);CargaID;2;CARGA SUELTA ARROCILLO;n/a;0000000064;n/a;n/a;n/a;n/a;n/a;n/a;n/a;n/a;n/a;n/a
0;CLIENTE;Tipo de Carga (Carga Suelta);CargaID;3;CARGA SUELTA CÓD. AZUL;n/a;0000000089;n/a;n/a;n/a;n/a;n/a;n/a;n/a;n/a;n/a;n/a
0;CLIENTE;Tipo de Carga (Carga Suelta);CargaID;4;CARGA SUELTA EN CONTENEDOR DE 20;n/a;0000000091;n/a;n/a;n/a;n/a;n/a;n/a;n/a;n/a;n/a;n/a
0;CLIENTE;Tipo de Carga (Carga Suelta);CargaID;5;CARGA SUELTA EN COTENEDOR DE 40;n/a;0000000092;n/a;n/a;n/a;n/a;n/a;n/a;n/a;n/a;n/a;n/a
0;CLIENTE;Tipo de Carga (Carga Suelta);CargaID;6;CARGA SUELTA DESCONSOLIDADA;n/a;0000000061;n/a;n/a;n/a;n/a;n/a;n/a;n/a;n/a;n/a;n/a
0;CLIENTE;Tipo de Carga (Carga Suelta);CargaID;7;Exportacion Servicio Carga Suelta;n/a;0000000102;n/a;n/a;n/a;n/a;n/a;n/a;n/a;n/a;n/a;n/a
0;CLIENTE;Tipo de Carga (Carga Suelta);CargaID;8;TRANSPORTE CARGA SUELTA PARA EXPORTACION;n/a;0000000135;n/a;n/a;n/a;n/a;n/a;n/a;n/a;n/a;n/a;n/a
0;CLIENTE;Tipo de Carga (Carga Suelta);CargaID;9;Carga Suelta Quifatex Consolidada;n/a;0000000069;n/a;n/a;n/a;n/a;n/a;n/a;n/a;n/a;n/a;n/a
0;CLIENTE;Tipo de Carga (Carga Suelta);CargaID;10;Carga Suelta Quifatex sin consolidar;n/a;0000000070;n/a;n/a;n/a;n/a;n/a;n/a;n/a;n/a;n/a;n/a
0;CLIENTE;Tipo de Carga (Carga Suelta);CargaID;11;CARGA SUELTA CÓD. ROJO;n/a;0000000090;n/a;n/a;n/a;n/a;n/a;n/a;n/a;n/a;n/a;n/a
0;CLIENTE;Tipo de Carga (Carga Suelta);CargaID;12;TRANSPORTE CARGA SUELTA EN FURGON COMPLETO;n/a;0000000046;n/a;n/a;n/a;n/a;n/a;n/a;n/a;n/a;n/a;n/a
0;CLIENTE;Tipo de Carga (Carga Suelta);CargaID;13;CAMION;n/a;0000000025;n/a;n/a;n/a;n/a;n/a;n/a;n/a;n/a;n/a;n/a
0;CLIENTE;Tipo de Carga (Carga Suelta);CargaID;14;CARGA SUELTA HORARIO NOCTURNO;n/a;0000000116;n/a;n/a;n/a;n/a;n/a;n/a;n/a;n/a;n/a;n/a
0;CLIENTE;Tipo de Carga (Carga Suelta);CargaID;15;CARGA SUELTA AEREA;n/a;0000000096;n/a;n/a;n/a;n/a;n/a;n/a;n/a;n/a;n/a;n/a
0;CLIENTE;Tipo de Carga (Carga Suelta);CargaID;16;Carga suelta en General;n/a;0000000015;n/a;n/a;n/a;n/a;n/a;n/a;n/a;n/a;n/a;n/a
0;CLIENTE;Tipo de Carga (Carga Suelta);CargaID;17;CARGA SUELTA EN PLATAFORMA;n/a;0000000120;n/a;n/a;n/a;n/a;n/a;n/a;n/a;n/a;n/a;n/a
0;CLIENTE;Tipo de Carga (Carga Suelta);CargaID;18;CARGA SUELTA AEREA REFRIGERADA;n/a;0000000118;n/a;n/a;n/a;n/a;n/a;n/a;n/a;n/a;n/a;n/a
0;CLIENTE;Tipo de Carga (Carga Suelta);CargaID;19;Distribución  C2.15;n/a;0000000147;n/a;n/a;n/a;n/a;n/a;n/a;n/a;n/a;n/a;n/a
0;CLIENTE;Tipo de Carga (Carga Suelta);CargaID;20;Distribución  C2.25;n/a;0000000148;n/a;n/a;n/a;n/a;n/a;n/a;n/a;n/a;n/a;n/a
0;CLIENTE;Tipo de Carga (Carga Suelta);CargaID;21;Distribución  C2.35;n/a;0000000149;n/a;n/a;n/a;n/a;n/a;n/a;n/a;n/a;n/a;n/a
0;CLIENTE;Tipo de Carga (Carga Suelta);CargaID;22;Distribución  C2.45;n/a;0000000150;n/a;n/a;n/a;n/a;n/a;n/a;n/a;n/a;n/a;n/a
0;CLIENTE;Tipo de Carga (Carga Suelta);CargaID;23;Distirbución C2-52;n/a;0000000154;n/a;n/a;n/a;n/a;n/a;n/a;n/a;n/a;n/a;n/a
0;CLIENTE;Tipo de Carga (Carga Suelta);CargaID;24;Distribución  C2.60;n/a;0000000151;n/a;n/a;n/a;n/a;n/a;n/a;n/a;n/a;n/a;n/a
0;CLIENTE;Tipo de Carga (Carga Suelta);CargaID;25;Distribución T3S2M;n/a;0000000153;n/a;n/a;n/a;n/a;n/a;n/a;n/a;n/a;n/a;n/a
0;CLIENTE;Tipo de Carga (Carga Suelta);CargaID;26;Distribución T3S2;n/a;0000000152;n/a;n/a;n/a;n/a;n/a;n/a;n/a;n/a;n/a;n/a
0;CLIENTE;Tipo de Carga (Carga Suelta);CargaID;27;DISTRIBUCION;n/a;0000000143;n/a;n/a;n/a;n/a;n/a;n/a;n/a;n/a;n/a;n/a
0;CLIENTE;Tipo de Carga (Carga Suelta);CargaID;28;Furgón / Carga suelta consolidada;n/a;0000000131;n/a;n/a;n/a;n/a;n/a;n/a;n/a;n/a;n/a;n/a
0;CLIENTE;Tipo de Carga (Carga Suelta);CargaID;29;INBOUND;n/a;0000000144;n/a;n/a;n/a;n/a;n/a;n/a;n/a;n/a;n/a;n/a
0;CLIENTE;Tipo de Carga (Carga Suelta);CargaID;30;VEHICULOS EN NIÑERAS;n/a;0000000146;n/a;n/a;n/a;n/a;n/a;n/a;n/a;n/a;n/a;n/a
0;CLIENTE;Tipo de Carga (Carga Suelta);CargaID;31;SACOS;n/a;0000000033;n/a;n/a;n/a;n/a;n/a;n/a;n/a;n/a;n/a;n/a
0;CLIENTE;Tipo de Carga (Carga Suelta);CargaID;32;Transporte Carga Suelta no Consolidada;n/a;0000000121;n/a;n/a;n/a;n/a;n/a;n/a;n/a;n/a;n/a;n/a
0;CLIENTE;Honorario (Servicios Adicionales);Nombre;1;…;n/a;0000000040;n/a;;;;;;;;;
0;CLIENTE;Honorario (Servicios Adicionales);Nombre;2;FLETE EXTENDIDO;n/a;0000000235;n/a;;;;;;;;;
0;CLIENTE;Honorario (Servicios Adicionales);Nombre;3;DIFERENCIA DE TRANSPORTE;n/a;0000000257;n/a;;;;;;;;;
0;CLIENTE;Honorario (Servicios Adicionales);Nombre;4;HONORARIO INSPECCION DE CONTENEDOR VACIO;n/a;0000000258;n/a;;;;;;;;;
0;CLIENTE;Honorario (Servicios Adicionales);Nombre;5;Reembolso RECEPCION DE CONTENEDOR;n/a;0000000193;n/a;;;;;;;;;
0;CLIENTE;Honorario (Servicios Adicionales);Nombre;6;VENTA DE BATERIAS;n/a;0000000175;n/a;;;;;;;;;
0;CLIENTE;Honorario (Servicios Adicionales);Nombre;7;COORDINACION ALQUILER DE GRUA;n/a;0000000102;n/a;;;;;;;;;
0;CLIENTE;Honorario (Servicios Adicionales);Nombre;8;HON. GESTION DE EMISION Y/O RECUPERACION GARANTIA;n/a;0000000273;n/a;;;;;;;;;
0;CLIENTE;Honorario (Servicios Adicionales);Nombre;9;COORDINACION DE ALQUILER DE CONTENEDOR;n/a;0000000274;n/a;;;;;;;;;
0;CLIENTE;Honorario (Servicios Adicionales);Nombre;10;HONORARIO POR COORDINACION DE DESCONSOLIDACION;n/a;0000000275;n/a;;;;;;;;;
0;CLIENTE;Honorario (Servicios Adicionales);Nombre;11;REEMBOLSO DE ALQ.CLIPON Y COMBUST.;n/a;0000000280;n/a;;;;;;;;;
0;CLIENTE;Honorario (Servicios Adicionales);Nombre;12;HONORARIO COORD. PORTURARIA POR SALIDA DE CONT.;n/a;0000000281;n/a;;;;;;;;;
0;CLIENTE;Honorario (Servicios Adicionales);Nombre;13;REEMBOLSO STAN BY;n/a;0000000283;n/a;;;;;;;;;
0;CLIENTE;Honorario (Servicios Adicionales);Nombre;14;KIT ANTIDERRAME;n/a;0000000284;n/a;;;;;;;;;
0;CLIENTE;Honorario (Servicios Adicionales);Nombre;15;HONORARIO INSPSECTOR PARA DESCARGUE DE MERCANCIA;n/a;0000000285;n/a;;;;;;;;;
0;CLIENTE;Honorario (Servicios Adicionales);Nombre;16;Hon. Coord. Alquiler Elevador Lateral;n/a;0000000287;n/a;;;;;;;;;
0;CLIENTE;Honorario (Servicios Adicionales);Nombre;17;Otros servicios auxiliares del transporte de carga;n/a;0000000288;n/a;;;;;;;;;
0;CLIENTE;Honorario (Servicios Adicionales);Nombre;18;HONORARIO ASISTENCIA TECNICA;n/a;0000000289;n/a;;;;;;;;;
0;CLIENTE;Honorario (Servicios Adicionales);Nombre;19;HON. COORD. MOVIMIENTO DE CONTENEDOR;n/a;0000000290;n/a;;;;;;;;;
0;CLIENTE;Honorario (Servicios Adicionales);Nombre;20;COPIADORA 2230 CANON;n/a;0000000291;n/a;;;;;;;;;
0;CLIENTE;Honorario (Servicios Adicionales);Nombre;21;VENTA TACOS DE 10X20X35;n/a;0000000292;n/a;;;;;;;;;
0;CLIENTE;Honorario (Servicios Adicionales);Nombre;22;RELOJ DE MARCACION NOBIS;n/a;0000000293;n/a;;;;;;;;;
0;CLIENTE;Honorario (Servicios Adicionales);Nombre;23;COORDINACION DE DEVOLUCION DE CONTENEDOR VACIO;n/a;0000000294;n/a;;;;;;;;;
0;CLIENTE;Honorario (Servicios Adicionales);Nombre;24;HONORARIO HANDLING IN/OUT BUNKER POR CONTENEDOR;n/a;0000000295;n/a;;;;;;;;;
0;CLIENTE;Honorario (Servicios Adicionales);Nombre;25;COORDINACION DE SERVICIOS;n/a;0000000296;n/a;;;;;;;;;
0;CLIENTE;Honorario (Servicios Adicionales);Nombre;26;COORD. ALQ DE CONTENEDOR- TOLEPU;n/a;0000000297;n/a;;;;;;;;;
0;CLIENTE;Honorario (Servicios Adicionales);Nombre;27;COORDINACION ALQUILER CONT. SUDU5525074;n/a;0000000298;n/a;;;;;;;;;
0;CLIENTE;Honorario (Servicios Adicionales);Nombre;28;COORDINACION ALQUILER CONT. SUDU4933641;n/a;0000000299;n/a;;;;;;;;;
0;CLIENTE;Honorario (Servicios Adicionales);Nombre;29;COORDINACION ALQUILER CONT. NYKU5688256;n/a;0000000300;n/a;;;;;;;;;
0;CLIENTE;Honorario (Servicios Adicionales);Nombre;30;COORDINACION ALQUILER CONT. HNSU5007418;n/a;0000000301;n/a;;;;;;;;;
0;CLIENTE;Honorario (Servicios Adicionales);Nombre;31;AIRES ACONDICIONADOS;n/a;0000000302;n/a;;;;;;;;;
0;CLIENTE;Honorario (Servicios Adicionales);Nombre;32;Otros Serv. Aux.Transp. Carga - Dev. Contenedores;n/a;0000000303;n/a;;;;;;;;;
0;CLIENTE;Honorario (Servicios Adicionales);Nombre;33;TANQUE ELEVADO;n/a;0000000304;n/a;;;;;;;;;
0;CLIENTE;Honorario (Servicios Adicionales);Nombre;34;TRANSFORMADOR 50 KVA;n/a;0000000305;n/a;;;;;;;;;
0;CLIENTE;Honorario (Servicios Adicionales);Nombre;35;CONTENEDORES DE 45 PIES;n/a;0000000306;n/a;;;;;;;;;
0;CLIENTE;Honorario (Servicios Adicionales);Nombre;36;COORDINACION ALQ. CONT. HLXU8115672;n/a;0000000307;n/a;;;;;;;;;
0;CLIENTE;Honorario (Servicios Adicionales);Nombre;37;COORDINACION ALQUILER CONT. FXLU9501904;n/a;0000000308;n/a;;;;;;;;;
0;CLIENTE;Honorario (Servicios Adicionales);Nombre;38;COORDINACION ALQUILER CONT. FXLU9501334;n/a;0000000309;n/a;;;;;;;;;
0;CLIENTE;Honorario (Servicios Adicionales);Nombre;39;COORDINACION ALQUILER CONT. AMFU3248355;n/a;0000000310;n/a;;;;;;;;;
0;CLIENTE;Honorario (Servicios Adicionales);Nombre;40;COORDINACION DE ESTIBA;n/a;0000000314;n/a;;;;;;;;;
0;CLIENTE;Honorario (Servicios Adicionales);Nombre;41;COORDINACION ALQ. CONT. 20DV - SEGU2215460;n/a;0000000315;n/a;;;;;;;;;
0;CLIENTE;Honorario (Servicios Adicionales);Nombre;42;COORDINACION ALQ. CONT. 20DV- SEGU2207491;n/a;0000000316;n/a;;;;;;;;;
0;CLIENTE;Honorario (Servicios Adicionales);Nombre;43;COORDINACION ALQ. CONT.20DV - SEGU2213529;n/a;0000000317;n/a;;;;;;;;;
0;CLIENTE;Honorario (Servicios Adicionales);Nombre;44;COORDINACION ALQ. CONT. 20DV- SEGU2212712;n/a;0000000318;n/a;;;;;;;;;
0;CLIENTE;Honorario (Servicios Adicionales);Nombre;45;HONORARIO RETIRO DE CONTENEDOR VACIO;n/a;0000000319;n/a;;;;;;;;;
0;CLIENTE;Honorario (Servicios Adicionales);Nombre;46;HONORARIO ALMACENAJE DE RECHAZOS;n/a;0000000320;n/a;;;;;;;;;
0;CLIENTE;Honorario (Servicios Adicionales);Nombre;47;FLETE TERRESTRE;n/a;0000000321;n/a;;;;;;;;;
0;CLIENTE;Honorario (Servicios Adicionales);Nombre;48;CARPA 4X4 CON LOGO;n/a;0000000322;n/a;;;;;;;;;
0;CLIENTE;Honorario (Servicios Adicionales);Nombre;49;REMBOLSO DE GUARDIA ARMADO;n/a;0000000323;n/a;;;;;;;;;
0;CLIENTE;Honorario (Servicios Adicionales);Nombre;50;HONORARIO POR SELLO;n/a;0000000324;n/a;;;;;;;;;
0;CLIENTE;Honorario (Servicios Adicionales);Nombre;51;USO DE GARANTÍA DE CONTENEDOR;n/a;0000000325;n/a;;;;;;;;;
0;CLIENTE;Honorario (Servicios Adicionales);Nombre;52;COORDINACION ALQ. DE PORTACONTENEDOR;n/a;0000000326;n/a;;;;;;;;;
0;CLIENTE;Honorario (Servicios Adicionales);Nombre;53;RELOJ BIOMETRICO;n/a;0000000327;n/a;;;;;;;;;
0;CLIENTE;Honorario (Servicios Adicionales);Nombre;54;HONORARIO GESTION POR SALVOCONDUCTO DE TRANSITO;n/a;0000000328;n/a;;;;;;;;;
0;CLIENTE;Honorario (Servicios Adicionales);Nombre;55;COMPRESOR DE AIRE_2HP;n/a;0000000329;n/a;;;;;;;;;
0;CLIENTE;Honorario (Servicios Adicionales);Nombre;56;VENTA FURGON USADO;n/a;0000000330;n/a;;;;;;;;;
0;CLIENTE;Honorario (Servicios Adicionales);Nombre;57;HONORARIO LIMPIEZA CONTENEDOR;n/a;0000000331;n/a;;;;;;;;;
0;CLIENTE;Honorario (Servicios Adicionales);Nombre;58;VENTA DE TABLETS;n/a;0000000333;n/a;;;;;;;;;
0;CLIENTE;Honorario (Servicios Adicionales);Nombre;59;HONORARIO POR TRANSP. DEVOLUCION DE CONT.VACIO;n/a;0000000339;n/a;;;;;;;;;
0;CLIENTE;Honorario (Servicios Adicionales);Nombre;60;HONORARIO DE COORD DE RETIRO DE SELLO DE BOTELLA;n/a;0000000334;n/a;;;;;;;;;
0;CLIENTE;Honorario (Servicios Adicionales);Nombre;61;HONORARIO DE COLOCACION DE PLASTICOS;n/a;0000000338;n/a;;;;;;;;;
0;CLIENTE;Honorario (Servicios Adicionales);Nombre;62;COORDINACION ALMACENAMIENTO DE CONT. VACIO X DIA;n/a;0000000340;n/a;;;;;;;;;
0;CLIENTE;Honorario (Servicios Adicionales);Nombre;63;MYE-038V GRADILLERO 15 NIVELES DOBLES;n/a;0000000341;n/a;;;;;;;;;
0;CLIENTE;Honorario (Servicios Adicionales);Nombre;64;ET-137 PAPI 12;n/a;0000000342;n/a;;;;;;;;;
0;CLIENTE;Honorario (Servicios Adicionales);Nombre;65;ET-021 PAPI 13;n/a;0000000343;n/a;;;;;;;;;
0;CLIENTE;Honorario (Servicios Adicionales);Nombre;66;ET-024 PAPI 15;n/a;0000000344;n/a;;;;;;;;;
0;CLIENTE;Honorario (Servicios Adicionales);Nombre;67;COORDINACION ALMACENAMIENTO DE CONTENEDOR X DIA;n/a;0000000346;n/a;;;;;;;;;
0;CLIENTE;Honorario (Servicios Adicionales);Nombre;68;COORDINACION ALMACENAMIENTO DE CARGA SUELTA X DIA;n/a;0000000347;n/a;;;;;;;;;
0;CLIENTE;Honorario (Servicios Adicionales);Nombre;69;VENTA DE DISPENSADOR;n/a;0000000348;n/a;;;;;;;;;
0;CLIENTE;Honorario (Servicios Adicionales);Nombre;70;Honorario de Servicio de In-House;n/a;0000000349;n/a;;;;;;;;;
0;CLIENTE;Honorario (Servicios Adicionales);Nombre;71;COORDINACION DE ALQUILER DE MONTACARGAS;n/a;0000000032;n/a;;;;;;;;;
0;CLIENTE;Honorario (Servicios Adicionales);Nombre;72;ALQUILER DE CAMIONETA;n/a;0000000046;n/a;;;;;;;;;
0;CLIENTE;Honorario (Servicios Adicionales);Nombre;73;ALQUILER FURGON;n/a;0000000225;n/a;;;;;;;;;
0;CLIENTE;Honorario (Servicios Adicionales);Nombre;74;COORDINACION ALQUILER DE CNTR.;n/a;0000000053;n/a;;;;;;;;;
0;CLIENTE;Honorario (Servicios Adicionales);Nombre;75;ALQUILER DE CABEZAL;n/a;0000000083;n/a;;;;;;;;;
0;CLIENTE;Honorario (Servicios Adicionales);Nombre;76;ALQUILER DE  PLATAFORMA/CHASIS;n/a;0000000084;n/a;;;;;;;;;
0;CLIENTE;Honorario (Servicios Adicionales);Nombre;77;HONORARIO SOBRESTADIA CUST. PASIVA;n/a;0000000263;n/a;;;;;;;;;
0;CLIENTE;Honorario (Servicios Adicionales);Nombre;78;ADOQUINES;n/a;0000000247;n/a;;;;;;;;;
0;CLIENTE;Honorario (Servicios Adicionales);Nombre;79;HONORARIO TRANSPORTES;n/a;0000000124;n/a;;;;;;;;;
0;CLIENTE;Honorario (Servicios Adicionales);Nombre;80;Coordinación de Alquiler de contenedor día adicio;n/a;0000000279;n/a;;;;;;;;;
0;CLIENTE;Honorario (Servicios Adicionales);Nombre;81;ARRIENDO;n/a;0000000204;n/a;;;;;;;;;
0;CLIENTE;Honorario (Servicios Adicionales);Nombre;82;COORDINACION POR ALQUILER DE BODEGA;n/a;0000000026;n/a;;;;;;;;;
0;CLIENTE;Honorario (Servicios Adicionales);Nombre;83;CUSTODIA PASIVA EN VEHICULO BS;n/a;0000000278;n/a;;;;;;;;;
0;CLIENTE;Honorario (Servicios Adicionales);Nombre;84;BOTELLONES DE AGUA 20 LTS;n/a;0000000282;n/a;;;;;;;;;
0;CLIENTE;Honorario (Servicios Adicionales);Nombre;85;HON MONITOREO NOCTURNO HORA / FRACCION ADICIONAL;n/a;0000000250;n/a;;;;;;;;;
0;CLIENTE;Honorario (Servicios Adicionales);Nombre;86;COORDINACION CUSTODIA ARMADA EN VEHICULO;n/a;0000000157;n/a;;;;;;;;;
0;CLIENTE;Honorario (Servicios Adicionales);Nombre;87;COORDINACION CUSTODIO ARMADO ADICIONAL;n/a;0000000158;n/a;;;;;;;;;
0;CLIENTE;Honorario (Servicios Adicionales);Nombre;88;COORDINACION AECON;n/a;0000000203;n/a;;;;;;;;;
0;CLIENTE;Honorario (Servicios Adicionales);Nombre;89;HONORARIO MONITOREO CONTENEDORES ADICIONALES;n/a;0000000231;n/a;;;;;;;;;
0;CLIENTE;Honorario (Servicios Adicionales);Nombre;90;HONORARIO MONITOREO CONTENEDORES;n/a;0000000230;n/a;;;;;;;;;
0;CLIENTE;Honorario (Servicios Adicionales);Nombre;91;HONORARIOS CORDINACION RETIRO/CARGA;n/a;0000000226;n/a;;;;;;;;;
0;CLIENTE;Honorario (Servicios Adicionales);Nombre;92;HON. MONITOREO DE CONT-SERV COMPLETO CON SELLO;n/a;0000000239;n/a;;;;;;;;;
0;CLIENTE;Honorario (Servicios Adicionales);Nombre;93;HON. MONITOREO NOCTURNO;n/a;0000000251;n/a;;;;;;;;;
0;CLIENTE;Honorario (Servicios Adicionales);Nombre;94;HON. MONITOREO NOCTURNO  (4 HORAS);n/a;0000000249;n/a;;;;;;;;;
0;CLIENTE;Honorario (Servicios Adicionales);Nombre;95;Honorario Coordinación Alquiler de Gen Sep/Clipon;n/a;0000000115;n/a;;;;;;;;;
0;CLIENTE;Honorario (Servicios Adicionales);Nombre;96;Honorario Coordinación Alquiler de Generadores T&T;n/a;0000000345;n/a;;;;;;;;;
0;CLIENTE;Honorario (Servicios Adicionales);Nombre;97;COORDINACION CUSTODIO ARMADO EN CABINA;n/a;0000000033;n/a;;;;;;;;;
0;CLIENTE;Honorario (Servicios Adicionales);Nombre;98;CUADRILLAS CNTR 20;n/a;0000000023;n/a;;;;;;;;;
0;CLIENTE;Honorario (Servicios Adicionales);Nombre;99;CUADRILLA 40 CNTR.;n/a;0000000025;n/a;;;;;;;;;
0;CLIENTE;Honorario (Servicios Adicionales);Nombre;100;COORDINACION;n/a;0000000110;n/a;;;;;;;;;
0;CLIENTE;Honorario (Servicios Adicionales);Nombre;101;COORDINACION DE TRANSPORTE;n/a;0000000209;n/a;;;;;;;;;
0;CLIENTE;Honorario (Servicios Adicionales);Nombre;102;CAMIONETA CHEVROLET DIESEL 1 CABINA;n/a;0000000259;n/a;;;;;;;;;
0;CLIENTE;Honorario (Servicios Adicionales);Nombre;103;CARCAZA DE LLANTAS 11R22.5;n/a;0000000206;n/a;;;;;;;;;
0;CLIENTE;Honorario (Servicios Adicionales);Nombre;104;CARCAZA 12R22.5;n/a;0000000254;n/a;;;;;;;;;
0;CLIENTE;Honorario (Servicios Adicionales);Nombre;105;CARCAZA 7.50-16;n/a;0000000255;n/a;;;;;;;;;
0;CLIENTE;Honorario (Servicios Adicionales);Nombre;106;COORDINACION DE DESEMBARQUE;n/a;0000000136;n/a;;;;;;;;;
0;CLIENTE;Honorario (Servicios Adicionales);Nombre;107;COORDINACION DE CHOFER DE VEHICULO;n/a;0000000153;n/a;;;;;;;;;
0;CLIENTE;Honorario (Servicios Adicionales);Nombre;108;COMISIONES;n/a;0000000173;n/a;;;;;;;;;
0;CLIENTE;Honorario (Servicios Adicionales);Nombre;109;CONTENEDOR 20 SCZU 8240735;n/a;0000000181;n/a;;;;;;;;;
0;CLIENTE;Honorario (Servicios Adicionales);Nombre;110;CONTENEDOR 20 HLCU 241973-3;n/a;0000000182;n/a;;;;;;;;;
0;CLIENTE;Honorario (Servicios Adicionales);Nombre;111;CONTENEDORES DE 40 PIES;n/a;0000000186;n/a;;;;;;;;;
0;CLIENTE;Honorario (Servicios Adicionales);Nombre;112;COPIADORA IR-1600 CANON;n/a;0000000184;n/a;;;;;;;;;
0;CLIENTE;Honorario (Servicios Adicionales);Nombre;113;CUSTODIA ARMADA<NO USAR>;n/a;0000000253;n/a;;;;;;;;;
0;CLIENTE;Honorario (Servicios Adicionales);Nombre;114;COORDINACION CUSTODIA PASIVA;n/a;0000000098;n/a;;;;;;;;;
0;CLIENTE;Honorario (Servicios Adicionales);Nombre;115;DISTRIBUCION DENTRO P.URBANO;n/a;0000000120;n/a;;;;;;;;;
0;CLIENTE;Honorario (Servicios Adicionales);Nombre;116;HON. ALQUILER ESPACIO PARA DESCONSOLIDACION/CONSO;n/a;0000000180;n/a;;;;;;;;;
0;CLIENTE;Honorario (Servicios Adicionales);Nombre;117;EXPORTACION DE SERVICIOS;n/a;0000000163;n/a;;;;;;;;;
0;CLIENTE;Honorario (Servicios Adicionales);Nombre;118;ESTIBA DE CARGA SUELTA;n/a;0000000013;n/a;;;;;;;;;
0;CLIENTE;Honorario (Servicios Adicionales);Nombre;119;ESTIBA EN GUAYAQUIL;n/a;0000000100;n/a;;;;;;;;;
0;CLIENTE;Honorario (Servicios Adicionales);Nombre;120;ESTIBA EN  QTO.;n/a;0000000101;n/a;;;;;;;;;
0;CLIENTE;Honorario (Servicios Adicionales);Nombre;121;ESTIBA CAYAMBE;n/a;0000000262;n/a;;;;;;;;;
0;CLIENTE;Honorario (Servicios Adicionales);Nombre;122;ESTIBA DE 1X20 CNTR;n/a;0000000068;n/a;;;;;;;;;
0;CLIENTE;Honorario (Servicios Adicionales);Nombre;123;ESTIBA DE  1X40 CNTR;n/a;0000000086;n/a;;;;;;;;;
0;CLIENTE;Honorario (Servicios Adicionales);Nombre;124;TRANSP.20 CNTR.A MILAGRO;n/a;0000000009;n/a;;;;;;;;;
0;CLIENTE;Honorario (Servicios Adicionales);Nombre;125;ESTIBA DE PLATAFORMA 12 METROS;n/a;0000000207;n/a;;;;;;;;;
0;CLIENTE;Honorario (Servicios Adicionales);Nombre;126;ESTIBADA - TRASBORDO;n/a;0000000069;n/a;;;;;;;;;
0;CLIENTE;Honorario (Servicios Adicionales);Nombre;127;ESTIBA;n/a;0000000128;n/a;;;;;;;;;
0;CLIENTE;Honorario (Servicios Adicionales);Nombre;128;CAMARA SONY DSC W520 14.1 A. LOPEZ;n/a;0000000252;n/a;;;;;;;;;
0;CLIENTE;Honorario (Servicios Adicionales);Nombre;129;NOTEBOOK DELL LATITUDE CORE  I5-7200U S/. DPSRCQ2;n/a;0000000353;n/a;;;;;;;;;
0;CLIENTE;Honorario (Servicios Adicionales);Nombre;130;EDIFICIO CASA BLANCA;n/a;0000000276;n/a;;;;;;;;;
0;CLIENTE;Honorario (Servicios Adicionales);Nombre;131;EMBALAJE AFORO;n/a;0000000148;n/a;;;;;;;;;
0;CLIENTE;Honorario (Servicios Adicionales);Nombre;132;EMBALAJE PALETAS;n/a;0000000149;n/a;;;;;;;;;
0;CLIENTE;Honorario (Servicios Adicionales);Nombre;133;EMBALAJE MENAJE;n/a;0000000150;n/a;;;;;;;;;
0;CLIENTE;Honorario (Servicios Adicionales);Nombre;134;EMBALAJE CAJAS;n/a;0000000151;n/a;;;;;;;;;
0;CLIENTE;Honorario (Servicios Adicionales);Nombre;135;EMBALAJE CARTON;n/a;0000000152;n/a;;;;;;;;;
0;CLIENTE;Honorario (Servicios Adicionales);Nombre;136;"TV LG 50"" LED FULLHD 1080P HDMI USB";n/a;0000000352;n/a;;;;;;;;;
0;CLIENTE;Honorario (Servicios Adicionales);Nombre;137;CAMION MODELO: HINO CHASIS: JHDFM1JRU7XX10149;n/a;0000000240;n/a;;;;;;;;;
0;CLIENTE;Honorario (Servicios Adicionales);Nombre;138;EQUIPO CHASIS PORTA CONTENEDOR #11;n/a;0000000242;n/a;;;;;;;;;
0;CLIENTE;Honorario (Servicios Adicionales);Nombre;139;MOTOCICLETA JINCHENG AZUL - PLACA P040104;n/a;0000000214;n/a;;;;;;;;;
0;CLIENTE;Honorario (Servicios Adicionales);Nombre;140;MOTOCICLETA XTREME ROJA PLACA 044915 AÑO 2006;n/a;0000000213;n/a;;;;;;;;;
0;CLIENTE;Honorario (Servicios Adicionales);Nombre;141;MOTO PLACA GVW-982 MOTOR E12JR107381;n/a;0000000189;n/a;;;;;;;;;
0;CLIENTE;Honorario (Servicios Adicionales);Nombre;142;ET-035 CAMIONETA CHEVROLET LUV DOBLE CABINA;n/a;0000000311;n/a;;;;;;;;;
0;CLIENTE;Honorario (Servicios Adicionales);Nombre;143;ET-038 CAMIONETA DIMAX DOBLE CABINA BLANCA 4X2;n/a;0000000312;n/a;;;;;;;;;
0;CLIENTE;Honorario (Servicios Adicionales);Nombre;144;ET-042 CAMIONETA DIMAX DOBLE CABINA BLANCA 4X2;n/a;0000000313;n/a;;;;;;;;;
0;CLIENTE;Honorario (Servicios Adicionales);Nombre;145;ET-095A CONTENEDOR 1x 40 SUDU5525074;n/a;0000000356;n/a;;;;;;;;;
0;CLIENTE;Honorario (Servicios Adicionales);Nombre;146;ET-131 CONTENEDOR 40DV HNSU5007418;n/a;0000000355;n/a;;;;;;;;;
0;CLIENTE;Honorario (Servicios Adicionales);Nombre;147;ET-132 CONTENEDOR 40DV NYKU5688256;n/a;0000000350;n/a;;;;;;;;;
0;CLIENTE;Honorario (Servicios Adicionales);Nombre;148;ET-139 CONTENEDOR 40 HC  HLXU8115672;n/a;0000000354;n/a;;;;;;;;;
0;CLIENTE;Honorario (Servicios Adicionales);Nombre;149;ET-140 CONTENEDOR  40HC FXLU9501334;n/a;0000000351;n/a;;;;;;;;;
0;CLIENTE;Honorario (Servicios Adicionales);Nombre;150;MOTO PLACA GVW-974 MOTOR E12JR107357;n/a;0000000190;n/a;;;;;;;;;
0;CLIENTE;Honorario (Servicios Adicionales);Nombre;151;CAMIONETA CHEVROLET D-MAX DIESEL 4X2 STD 2011;n/a;0000000222;n/a;;;;;;;;;
0;CLIENTE;Honorario (Servicios Adicionales);Nombre;152;FLETE A QUITO;n/a;0000000049;n/a;;;;;;;;;
0;CLIENTE;Honorario (Servicios Adicionales);Nombre;153;FLETE A IBARRA;n/a;0000000050;n/a;;;;;;;;;
0;CLIENTE;Honorario (Servicios Adicionales);Nombre;154;FLETE FALSO 3 CNTR;n/a;0000000052;n/a;;;;;;;;;
0;CLIENTE;Honorario (Servicios Adicionales);Nombre;155;HONORARIOS PESAJE;n/a;0000000051;n/a;;;;;;;;;
0;CLIENTE;Honorario (Servicios Adicionales);Nombre;156;FLETE A MANTA;n/a;0000000066;n/a;;;;;;;;;
0;CLIENTE;Honorario (Servicios Adicionales);Nombre;157;REPARAC.DE PISO DANADO X MONTA;n/a;0000000067;n/a;;;;;;;;;
0;CLIENTE;Honorario (Servicios Adicionales);Nombre;158;FLETE FALSO CONTENEDOR;n/a;0000000139;n/a;;;;;;;;;
0;CLIENTE;Honorario (Servicios Adicionales);Nombre;159;FLETE FALSO CARGA SUELTA;n/a;0000000211;n/a;;;;;;;;;
0;CLIENTE;Honorario (Servicios Adicionales);Nombre;160;GTOS POR VIATICOS;n/a;0000000099;n/a;;;;;;;;;
0;CLIENTE;Honorario (Servicios Adicionales);Nombre;161;ESTIBA TRASBORDO DE MERC;n/a;0000000117;n/a;;;;;;;;;
0;CLIENTE;Honorario (Servicios Adicionales);Nombre;162;GASTO- COMBUSTIBLE/TRACTO C.;n/a;0000000037;n/a;;;;;;;;;
0;CLIENTE;Honorario (Servicios Adicionales);Nombre;163;GASTOS ADMINISTRATIVOS;n/a;0000000156;n/a;;;;;;;;;
0;CLIENTE;Honorario (Servicios Adicionales);Nombre;164;GRAND VITARA 5P 4X2 DLX CHEVROLET;n/a;0000000260;n/a;;;;;;;;;
0;CLIENTE;Honorario (Servicios Adicionales);Nombre;165;TRANSP. TUMBACO - PRONACA;n/a;0000000065;n/a;;;;;;;;;
0;CLIENTE;Honorario (Servicios Adicionales);Nombre;166;TRANSP.MERCADERIA A GYQ;n/a;0000000064;n/a;;;;;;;;;
0;CLIENTE;Honorario (Servicios Adicionales);Nombre;167;HONORARIOS;n/a;0000000141;n/a;;;;;;;;;
0;CLIENTE;Honorario (Servicios Adicionales);Nombre;168;HONORARIO COORDIANCION PERMISO M.O.P;n/a;0000000202;n/a;;;;;;;;;
0;CLIENTE;Honorario (Servicios Adicionales);Nombre;169;HONORARIO SOBRETIEMPO POR ENTREGA DE CONT.;n/a;0000000241;n/a;;;;;;;;;
0;CLIENTE;Honorario (Servicios Adicionales);Nombre;170;HONORARIO MONITOREO - INVENTARIO;n/a;0000000217;n/a;;;;;;;;;
0;CLIENTE;Honorario (Servicios Adicionales);Nombre;171;HONORARIO SOBREESTADIA CUSTODIO;n/a;0000000218;n/a;;;;;;;;;
0;CLIENTE;Honorario (Servicios Adicionales);Nombre;172;"TRANSPORTE -TRASLADO DE CONTENEDOR 40""";n/a;0000000219;n/a;;;;;;;;;
0;CLIENTE;Honorario (Servicios Adicionales);Nombre;173;HONORARIO MONITEOREO (RECEPCION-DESPACHO);n/a;0000000220;n/a;;;;;;;;;
0;CLIENTE;Honorario (Servicios Adicionales);Nombre;174;HON. COORDINACION CANDADO DE SEGURIDAD ELECTRONICO;n/a;0000000248;n/a;;;;;;;;;
0;CLIENTE;Honorario (Servicios Adicionales);Nombre;175;COORDINACION PAGO DE BODEGAJE/RETIRO DE MERCADERIA;n/a;0000000221;n/a;;;;;;;;;
0;CLIENTE;Honorario (Servicios Adicionales);Nombre;176;HONORARIO INSPECTOR DE CARGA-AFORO;n/a;0000000232;n/a;;;;;;;;;
0;CLIENTE;Honorario (Servicios Adicionales);Nombre;177;HONORARIO EXPORTACION DE SERVICIOS;n/a;0000000236;n/a;;;;;;;;;
0;CLIENTE;Honorario (Servicios Adicionales);Nombre;178;TRINCADA DE MERCADERIA;n/a;0000000237;n/a;;;;;;;;;
0;CLIENTE;Honorario (Servicios Adicionales);Nombre;179;HON.EXPORTACION DE SERVICIOS(INSPECCION VEHICULOS);n/a;0000000243;n/a;;;;;;;;;
0;CLIENTE;Honorario (Servicios Adicionales);Nombre;180;HONORARIO INSPECCION DE VEHICULOS;n/a;0000000244;n/a;;;;;;;;;
0;CLIENTE;Honorario (Servicios Adicionales);Nombre;181;HON. EXPORTACION DE SERVICIOS (SOBREESTADIA CONT.);n/a;0000000246;n/a;;;;;;;;;
0;CLIENTE;Honorario (Servicios Adicionales);Nombre;182;HONORARIO PORTEO CONTENEDOR;n/a;0000000114;n/a;;;;;;;;;
0;CLIENTE;Honorario (Servicios Adicionales);Nombre;183;HONORARIO PORTEO CARGA SUELTA;n/a;0000000208;n/a;;;;;;;;;
0;CLIENTE;Honorario (Servicios Adicionales);Nombre;184;HONORARIO PORTEO TRACTOCAMIONES;n/a;0000000229;n/a;;;;;;;;;
0;CLIENTE;Honorario (Servicios Adicionales);Nombre;185;HONORARIO PORTEO CONTENEDOR ADICIONAL;n/a;0000000268;n/a;;;;;;;;;
0;CLIENTE;Honorario (Servicios Adicionales);Nombre;186;HONORARIO MONITOREO AEREO QUITO;n/a;0000000269;n/a;;;;;;;;;
0;CLIENTE;Honorario (Servicios Adicionales);Nombre;187;HONORARIO MONITOREO AEREO GUAYAQUIL;n/a;0000000271;n/a;;;;;;;;;
0;CLIENTE;Honorario (Servicios Adicionales);Nombre;188;HONORARIOS INSPECCION POR SELLO;n/a;0000000154;n/a;;;;;;;;;
0;CLIENTE;Honorario (Servicios Adicionales);Nombre;189;HONORARIOS INSPECCION POR PESOS;n/a;0000000155;n/a;;;;;;;;;
0;CLIENTE;Honorario (Servicios Adicionales);Nombre;190;HONORARIO ELABORACIÓN  DE AISV;n/a;0000000160;n/a;;;;;;;;;
0;CLIENTE;Honorario (Servicios Adicionales);Nombre;191;HONORARIO INSPECTOR DE CARGA;n/a;0000000167;n/a;;;;;;;;;
0;CLIENTE;Honorario (Servicios Adicionales);Nombre;192;HONORARIO SOBRE ESTADIA DE CONTENEDOR;n/a;0000000168;n/a;;;;;;;;;
0;CLIENTE;Honorario (Servicios Adicionales);Nombre;193;HONORARIO INFORME DE REVISION DE SELLOS;n/a;0000000170;n/a;;;;;;;;;
0;CLIENTE;Honorario (Servicios Adicionales);Nombre;194;HONORARIO INSPECCION RAYOS X;n/a;0000000223;n/a;;;;;;;;;
0;CLIENTE;Honorario (Servicios Adicionales);Nombre;195;HONORARIOS PERMISO CONSEP;n/a;0000000176;n/a;;;;;;;;;
0;CLIENTE;Honorario (Servicios Adicionales);Nombre;196;HONORARIOS LUCRO CESANTE;n/a;0000000169;n/a;;;;;;;;;
0;CLIENTE;Honorario (Servicios Adicionales);Nombre;197;HONORARIO NUEVA EMISION DE FACTURAS;n/a;0000000192;n/a;;;;;;;;;
0;CLIENTE;Honorario (Servicios Adicionales);Nombre;198;HON. RECEPCION DE CONTENEDORES-PORTEO;n/a;0000000238;n/a;;;;;;;;;
0;CLIENTE;Honorario (Servicios Adicionales);Nombre;199;HONORARIO EXONERACION DE GARANTIA;n/a;0000000364;n/a;;;;;;;;;
0;CLIENTE;Honorario (Servicios Adicionales);Nombre;200;HONORARIO PORTEO-CHASIS;n/a;0000000286;n/a;;;;;;;;;
0;CLIENTE;Honorario (Servicios Adicionales);Nombre;201;HONORARIO CONTROL TEMPERATURA;n/a;0000000127;n/a;;;;;;;;;
0;CLIENTE;Honorario (Servicios Adicionales);Nombre;202;HONORARIO SOBREESTADIA;n/a;0000000035;n/a;;;;;;;;;
0;CLIENTE;Honorario (Servicios Adicionales);Nombre;203;INTERESES DE FINANCIAMIENTO;n/a;0000000146;n/a;;;;;;;;;
0;CLIENTE;Honorario (Servicios Adicionales);Nombre;204;COMPUTADORA LAPTOP;n/a;0000000179;n/a;;;;;;;;;
0;CLIENTE;Honorario (Servicios Adicionales);Nombre;205;LLANTAS;n/a;0000000188;n/a;;;;;;;;;
0;CLIENTE;Honorario (Servicios Adicionales);Nombre;206;LANTAS PAP.;n/a;0000000096;n/a;;;;;;;;;
0;CLIENTE;Honorario (Servicios Adicionales);Nombre;207;LLANTAS USADAS Y REEN CUACHE;n/a;0000000245;n/a;;;;;;;;;
0;CLIENTE;Honorario (Servicios Adicionales);Nombre;208;UTILIZACION  DE MAQUINA GRUA;n/a;0000000022;n/a;;;;;;;;;
0;CLIENTE;Honorario (Servicios Adicionales);Nombre;209;MANEJO DE DOS CNTR.;n/a;0000000027;n/a;;;;;;;;;
0;CLIENTE;Honorario (Servicios Adicionales);Nombre;210;MONTACARGA;n/a;0000000090;n/a;;;;;;;;;
0;CLIENTE;Honorario (Servicios Adicionales);Nombre;211;MEDIDOR DE PRESION DE AIRE;n/a;0000000256;n/a;;;;;;;;;
0;CLIENTE;Honorario (Servicios Adicionales);Nombre;212;HONORARIO MONITOREO DE CARGA SUELTA;n/a;0000000267;n/a;;;;;;;;;
0;CLIENTE;Honorario (Servicios Adicionales);Nombre;213;MOTONETA LML STAR DELUXE PLACA GZM-744;n/a;0000000216;n/a;;;;;;;;;
0;CLIENTE;Honorario (Servicios Adicionales);Nombre;214;MOTONETA VESPA SELECT COLOR VERDE;n/a;0000000264;n/a;;;;;;;;;
0;CLIENTE;Honorario (Servicios Adicionales);Nombre;215;CASILLEROS;n/a;0000000233;n/a;;;;;;;;;
0;CLIENTE;Honorario (Servicios Adicionales);Nombre;216;BANCA METALICA;n/a;0000000234;n/a;;;;;;;;;
0;CLIENTE;Honorario (Servicios Adicionales);Nombre;217;Copiadora NP-1520;n/a;0000000165;n/a;;;;;;;;;
0;CLIENTE;Honorario (Servicios Adicionales);Nombre;218;COPIADORA NP 2120;n/a;0000000164;n/a;;;;;;;;;
0;CLIENTE;Honorario (Servicios Adicionales);Nombre;219;GASTOS DE  MONTACARGA;n/a;0000000029;n/a;;;;;;;;;
0;CLIENTE;Honorario (Servicios Adicionales);Nombre;220;ALQUILER PLATAFORMAS GQUIL.;n/a;0000000041;n/a;;;;;;;;;
0;CLIENTE;Honorario (Servicios Adicionales);Nombre;221;PAPI #14 CAMION HINO;n/a;0000000265;n/a;;;;;;;;;
0;CLIENTE;Honorario (Servicios Adicionales);Nombre;222;CAMION ISUZU 3 TON.;n/a;0000000183;n/a;;;;;;;;;
0;CLIENTE;Honorario (Servicios Adicionales);Nombre;223;VENTA TRACTOCAMION KENWORTH - USADO;n/a;0000000337;n/a;;;;;;;;;
0;CLIENTE;Honorario (Servicios Adicionales);Nombre;224;HONORARIO PROCESO OPERATIVO DE SEGURIDAD;n/a;0000000266;n/a;;;;;;;;;
0;CLIENTE;Honorario (Servicios Adicionales);Nombre;225;HONORARIO PROCESO OPERATIVO DE SEGURIDAD AEREO;n/a;0000000270;n/a;;;;;;;;;
0;CLIENTE;Honorario (Servicios Adicionales);Nombre;226;TRANSP. PUERTO - TIMSA;n/a;0000000103;n/a;;;;;;;;;
0;CLIENTE;Honorario (Servicios Adicionales);Nombre;227;REEMBOLSO REPARACION CONTENEDOR;n/a;0000000161;n/a;;;;;;;;;
0;CLIENTE;Honorario (Servicios Adicionales);Nombre;228;REEMBOLSO EMISION POLIZA SEGURO;n/a;0000000140;n/a;;;;;;;;;
0;CLIENTE;Honorario (Servicios Adicionales);Nombre;229;MULTA POR INFRACCION;n/a;0000000159;n/a;;;;;;;;;
0;CLIENTE;Honorario (Servicios Adicionales);Nombre;230;REEMBOLSO POR ALQUILER DE RAMPA;n/a;0000000047;n/a;;;;;;;;;
0;CLIENTE;Honorario (Servicios Adicionales);Nombre;231;REEMBOLSO DE ESTIBA;n/a;0000000178;n/a;;;;;;;;;
0;CLIENTE;Honorario (Servicios Adicionales);Nombre;232;REEMBOLSO LIMPIEZA CONTENEDOR;n/a;0000000147;n/a;;;;;;;;;
0;CLIENTE;Honorario (Servicios Adicionales);Nombre;233;REEMBOLSO SERVICIO PALETIZAJE;n/a;0000000187;n/a;;;;;;;;;
0;CLIENTE;Honorario (Servicios Adicionales);Nombre;234;REEMBOLSO PESAJE;n/a;0000000116;n/a;;;;;;;;;
0;CLIENTE;Honorario (Servicios Adicionales);Nombre;235;REEMBOLSO BODEGAJE;n/a;0000000118;n/a;;;;;;;;;
0;CLIENTE;Honorario (Servicios Adicionales);Nombre;236;REEMBOLSO GARANTIA;n/a;0000000122;n/a;;;;;;;;;
0;CLIENTE;Honorario (Servicios Adicionales);Nombre;237;REEMBOLSO COMBUSTIBLE VEHICULO / TRACTO CAMION;n/a;0000000129;n/a;;;;;;;;;
0;CLIENTE;Honorario (Servicios Adicionales);Nombre;238;REEMBOLSO POR FACTURACION FLETE;n/a;0000000130;n/a;;;;;;;;;
0;CLIENTE;Honorario (Servicios Adicionales);Nombre;239;COORDINACION ALQUILER DE RAMPA;n/a;0000000135;n/a;;;;;;;;;
0;CLIENTE;Honorario (Servicios Adicionales);Nombre;240;REEMBOLSO POR DEMORAJE;n/a;0000000111;n/a;;;;;;;;;
0;CLIENTE;Honorario (Servicios Adicionales);Nombre;241;REEMBOLSO CONTRAT.MONTACARGA;n/a;0000000109;n/a;;;;;;;;;
0;CLIENTE;Honorario (Servicios Adicionales);Nombre;242;Reembolso Aforo;n/a;0000000132;n/a;;;;;;;;;
0;CLIENTE;Honorario (Servicios Adicionales);Nombre;243;REEMBOLSO DESCONSOLIDACION;n/a;0000000191;n/a;;;;;;;;;
0;CLIENTE;Honorario (Servicios Adicionales);Nombre;244;REEMBOLSO COMPRA BIENES;n/a;0000000195;n/a;;;;;;;;;
0;CLIENTE;Honorario (Servicios Adicionales);Nombre;245;REEMBOLSO CERTIFICACIONES,COPIAS,INFORMES;n/a;0000000194;n/a;;;;;;;;;
0;CLIENTE;Honorario (Servicios Adicionales);Nombre;246;REEMBOLSO ENVIO MERCADERÍA/DOCUMENTOS;n/a;0000000196;n/a;;;;;;;;;
0;CLIENTE;Honorario (Servicios Adicionales);Nombre;247;Reembolso Handling;n/a;0000000131;n/a;;;;;;;;;
0;CLIENTE;Honorario (Servicios Adicionales);Nombre;248;REEMBOLSO ALQUILER MONTACARGA;n/a;0000000197;n/a;;;;;;;;;
0;CLIENTE;Honorario (Servicios Adicionales);Nombre;249;REEMBOLSO ESTIBA;n/a;0000000198;n/a;;;;;;;;;
0;CLIENTE;Honorario (Servicios Adicionales);Nombre;250;REEMBOLSO LIMPIEZA DE CONTENEDOR;n/a;0000000199;n/a;;;;;;;;;
0;CLIENTE;Honorario (Servicios Adicionales);Nombre;251;REEMBOLSO TRANSPORTE AEREO;n/a;0000000201;n/a;;;;;;;;;
0;CLIENTE;Honorario (Servicios Adicionales);Nombre;252;REEMBOLSO GASTOS VARIOS;n/a;0000000205;n/a;;;;;;;;;
0;CLIENTE;Honorario (Servicios Adicionales);Nombre;253;REEMBOLSO GASTOS VARIOS;n/a;0000000215;n/a;;;;;;;;;
0;CLIENTE;Honorario (Servicios Adicionales);Nombre;254;REMBOLSO DE PESAJE 12%;n/a;0000000224;n/a;;;;;;;;;
0;CLIENTE;Honorario (Servicios Adicionales);Nombre;255;REEMBOLSO DE CUSTODIAS;n/a;0000000272;n/a;;;;;;;;;
0;CLIENTE;Honorario (Servicios Adicionales);Nombre;256;HONORARIOS NUEVA EMISION DE FACTURA;n/a;0000000142;n/a;;;;;;;;;
0;CLIENTE;Honorario (Servicios Adicionales);Nombre;257;REEMBOLSO ENERGIA  ELECTRICA;n/a;0000000172;n/a;;;;;;;;;
0;CLIENTE;Honorario (Servicios Adicionales);Nombre;258;REEMBOLSO TRANSPORTE;n/a;0000000038;n/a;;;;;;;;;
0;CLIENTE;Honorario (Servicios Adicionales);Nombre;259;REEMBOLSO CONSUMO TELEFONO CONECEL;n/a;0000000200;n/a;;;;;;;;;
0;CLIENTE;Honorario (Servicios Adicionales);Nombre;260;HONORARIO SEGURO;n/a;0000000089;n/a;;;;;;;;;
0;CLIENTE;Honorario (Servicios Adicionales);Nombre;261;SALVATAJE DE MERCADERIA;n/a;0000000108;n/a;;;;;;;;;
0;CLIENTE;Honorario (Servicios Adicionales);Nombre;262;SERVICIO DE EXPORTACION;n/a;0000000227;n/a;;;;;;;;;
0;CLIENTE;Honorario (Servicios Adicionales);Nombre;263;SERVICIO DE EMBALAJE DE MERCADERIAS;n/a;0000000137;n/a;;;;;;;;;
0;CLIENTE;Honorario (Servicios Adicionales);Nombre;264;SELLO DE CONTENEDOR;n/a;0000000113;n/a;;;;;;;;;
0;CLIENTE;Honorario (Servicios Adicionales);Nombre;265;SERVICIO POR GARAJE;n/a;0000000261;n/a;;;;;;;;;
0;CLIENTE;Honorario (Servicios Adicionales);Nombre;266;CARRO SKODA;n/a;0000000162;n/a;;;;;;;;;
0;CLIENTE;Honorario (Servicios Adicionales);Nombre;267;AUTO CHEVROLET SPARK GNU-647 KL1MJ61075C110654;n/a;0000000185;n/a;;;;;;;;;
0;CLIENTE;Honorario (Servicios Adicionales);Nombre;268;TRANSP. CNTR. A LASSO;n/a;0000000039;n/a;;;;;;;;;
0;CLIENTE;Honorario (Servicios Adicionales);Nombre;269;TRANSP.DE CNTR 40 A IBARRA;n/a;0000000048;n/a;;;;;;;;;
0;CLIENTE;Honorario (Servicios Adicionales);Nombre;270;TRANSP. DE TRAILER;n/a;0000000078;n/a;;;;;;;;;
0;CLIENTE;Honorario (Servicios Adicionales);Nombre;271;TRANSPORTE  DE  ISOTANQUES;n/a;0000000028;n/a;;;;;;;;;
0;CLIENTE;Honorario (Servicios Adicionales);Nombre;272;TRANSP.CNTR.A SANTO DOMINGO;n/a;0000000030;n/a;;;;;;;;;
0;CLIENTE;Honorario (Servicios Adicionales);Nombre;273;TRANSPORTE DE UN SENCILLO;n/a;0000000008;n/a;;;;;;;;;
0;CLIENTE;Honorario (Servicios Adicionales);Nombre;274;TRANSP. CARGA SUELTA;n/a;0000000005;n/a;;;;;;;;;
0;CLIENTE;Honorario (Servicios Adicionales);Nombre;275;TRANSPORTE DE CARGA SUELTA DESDE ZONA CARGA;n/a;0000000171;n/a;;;;;;;;;
0;CLIENTE;Honorario (Servicios Adicionales);Nombre;276;TRANSPORTE DE CAMA BAJA;n/a;0000000166;n/a;;;;;;;;;
0;CLIENTE;Honorario (Servicios Adicionales);Nombre;277;TRANSP.DE EXPORTACION CNTR.;n/a;0000000010;n/a;;;;;;;;;
0;CLIENTE;Honorario (Servicios Adicionales);Nombre;278;TRANSPORTE CNTR 20;n/a;0000000001;n/a;;;;;;;;;
0;CLIENTE;Honorario (Servicios Adicionales);Nombre;279;TRANSP.1 SENCILLO ALMESA-BODE;n/a;0000000012;n/a;;;;;;;;;
0;CLIENTE;Honorario (Servicios Adicionales);Nombre;280;TRANSPORTE GYQ - MANTA- GYQ;n/a;0000000097;n/a;;;;;;;;;
0;CLIENTE;Honorario (Servicios Adicionales);Nombre;281;TRANSPORTE DE  MULA;n/a;0000000003;n/a;;;;;;;;;
0;CLIENTE;Honorario (Servicios Adicionales);Nombre;282;FLETE HUAQUILLAS - GUAYAQUIL;n/a;0000000212;n/a;;;;;;;;;
0;CLIENTE;Honorario (Servicios Adicionales);Nombre;283;TRANSP.  RIFFER QUITO;n/a;0000000085;n/a;;;;;;;;;
0;CLIENTE;Honorario (Servicios Adicionales);Nombre;284;TRANSPORTE  CNTR 40;n/a;0000000002;n/a;;;;;;;;;
0;CLIENTE;Honorario (Servicios Adicionales);Nombre;285;TRANSPORTE T&T A QUITO CNTR40;n/a;0000000004;n/a;;;;;;;;;
0;CLIENTE;Honorario (Servicios Adicionales);Nombre;286;TRANSPORTE CAMA BAJA A TULCAN;n/a;0000000043;n/a;;;;;;;;;
0;CLIENTE;Honorario (Servicios Adicionales);Nombre;287;TRANSPORTE DE FLAT RACK;n/a;0000000042;n/a;;;;;;;;;
0;CLIENTE;Honorario (Servicios Adicionales);Nombre;288;TRANSP.CARGA SUELTA 7 TAMBORES;n/a;0000000044;n/a;;;;;;;;;
0;CLIENTE;Honorario (Servicios Adicionales);Nombre;289;TRANSP. A AMBATO CARGA SUELTA;n/a;0000000006;n/a;;;;;;;;;
0;CLIENTE;Honorario (Servicios Adicionales);Nombre;290;TRANSPORTE A AMBATO 40 CNTR.;n/a;0000000007;n/a;;;;;;;;;
0;CLIENTE;Honorario (Servicios Adicionales);Nombre;291;TRANSP. CARGA SUELTA RIOBAMBA;n/a;0000000031;n/a;;;;;;;;;
0;CLIENTE;Honorario (Servicios Adicionales);Nombre;292;TRANSPORTE A PUERTO BOLIVAR;n/a;0000000011;n/a;;;;;;;;;
0;CLIENTE;Honorario (Servicios Adicionales);Nombre;293;TRANSP. A MACHACHI Y LATACUNGA;n/a;0000000123;n/a;;;;;;;;;
0;CLIENTE;Honorario (Servicios Adicionales);Nombre;294;TRANSPORTE CONT.20 GYQ;n/a;0000000054;n/a;;;;;;;;;
0;CLIENTE;Honorario (Servicios Adicionales);Nombre;295;TRANSP.ADUANA / T&T QUITO;n/a;0000000073;n/a;;;;;;;;;
0;CLIENTE;Honorario (Servicios Adicionales);Nombre;296;TRANSP. DESDE SHELL-COMEXPORT;n/a;0000000074;n/a;;;;;;;;;
0;CLIENTE;Honorario (Servicios Adicionales);Nombre;297;TRANSP. CARGA SUELTA DE 1 TAMB;n/a;0000000075;n/a;;;;;;;;;
0;CLIENTE;Honorario (Servicios Adicionales);Nombre;298;TRANSP.  INTERNO;n/a;0000000076;n/a;;;;;;;;;
0;CLIENTE;Honorario (Servicios Adicionales);Nombre;299;TRANSP. A ECUAQUIMICA;n/a;0000000077;n/a;;;;;;;;;
0;CLIENTE;Honorario (Servicios Adicionales);Nombre;300;TRANSP DE VEHICULO;n/a;0000000014;n/a;;;;;;;;;
0;CLIENTE;Honorario (Servicios Adicionales);Nombre;301;TRANSP.DE GUAYAQUIL-QUITO;n/a;0000000015;n/a;;;;;;;;;
0;CLIENTE;Honorario (Servicios Adicionales);Nombre;302;TRANSPORTE DE UN MONTACARGA;n/a;0000000016;n/a;;;;;;;;;
0;CLIENTE;Honorario (Servicios Adicionales);Nombre;303;TRANSP.VEHICULO A QUITO;n/a;0000000017;n/a;;;;;;;;;
0;CLIENTE;Honorario (Servicios Adicionales);Nombre;304;TRANSP.1X20 CNTR A QUEVEDO;n/a;0000000018;n/a;;;;;;;;;
0;CLIENTE;Honorario (Servicios Adicionales);Nombre;305;TRASBORDO;n/a;0000000087;n/a;;;;;;;;;
0;CLIENTE;Honorario (Servicios Adicionales);Nombre;306;TRANSP.VEHICULO-CUENCA;n/a;0000000019;n/a;;;;;;;;;
0;CLIENTE;Honorario (Servicios Adicionales);Nombre;307;TRANSP. MANTA - GUAYAQUIL;n/a;0000000020;n/a;;;;;;;;;
0;CLIENTE;Honorario (Servicios Adicionales);Nombre;308;TRANSP.1X20 CNTR.A BABAHOYO;n/a;0000000034;n/a;;;;;;;;;
0;CLIENTE;Honorario (Servicios Adicionales);Nombre;309;TRANSPORTE  CHASIS CABINADO O DESCABINADO;n/a;0000000036;n/a;;;;;;;;;
0;CLIENTE;Honorario (Servicios Adicionales);Nombre;310;TRANSPORTE CONTENEDOR VACIO;n/a;0000000177;n/a;;;;;;;;;
0;CLIENTE;Honorario (Servicios Adicionales);Nombre;311;TRANSP.A CUENCA 1X40 CNTR.;n/a;0000000021;n/a;;;;;;;;;
0;CLIENTE;Honorario (Servicios Adicionales);Nombre;312;FLAY RACK;n/a;0000000055;n/a;;;;;;;;;
0;CLIENTE;Honorario (Servicios Adicionales);Nombre;313;TRANSPORTE CNTR 40 QUITO;n/a;0000000072;n/a;;;;;;;;;
0;CLIENTE;Honorario (Servicios Adicionales);Nombre;314;TRANSP. VEHIC.  ALMESA- AUTEC;n/a;0000000062;n/a;;;;;;;;;
0;CLIENTE;Honorario (Servicios Adicionales);Nombre;315;ESTIBADA Y DESESTIBADA;n/a;0000000093;n/a;;;;;;;;;
0;CLIENTE;Honorario (Servicios Adicionales);Nombre;316;TRANSPORTE DE CONTENEDORES;n/a;0000000045;n/a;;;;;;;;;
0;CLIENTE;Honorario (Servicios Adicionales);Nombre;317;TRINCADA CONTENEDOR DE 20;n/a;0000000063;n/a;;;;;;;;;
0;CLIENTE;Honorario (Servicios Adicionales);Nombre;318;TRANSP.QUITO - GUAYAQUIL;n/a;0000000091;n/a;;;;;;;;;
0;CLIENTE;Honorario (Servicios Adicionales);Nombre;319;TRANSP. A COTOCOLLAO;n/a;0000000092;n/a;;;;;;;;;
0;CLIENTE;Honorario (Servicios Adicionales);Nombre;320;TRANSP.DE UN TRACTO CAMION;n/a;0000000056;n/a;;;;;;;;;
0;CLIENTE;Honorario (Servicios Adicionales);Nombre;321;TRANSP.TRACTO CAMION PTO-ALMES;n/a;0000000057;n/a;;;;;;;;;
0;CLIENTE;Honorario (Servicios Adicionales);Nombre;322;TRANSP.TRACTO CAMION ALM-QTO;n/a;0000000058;n/a;;;;;;;;;
0;CLIENTE;Honorario (Servicios Adicionales);Nombre;323;TRANSP.2 TANQUES JAB.NACIONAL;n/a;0000000059;n/a;;;;;;;;;
0;CLIENTE;Honorario (Servicios Adicionales);Nombre;324;TRANSP.DE ALMESA A OFICINAS T.;n/a;0000000061;n/a;;;;;;;;;
0;CLIENTE;Honorario (Servicios Adicionales);Nombre;325;TRANSP. TIMSA - BODEGA CLIENTE;n/a;0000000105;n/a;;;;;;;;;
0;CLIENTE;Honorario (Servicios Adicionales);Nombre;326;TRANSPORTE DE CAMION;n/a;0000000126;n/a;;;;;;;;;
0;CLIENTE;Honorario (Servicios Adicionales);Nombre;327;TERRENO CASA BLANCA;n/a;0000000277;n/a;;;;;;;;;
0;CLIENTE;Honorario (Servicios Adicionales);Nombre;328;TRANSP.DE ALMESA AL PUERTO;n/a;0000000060;n/a;;;;;;;;;
0;CLIENTE;Honorario (Servicios Adicionales);Nombre;329;TRINCADA O DESTRINCADA DE CHASIS;n/a;0000000138;n/a;;;;;;;;;
0;CLIENTE;Honorario (Servicios Adicionales);Nombre;330;TRANSPORTE DE TANQUERO;n/a;0000000133;n/a;;;;;;;;;
0;CLIENTE;Honorario (Servicios Adicionales);Nombre;331;TRANSPORTE DE SEMI-REMOLQUES;n/a;0000000134;n/a;;;;;;;;;
0;CLIENTE;Honorario (Servicios Adicionales);Nombre;332;TRANSP.DEL PTO HASTA ALMESA;n/a;0000000070;n/a;;;;;;;;;
0;CLIENTE;Honorario (Servicios Adicionales);Nombre;333;TRANSP. TRAILER E.METAL.MANTA;n/a;0000000107;n/a;;;;;;;;;
0;CLIENTE;Honorario (Servicios Adicionales);Nombre;334;TRANSP.TRANSFORMADORES(2 UNID);n/a;0000000121;n/a;;;;;;;;;
0;CLIENTE;Honorario (Servicios Adicionales);Nombre;335;TRANSP.DE OFIC.AEREA -TERMINAL;n/a;0000000071;n/a;;;;;;;;;
0;CLIENTE;Honorario (Servicios Adicionales);Nombre;336;TRANSP.AEROPTO-CLINICA ALCIVAR;n/a;0000000094;n/a;;;;;;;;;
0;CLIENTE;Honorario (Servicios Adicionales);Nombre;337;TRANSP.DEL AEREO HASTA ALMAGRO;n/a;0000000079;n/a;;;;;;;;;
0;CLIENTE;Honorario (Servicios Adicionales);Nombre;338;TRANSP.DE ALMAGRO - DATAPRO;n/a;0000000080;n/a;;;;;;;;;
0;CLIENTE;Honorario (Servicios Adicionales);Nombre;339;TRANSP.1X20 CNTR A QUITO;n/a;0000000081;n/a;;;;;;;;;
0;CLIENTE;Honorario (Servicios Adicionales);Nombre;340;TRANSP.1X20 CNTR  EN GYE;n/a;0000000082;n/a;;;;;;;;;
0;CLIENTE;Honorario (Servicios Adicionales);Nombre;341;TRANSP.CLINICA ALCIVAR-AGA;n/a;0000000095;n/a;;;;;;;;;
0;CLIENTE;Honorario (Servicios Adicionales);Nombre;342;USO DE BODEGA;n/a;0000000112;n/a;;;;;;;;;
0;CLIENTE;Honorario (Servicios Adicionales);Nombre;343;TRACTOCAMION KENWORTH;n/a;0000000125;n/a;;;;;;;;;
0;CLIENTE;Honorario (Servicios Adicionales);Nombre;344;MOTONETA LML;n/a;0000000143;n/a;;;;;;;;;
0;CLIENTE;Honorario (Servicios Adicionales);Nombre;345;AUTO SKODA;n/a;0000000144;n/a;;;;;;;;;
0;CLIENTE;Honorario (Servicios Adicionales);Nombre;346;CAMION MACK AÑO 1997;n/a;0000000145;n/a;;;;;;;;;
0;CLIENTE;Honorario (Servicios Adicionales);Nombre;347;VENTA DE AROS;n/a;0000000174;n/a;;;;;;;;;
0;CLIENTE;Honorario (Servicios Adicionales);Nombre;348;VENTA DE CHATARRA;n/a;0000000228;n/a;;;;;;;;;
0;CLIENTE;Código Asesor (Servicios Adicionales);VALIDAR T&T;1;SIN ASESOR;n/a;9999999999;n/a;;;;;;;;;
0;CLIENTE;Código Asesor (Servicios Adicionales);;2;AGENTE;n/a;9999999997;n/a;;;;;;;;;
0;CLIENTE;Código Asesor (Servicios Adicionales);;3;CIATEITE :: YCAZA ZEA MARIA FERNANDA;n/a;CIA0000339;n/a;;;;;;;;;
0;CLIENTE;Código Asesor (Servicios Adicionales);;4;CIATEITE :: MORETA TOMSICH FAUSTO ALVARO;n/a;CIA0000014;n/a;;;;;;;;;
0;CLIENTE;Código Asesor (Servicios Adicionales);;5;CIATEITE :: HERRERA PARRA CARLOS GEOVANNY;n/a;CIA0000945;n/a;;;;;;;;;
0;CLIENTE;Código Asesor (Servicios Adicionales);;6;MENDIETA REYNA MARCOS EDUARDO;n/a;0000000138;n/a;;;;;;;;;
0;CLIENTE;Código Asesor (Servicios Adicionales);;7;HERRERA VARGAS SERGIO JHOAN;n/a;0000000313;n/a;;;;;;;;;
0;CLIENTE;Código Asesor (Servicios Adicionales);;8;MARCILLO PITA ASHLEY ESTEFANIA;n/a;0000000337;n/a;;;;;;;;;
0;CLIENTE;Código Asesor (Servicios Adicionales);;9;YCAZA ZEA MARIA FERNANDA;n/a;0000000339;n/a;;;;;;;;;
0;CLIENTE;Código Asesor (Servicios Adicionales);;10;CHAVEZ ERAS GISELA ELIZABETH;n/a;0000000438;n/a;;;;;;;;;
0;CLIENTE;Código Asesor (Servicios Adicionales);;11;VASQUEZ BURGOS ANNY JULISA;n/a;0000000641;n/a;;;;;;;;;
0;CLIENTE;Código Asesor (Servicios Adicionales);;12;ALCIVAR SILVA HELEN NICOLE;n/a;0000000705;n/a;;;;;;;;;
0;CLIENTE;Código Asesor (Servicios Adicionales);;13;HIDALGO SOLIS PAMELA IVONNE;n/a;0000000901;n/a;;;;;;;;;
0;CLIENTE;Código Asesor (Servicios Adicionales);;14;MORENO ARTEAGA ANDREA PATRICIA;n/a;0000000910;n/a;;;;;;;;;
0;CLIENTE;Código Asesor (Servicios Adicionales);;15;FREEHAND;n/a;9999999998;n/a;;;;;;;;;
0;CLIENTE;Código Asesor (Servicios Adicionales);;16;TOLEPU :: ROMERO RUGEL KARINA PAOLA;n/a;0000000100;n/a;;;;;;;;;
0;CLIENTE;Código Asesor (Servicios Adicionales);;17;TOLEPU :: CAMACHO FLORES ISAAC ANDRES;n/a;0000000101;n/a;;;;;;;;;
0;CLIENTE;Código Asesor (Servicios Adicionales);;18;TOLEPU :: SALAZAR CARTAGENA LEYLA NATALIA;n/a;0000000116;n/a;;;;;;;;;
0;CLIENTE;Código Asesor (Servicios Adicionales);;19;TOLEPU :: AREVALO PASTUÑA ESTEFANIA ALEJANDRA;n/a;0000000127;n/a;;;;;;;;;
0;CLIENTE;Código Asesor (Servicios Adicionales);;20;TOLEPU :: SANCHEZ CRIOLLO MARIO DAVID;n/a;0000000128;n/a;;;;;;;;;
0;CLIENTE;Código Asesor (Servicios Adicionales);;21;TOLEPU :: HERNANDEZ OROCHENA FREDDY JOSE;n/a;0000000129;n/a;;;;;;;;;
0;CLIENTE;Código Asesor (Servicios Adicionales);;22;TOLEPU :: PANTALEON SALDAÑA ALLISON DENISSE;n/a;0000000133;n/a;;;;;;;;;
0;CLIENTE;Código Asesor (Servicios Adicionales);;23;TOLEPU :: ULLOA RODRÍGUEZ CINTHYA CAROLINA;n/a;0000000144;n/a;;;;;;;;;
0;CLIENTE;Código Asesor (Servicios Adicionales);;24;TOLEPU :: CUENCA RAMIREZ CHRISTYE MIREYA;n/a;0000000042;n/a;;;;;;;;;
0;CLIENTE;Código Asesor (Servicios Adicionales);;25;TOLEPU :: YU ANDRADE MAYLEN ESTEFANIA;n/a;0000000045;n/a;;;;;;;;;
0;CLIENTE;Código Asesor (Servicios Adicionales);;26;TOLEPU :: AVALOS MARTINEZ LORENA ALEXA;n/a;0000000075;n/a;;;;;;;;;
0;CLIENTE;Código Asesor (Servicios Adicionales);;27;MONTALVO ARCOS RUTH LORENA;n/a;0000000162;n/a;;;;;;;;;
0;CLIENTE;Código Asesor (Servicios Adicionales);;28;RODAS BENAVIDES FANNY AMALIA;n/a;0000000237;n/a;;;;;;;;;
0;CLIENTE;Código Asesor (Servicios Adicionales);;29;AULLA ALLAUCA MONICA ALEXANDRA;n/a;0000000289;n/a;;;;;;;;;
0;CLIENTE;Código Asesor (Servicios Adicionales);;30;HERRERA ZAMBRANO LORENA MARICELA;n/a;0000000324;n/a;;;;;;;;;
0;CLIENTE;Código Asesor (Servicios Adicionales);;31;TORRES ALAÑA PEDRO RAFAEL;n/a;0000000013;n/a;;;;;;;;;
0;CLIENTE;Código Asesor (Servicios Adicionales);;32;ESPINOZA MORA MARIA LISSETE;n/a;0000000407;n/a;;;;;;;;;
0;CLIENTE;Código Asesor (Servicios Adicionales);;33;SILVA CABRERA VANESSA LISSETTE;n/a;0000000462;n/a;;;;;;;;;
0;CLIENTE;Código Asesor (Servicios Adicionales);;34;MARTILLO NIETO FABIOLA ROSA;n/a;0000000464;n/a;;;;;;;;;
0;CLIENTE;Código Asesor (Servicios Adicionales);;35;AZUA CARVAJAL MARIA GABRIELA;n/a;0000000594;n/a;;;;;;;;;
0;CLIENTE;Código Asesor (Servicios Adicionales);;36;CUADRO ITURRALDE WALTER LUIS;n/a;0000000863;n/a;;;;;;;;;
0;CLIENTE;Código Asesor (Servicios Adicionales);;37;BASANTES PABON JORGE PATRICIO;n/a;0000000875;n/a;;;;;;;;;
0;CLIENTE;Código Asesor (Servicios Adicionales);;38;FIGUEROA CUERO CILIA ISABEL;n/a;0000001009;n/a;;;;;;;;;
0;CLIENTE;Código Asesor (Servicios Adicionales);;39;RUIZ BARZOLA ANTHONY ALEXANDER;n/a;0000001020;n/a;;;;;;;;;
0;CLIENTE;Código Asesor (Servicios Adicionales);;40;LOPEZ MACIAS BELLA BERENICE;n/a;0000000048;n/a;;;;;;;;;
0;CLIENTE;Código Asesor (Servicios Adicionales);;41;VILLAVICENCIO PESANTEZ DIANA ANTONELLA;n/a;0000001084;n/a;;;;;;;;;
0;CLIENTE;Código Asesor (Servicios Adicionales);;42;PARA FACTURACION;n/a;9999999996;n/a;;;;;;;;;
0;CLIENTE;Tipo Servicio (Tarifas Estiba);CargaID;1;20¨ COD AZUL QUIFATEX;n/a;n/a;0000000071;;;;;;;;;
0;CLIENTE;Tipo Servicio (Tarifas Estiba);CargaID;2;Contenedor de 20 DC Bentonita Unilever;n/a;n/a;0000000043;;;;;;;;;
0;CLIENTE;Tipo Servicio (Tarifas Estiba);CargaID;3;CONTENEDOR DE 20 DC TRIPOLIFOSFATO UNILEVER;n/a;n/a;0000000034;;;;;;;;;
0;CLIENTE;Tipo Servicio (Tarifas Estiba);CargaID;4;20 DC BOYACA;n/a;n/a;0000000103;;;;;;;;;
0;CLIENTE;Tipo Servicio (Tarifas Estiba);CargaID;5;20 DC PERU;n/a;n/a;0000000054;;;;;;;;;
0;CLIENTE;Tipo Servicio (Tarifas Estiba);CargaID;6;Contenedor de 20 para Procter;n/a;n/a;0000000050;;;;;;;;;
0;CLIENTE;Tipo Servicio (Tarifas Estiba);CargaID;7;CONT 20 CODIGO ROJO;n/a;n/a;0000000067;;;;;;;;;
0;CLIENTE;Tipo Servicio (Tarifas Estiba);CargaID;8;"20"" DIURNO DURAN (MAS DE 1)";n/a;n/a;0000000138;;;;;;;;;
0;CLIENTE;Tipo Servicio (Tarifas Estiba);CargaID;9;"20"" DIURNO DURAN (MAS DE 2)";n/a;n/a;0000000139;;;;;;;;;
0;CLIENTE;Tipo Servicio (Tarifas Estiba);CargaID;10;20 PIES DIURNO QUIMICOS;n/a;n/a;0000000152;;;;;;;;;
0;CLIENTE;Tipo Servicio (Tarifas Estiba);CargaID;11;20 PIES DIURNO;n/a;n/a;0000000073;;;;;;;;;
0;CLIENTE;Tipo Servicio (Tarifas Estiba);CargaID;12;20 PIES DIURNO AMBATO;n/a;n/a;0000000164;;;;;;;;;
0;CLIENTE;Tipo Servicio (Tarifas Estiba);CargaID;13;20 PIES DIURNO DURAN;n/a;n/a;0000000083;;;;;;;;;
0;CLIENTE;Tipo Servicio (Tarifas Estiba);CargaID;14;20 DIURNO PRODUCTO TERMINADO;n/a;n/a;0000000122;;;;;;;;;
0;CLIENTE;Tipo Servicio (Tarifas Estiba);CargaID;15;20 PIES DIURNO REFRIGERADO;n/a;n/a;0000000146;;;;;;;;;
0;CLIENTE;Tipo Servicio (Tarifas Estiba);CargaID;16;20 PIES DIURNO QUITO;n/a;n/a;0000000158;;;;;;;;;
0;CLIENTE;Tipo Servicio (Tarifas Estiba);CargaID;17;20 CONTENEDOR EXPORTACION DIURNO;n/a;n/a;0000000085;;;;;;;;;
0;CLIENTE;Tipo Servicio (Tarifas Estiba);CargaID;18;20 CONTENEDOR EXPORT EXTENDIDO;n/a;n/a;0000000087;;;;;;;;;
0;CLIENTE;Tipo Servicio (Tarifas Estiba);CargaID;19;20 PIES EXTENDIDO;n/a;n/a;0000000074;;;;;;;;;
0;CLIENTE;Tipo Servicio (Tarifas Estiba);CargaID;20;20 EXTENDIDO MATERIA PRIMA;n/a;n/a;0000000127;;;;;;;;;
0;CLIENTE;Tipo Servicio (Tarifas Estiba);CargaID;21;"20"" NOCTURNO DURAN (MAS DE 1)";n/a;n/a;0000000142;;;;;;;;;
0;CLIENTE;Tipo Servicio (Tarifas Estiba);CargaID;22;20 PIES NOCTURNO DURAN;n/a;n/a;0000000078;;;;;;;;;
0;CLIENTE;Tipo Servicio (Tarifas Estiba);CargaID;23;20 PIES NOCTURNO AMBATO;n/a;n/a;0000000166;;;;;;;;;
0;CLIENTE;Tipo Servicio (Tarifas Estiba);CargaID;24;20 PIES NOCTURNO QUIMICOS;n/a;n/a;0000000155;;;;;;;;;
0;CLIENTE;Tipo Servicio (Tarifas Estiba);CargaID;25;"20"" HORARIO NOCTURNO";n/a;n/a;0000000115;;;;;;;;;
0;CLIENTE;Tipo Servicio (Tarifas Estiba);CargaID;26;20 PIES NOCTURNO REFRIGERADO;n/a;n/a;0000000149;;;;;;;;;
0;CLIENTE;Tipo Servicio (Tarifas Estiba);CargaID;27;20 PIES NOCTURNO QUITO;n/a;n/a;0000000160;;;;;;;;;
0;CLIENTE;Tipo Servicio (Tarifas Estiba);CargaID;28;20 PIES;n/a;n/a;0000000130;;;;;;;;;
0;CLIENTE;Tipo Servicio (Tarifas Estiba);CargaID;29;Contenedor de 20 DC;n/a;n/a;0000000001;;;;;;;;;
0;CLIENTE;Tipo Servicio (Tarifas Estiba);CargaID;30;"20"" DIURNO CODIGO ROJO";n/a;n/a;0000000097;;;;;;;;;
0;CLIENTE;Tipo Servicio (Tarifas Estiba);CargaID;31;Contenedor de 20 FR;n/a;n/a;0000000009;;;;;;;;;
0;CLIENTE;Tipo Servicio (Tarifas Estiba);CargaID;32;Contenedor de 20 RF;n/a;n/a;0000000002;;;;;;;;;
0;CLIENTE;Tipo Servicio (Tarifas Estiba);CargaID;33;Isotanque de 20 TK;n/a;n/a;0000000004;;;;;;;;;
0;CLIENTE;Tipo Servicio (Tarifas Estiba);CargaID;34;40¨ COD AZUL QUIFATEX;n/a;n/a;0000000072;;;;;;;;;
0;CLIENTE;Tipo Servicio (Tarifas Estiba);CargaID;35;40 DC PERU;n/a;n/a;0000000055;;;;;;;;;
0;CLIENTE;Tipo Servicio (Tarifas Estiba);CargaID;36;contenedor 40' para Procter;n/a;n/a;0000000051;;;;;;;;;
0;CLIENTE;Tipo Servicio (Tarifas Estiba);CargaID;37;CONTENEDOR DE 40 PRODUC TERMINADO;n/a;n/a;0000000037;;;;;;;;;
0;CLIENTE;Tipo Servicio (Tarifas Estiba);CargaID;38;"40"" DIURNO DURAN (MAS DE 1)";n/a;n/a;0000000140;;;;;;;;;
0;CLIENTE;Tipo Servicio (Tarifas Estiba);CargaID;39;"40"" DIURNO DURAN (MAS DE 2)";n/a;n/a;0000000141;;;;;;;;;
0;CLIENTE;Tipo Servicio (Tarifas Estiba);CargaID;40;40 PIES DIURNO QUIMICOS;n/a;n/a;0000000153;;;;;;;;;
0;CLIENTE;Tipo Servicio (Tarifas Estiba);CargaID;41;40 PIES DIURNO;n/a;n/a;0000000075;;;;;;;;;
0;CLIENTE;Tipo Servicio (Tarifas Estiba);CargaID;42;40 PIES DIURNO AMBATO;n/a;n/a;0000000165;;;;;;;;;
0;CLIENTE;Tipo Servicio (Tarifas Estiba);CargaID;43;40 PIES DIURNO DURAN;n/a;n/a;0000000111;;;;;;;;;
0;CLIENTE;Tipo Servicio (Tarifas Estiba);CargaID;44;40 DIURNO MATERIA PRIMA;n/a;n/a;0000000128;;;;;;;;;
0;CLIENTE;Tipo Servicio (Tarifas Estiba);CargaID;45;40 DIURNO PRODUCTO TERMINADO;n/a;n/a;0000000124;;;;;;;;;
0;CLIENTE;Tipo Servicio (Tarifas Estiba);CargaID;46;40 PIES DIURNO REFRIGERADO;n/a;n/a;0000000147;;;;;;;;;
0;CLIENTE;Tipo Servicio (Tarifas Estiba);CargaID;47;40 PIES DIURNO QUITO;n/a;n/a;0000000159;;;;;;;;;
0;CLIENTE;Tipo Servicio (Tarifas Estiba);CargaID;48;"EXPORTACION SERVICIOS CONTENEDOR DE 40""";n/a;n/a;0000000095;;;;;;;;;
0;CLIENTE;Tipo Servicio (Tarifas Estiba);CargaID;49;"EXPORTACION SERVICIOS CONTENEDOR 40"" PERU";n/a;n/a;0000000108;;;;;;;;;
0;CLIENTE;Tipo Servicio (Tarifas Estiba);CargaID;50;40 CONTENEDOR EXPORTACION DIURNO;n/a;n/a;0000000086;;;;;;;;;
0;CLIENTE;Tipo Servicio (Tarifas Estiba);CargaID;51;40 CONTENEDOR EXPORT EXTENDIDO;n/a;n/a;0000000088;;;;;;;;;
0;CLIENTE;Tipo Servicio (Tarifas Estiba);CargaID;52;40 PIES EXTENDIDO;n/a;n/a;0000000076;;;;;;;;;
0;CLIENTE;Tipo Servicio (Tarifas Estiba);CargaID;53;40 EXTENDIDO MATERIA PRIMA;n/a;n/a;0000000129;;;;;;;;;
0;CLIENTE;Tipo Servicio (Tarifas Estiba);CargaID;54;40 KRAFT DIURNO;n/a;n/a;0000000104;;;;;;;;;
0;CLIENTE;Tipo Servicio (Tarifas Estiba);CargaID;55;40 KRAFT DOMINGOS Y FERIADOS;n/a;n/a;0000000107;;;;;;;;;
0;CLIENTE;Tipo Servicio (Tarifas Estiba);CargaID;56;40 KRAFT NOCTURNO;n/a;n/a;0000000105;;;;;;;;;
0;CLIENTE;Tipo Servicio (Tarifas Estiba);CargaID;57;40 KRAFT SABADO;n/a;n/a;0000000106;;;;;;;;;
0;CLIENTE;Tipo Servicio (Tarifas Estiba);CargaID;58;"40"" NOCTURNO DURAN (MAS DE 1)";n/a;n/a;0000000143;;;;;;;;;
0;CLIENTE;Tipo Servicio (Tarifas Estiba);CargaID;59;40 PIES NOCTURNO DURAN;n/a;n/a;0000000113;;;;;;;;;
0;CLIENTE;Tipo Servicio (Tarifas Estiba);CargaID;60;40 PIES NOCTURNO AMBATO;n/a;n/a;0000000167;;;;;;;;;
0;CLIENTE;Tipo Servicio (Tarifas Estiba);CargaID;61;40 PIES NOCTURNO QUIMICOS;n/a;n/a;0000000156;;;;;;;;;
0;CLIENTE;Tipo Servicio (Tarifas Estiba);CargaID;62;"40"" HORARIO NOCTURNO";n/a;n/a;0000000114;;;;;;;;;
0;CLIENTE;Tipo Servicio (Tarifas Estiba);CargaID;63;40 PIES NOCTURNO REFRIGERADO;n/a;n/a;0000000150;;;;;;;;;
0;CLIENTE;Tipo Servicio (Tarifas Estiba);CargaID;64;40 PIES NOCTURNO QUITO;n/a;n/a;0000000161;;;;;;;;;
0;CLIENTE;Tipo Servicio (Tarifas Estiba);CargaID;65;40 PIES;n/a;n/a;0000000080;;;;;;;;;
0;CLIENTE;Tipo Servicio (Tarifas Estiba);CargaID;66;Contenedor de 40 DC;n/a;n/a;0000000005;;;;;;;;;
0;CLIENTE;Tipo Servicio (Tarifas Estiba);CargaID;67;"40"" DIURNO CODIGO ROJO";n/a;n/a;0000000098;;;;;;;;;
0;CLIENTE;Tipo Servicio (Tarifas Estiba);CargaID;68;Contenedor de 40 FR;n/a;n/a;0000000010;;;;;;;;;
0;CLIENTE;Tipo Servicio (Tarifas Estiba);CargaID;69;Contenedor 40 HC;n/a;n/a;0000000062;;;;;;;;;
0;CLIENTE;Tipo Servicio (Tarifas Estiba);CargaID;70;40 Contenedor Ref no Operable;n/a;n/a;0000000047;;;;;;;;;
0;CLIENTE;Tipo Servicio (Tarifas Estiba);CargaID;71;Contenedor de 40 OT;n/a;n/a;0000000006;;;;;;;;;
0;CLIENTE;Tipo Servicio (Tarifas Estiba);CargaID;72;Contenedor de 40 RF;n/a;n/a;0000000008;;;;;;;;;
0;CLIENTE;Tipo Servicio (Tarifas Estiba);CargaID;73;Contenedor de 40 RH;n/a;n/a;0000000007;;;;;;;;;
0;CLIENTE;Tipo Servicio (Tarifas Estiba);CargaID;74;Contenedor 40 HC;n/a;n/a;0000000063;;;;;;;;;
0;CLIENTE;Tipo Servicio (Tarifas Estiba);CargaID;75;40 PIES;n/a;n/a;0000000079;;;;;;;;;
0;CLIENTE;Tipo Servicio (Tarifas Estiba);CargaID;76;ATADOS DE METAL;n/a;n/a;0000000032;;;;;;;;;
0;CLIENTE;Tipo Servicio (Tarifas Estiba);CargaID;77;CARGA SUELTA CÓD. AZUL;n/a;n/a;0000000089;;;;;;;;;
0;CLIENTE;Tipo Servicio (Tarifas Estiba);CargaID;78;CARGA SUELTA EN CONTENEDOR DE 20;n/a;n/a;0000000091;;;;;;;;;
0;CLIENTE;Tipo Servicio (Tarifas Estiba);CargaID;79;CARGA SUELTA EN COTENEDOR DE 40;n/a;n/a;0000000092;;;;;;;;;
0;CLIENTE;Tipo Servicio (Tarifas Estiba);CargaID;80;CARGA SUELTA DIURNA DURAN;n/a;n/a;0000000144;;;;;;;;;
0;CLIENTE;Tipo Servicio (Tarifas Estiba);CargaID;81;CARGA SUELTA DIURNA QUIMICOS;n/a;n/a;0000000154;;;;;;;;;
0;CLIENTE;Tipo Servicio (Tarifas Estiba);CargaID;82;CARGA SUEKTA DIURNA REFRIGERADA;n/a;n/a;0000000148;;;;;;;;;
0;CLIENTE;Tipo Servicio (Tarifas Estiba);CargaID;83;CARGA SUELTA NOCTURNA DURAN;n/a;n/a;0000000145;;;;;;;;;
0;CLIENTE;Tipo Servicio (Tarifas Estiba);CargaID;84;CARGA SUELTA NOCTURNA QUIMICOS;n/a;n/a;0000000157;;;;;;;;;
0;CLIENTE;Tipo Servicio (Tarifas Estiba);CargaID;85;CARGA SUELTA NOCTURNA REFRIGERADA;n/a;n/a;0000000151;;;;;;;;;
0;CLIENTE;Tipo Servicio (Tarifas Estiba);CargaID;86;CARGA SUELTA CÓD. ROJO;n/a;n/a;0000000090;;;;;;;;;
0;CLIENTE;Tipo Servicio (Tarifas Estiba);CargaID;87;TRANSPORTE CARGA SUELTA EN FURGON COMPLETO;n/a;n/a;0000000046;;;;;;;;;
0;CLIENTE;Tipo Servicio (Tarifas Estiba);CargaID;88;CARGA SUELTA TRANS.AÉREO HORARIO DIURNO;n/a;n/a;0000000132;;;;;;;;;
0;CLIENTE;Tipo Servicio (Tarifas Estiba);CargaID;89;CARGA SUELTA TRANS.AÉREO HORARIO NOCTURNO;n/a;n/a;0000000135;;;;;;;;;
0;CLIENTE;Tipo Servicio (Tarifas Estiba);CargaID;90;CAMION;n/a;n/a;0000000025;;;;;;;;;
0;CLIENTE;Tipo Servicio (Tarifas Estiba);CargaID;91;SACOS EN CAMION HORARIO DIURNO;n/a;n/a;0000000136;;;;;;;;;
0;CLIENTE;Tipo Servicio (Tarifas Estiba);CargaID;92;SACOS EN CAMION HORARIO NOCTURNO;n/a;n/a;0000000137;;;;;;;;;
0;CLIENTE;Tipo Servicio (Tarifas Estiba);CargaID;93;CARGA SUELTA HORARIO NOCTURNO;n/a;n/a;0000000116;;;;;;;;;
0;CLIENTE;Tipo Servicio (Tarifas Estiba);CargaID;94;CARGA SUELTA AEREA;n/a;n/a;0000000096;;;;;;;;;
0;CLIENTE;Tipo Servicio (Tarifas Estiba);CargaID;95;CARGA SUELTA EN HORARIO DIURNO;n/a;n/a;0000000015;;;;;;;;;
0;CLIENTE;Tipo Servicio (Tarifas Estiba);CargaID;96;CARGA SUELTA EN PLATAFORMA;n/a;n/a;0000000120;;;;;;;;;
0;CLIENTE;Tipo Servicio (Tarifas Estiba);CargaID;97;Cartones;n/a;n/a;0000000011;;;;;;;;;
0;CLIENTE;Tipo Servicio (Tarifas Estiba);CargaID;98;CARGA SUELTA DIURNO AMBATO;n/a;n/a;0000000168;;;;;;;;;
0;CLIENTE;Tipo Servicio (Tarifas Estiba);CargaID;99;CARGA SUELTA DIURNO QUITO;n/a;n/a;0000000162;;;;;;;;;
0;CLIENTE;Tipo Servicio (Tarifas Estiba);CargaID;100;CARGA SUELTA NOCTURNO AMBATO;n/a;n/a;0000000169;;;;;;;;;
0;CLIENTE;Tipo Servicio (Tarifas Estiba);CargaID;101;CARGA SUELTA NOCTURNO QUITO;n/a;n/a;0000000163;;;;;;;;;
0;CLIENTE;Tipo Servicio (Tarifas Estiba);CargaID;102;Distribución  C2.15;n/a;n/a;0000000171;;;;;;;;;
0;CLIENTE;Tipo Servicio (Tarifas Estiba);CargaID;103;Distribución  C2.25;n/a;n/a;0000000172;;;;;;;;;
0;CLIENTE;Tipo Servicio (Tarifas Estiba);CargaID;104;Distribución  C2.35;n/a;n/a;0000000173;;;;;;;;;
0;CLIENTE;Tipo Servicio (Tarifas Estiba);CargaID;105;Distribución  C2.45;n/a;n/a;0000000174;;;;;;;;;
0;CLIENTE;Tipo Servicio (Tarifas Estiba);CargaID;106;Distribución  C2.60;n/a;n/a;0000000175;;;;;;;;;
0;CLIENTE;Tipo Servicio (Tarifas Estiba);CargaID;107;Distribución T3S2M;n/a;n/a;0000000176;;;;;;;;;
0;CLIENTE;Tipo Servicio (Tarifas Estiba);CargaID;108;Distribución T3S2;n/a;n/a;0000000177;;;;;;;;;
0;CLIENTE;Tipo Servicio (Tarifas Estiba);CargaID;109;FIN DE SEMANA Y FERIADO;n/a;n/a;0000000117;;;;;;;;;
0;CLIENTE;Tipo Servicio (Tarifas Estiba);CargaID;110;FIN SEMANA DIURNO;n/a;n/a;0000000109;;;;;;;;;
0;CLIENTE;Tipo Servicio (Tarifas Estiba);CargaID;111;FIN SEMANA EXTENDIDO;n/a;n/a;0000000110;;;;;;;;;
0;CLIENTE;Tipo Servicio (Tarifas Estiba);CargaID;112;Furgón / Carga suelta consolidada;n/a;n/a;0000000131;;;;;;;;;
0;CLIENTE;Tipo Servicio (Tarifas Estiba);CargaID;113;TRANSPORTE EN FURGON CARGA DESCONSOLIDADA;n/a;n/a;0000000119;;;;;;;;;
0;CLIENTE;Tipo Servicio (Tarifas Estiba);CargaID;114;Paletas;n/a;n/a;0000000012;;;;;;;;;
0;CLIENTE;Tipo Servicio (Tarifas Estiba);CargaID;115;SACOS;n/a;n/a;0000000033;;;;;;;;;
0;CLIENTE;Tipo Servicio (Tarifas Estiba);CargaID;116;SEMI-REMOLQUE / PLATAFORMAS / FURGON;n/a;n/a;0000000030;;;;;;;;;
0;CLIENTE;Tipo Servicio (Tarifas Estiba);CargaID;117;TANQUERO;n/a;n/a;0000000022;;;;;;;;;
0;CLIENTE;Tipo Servicio (Tarifas Estiba);CargaID;118;Tracto Camion;n/a;n/a;0000000019;;;;;;;;;
0;CLIENTE;Tipo Servicio (Tarifas Estiba);CargaID;119;TRABAJOS INTERNOS;n/a;n/a;0000000118;;;;;;;;;
0;CLIENTE;Código Hon. (Tarifas Estiba);VALIDAR CON T&T;1;HON. DE ESTIBA POR HORA;n/a;n/a;0000000222;;;;;;;;;
0;CLIENTE;Código Hon. (Tarifas Estiba);;2;HONORARIO SUPERVISOR DE ESTIBAS;n/a;n/a;0000000228;;;;;;;;;
0;CLIENTE;Código Hon. (Tarifas Estiba);;3;REMBOLSO DE ESTIBA CARGA SUELTA;n/a;n/a;0000000232;;;;;;;;;
0;CLIENTE;Código Hon. (Tarifas Estiba);;4;Honorario Estiba por Semana;n/a;n/a;0000000233;;;;;;;;;
0;CLIENTE;Código Hon. (Tarifas Estiba);;5;HON. ESTIBA POR HORA (FERIADO-F-SEMANA-NOCTUR);n/a;n/a;0000000212;;;;;;;;;
0;CLIENTE;Código Hon. (Tarifas Estiba);;6;ESTIBA DE CARGA SUELTA;n/a;n/a;0000000013;;;;;;;;;
0;CLIENTE;Código Hon. (Tarifas Estiba);;7;HON. ESTIBA NOCTURNA - FERIADO - FINES DE SEMANA;n/a;n/a;0000000206;;;;;;;;;
0;CLIENTE;Código Hon. (Tarifas Estiba);;8;"Honorario Estiba Contenedor 40"" No Paletizado";n/a;n/a;0000000199;;;;;;;;;
0;CLIENTE;Código Hon. (Tarifas Estiba);;9;HONORARIO ESTIBA / INVENTARIO;n/a;n/a;0000000200;;;;;;;;;
0;CLIENTE;Código Hon. (Tarifas Estiba);;10;ESTIBA EN GUAYAQUIL;n/a;n/a;0000000100;;;;;;;;;
0;CLIENTE;Código Hon. (Tarifas Estiba);;11;ESTIBA EN  QTO.;n/a;n/a;0000000101;;;;;;;;;
0;CLIENTE;Código Hon. (Tarifas Estiba);;12;HON. ESTIBA POR HORA /FRACCION ADICIONAL DIURNA;n/a;n/a;0000000201;;;;;;;;;
0;CLIENTE;Código Hon. (Tarifas Estiba);;13;HON.ESTIBA HORA/FRAC.ADICIONAL NOCT/FERIADO/F SEM;n/a;n/a;0000000209;;;;;;;;;
0;CLIENTE;Código Hon. (Tarifas Estiba);;14;HONORARIO DIURNO ESTIBA DE 1X20 CNTR;n/a;n/a;0000000068;;;;;;;;;
0;CLIENTE;Código Hon. (Tarifas Estiba);;15;HONORARIO DIURNO ESTIBA DE  1X40 CNTR;n/a;n/a;0000000086;;;;;;;;;
0;CLIENTE;Código Hon. (Tarifas Estiba);;16;ESTIBA EN PLATAFORMA DE 12 METROS;n/a;n/a;0000000197;;;;;;;;;
0;CLIENTE;Código Hon. (Tarifas Estiba);;17;ESTIBADA - TRASBORDO;n/a;n/a;0000000069;;;;;;;;;
0;CLIENTE;Código Hon. (Tarifas Estiba);;18;HON. ESTIBA HORARIO ESPECIAL;n/a;n/a;0000000128;;;;;;;;;
0;CLIENTE;Código Hon. (Tarifas Estiba);;19;HONORARIO ESTIBA A DURAN;n/a;n/a;0000000203;;;;;;;;;
0;CLIENTE;Código Hon. (Tarifas Estiba);;20;ESTIBA DE AFORO;n/a;n/a;0000000195;;;;;;;;;
0;CLIENTE;Código Hon. (Tarifas Estiba);;21;"ESTIBA 20"" BABAHOYO";n/a;n/a;0000000198;;;;;;;;;
0;CLIENTE;Código Hon. (Tarifas Estiba);;22;ESTIBA TRASBORDO DE MERC;n/a;n/a;0000000117;;;;;;;;;
0;CLIENTE;Código Hon. (Tarifas Estiba);;23;HONORARIOS ESTIBA JORNADA POR DIA;n/a;n/a;0000000194;;;;;;;;;
0;CLIENTE;Código Hon. (Tarifas Estiba);;24;Honorario Estiba de Sacos;n/a;n/a;0000000216;;;;;;;;;
0;CLIENTE;Código Hon. (Tarifas Estiba);;25;HONORARIO SERVICIO DE ESTIBAJE DE 1X20 PLANTA DUR;n/a;n/a;0000000217;;;;;;;;;
0;CLIENTE;Código Hon. (Tarifas Estiba);;26;REEMBOLSO DE ESTIBA;n/a;n/a;0000000178;;;;;;;;;
0;CLIENTE;Código Hon. (Tarifas Estiba);;27;ESTIBADA Y DESESTIBADA;n/a;n/a;0000000093;;;;;;;;;
0;CLIENTE;Código Asesor (Tarifas Estiba);AsesorCaptacionID;1;SIN ASESOR;n/a;n/a;9999999999;;;;;;;;;
0;CLIENTE;Código Asesor (Tarifas Estiba);AsesorCaptacionID;2;AGENTE;n/a;n/a;9999999997;;;;;;;;;
0;CLIENTE;Código Asesor (Tarifas Estiba);AsesorCaptacionID;3;CIATEITE :: YCAZA ZEA MARIA FERNANDA;n/a;n/a;CIA0000339;;;;;;;;;
0;CLIENTE;Código Asesor (Tarifas Estiba);AsesorCaptacionID;4;CIATEITE :: MORETA TOMSICH FAUSTO ALVARO;n/a;n/a;CIA0000014;;;;;;;;;
0;CLIENTE;Código Asesor (Tarifas Estiba);AsesorCaptacionID;5;CIATEITE :: HERRERA PARRA CARLOS GEOVANNY;n/a;n/a;CIA0000945;;;;;;;;;
0;CLIENTE;Código Asesor (Tarifas Estiba);AsesorCaptacionID;6;FREEHAND;n/a;n/a;9999999998;;;;;;;;;
0;CLIENTE;Código Asesor (Tarifas Estiba);AsesorCaptacionID;7;TOLEPU :: ROMERO RUGEL KARINA PAOLA;n/a;n/a;0000000100;;;;;;;;;
0;CLIENTE;Código Asesor (Tarifas Estiba);AsesorCaptacionID;8;TOLEPU :: CAMACHO FLORES ISAAC ANDRES;n/a;n/a;0000000101;;;;;;;;;
0;CLIENTE;Código Asesor (Tarifas Estiba);AsesorCaptacionID;9;TOLEPU :: SALAZAR CARTAGENA LEYLA NATALIA;n/a;n/a;0000000116;;;;;;;;;
0;CLIENTE;Código Asesor (Tarifas Estiba);AsesorCaptacionID;10;TOLEPU :: AREVALO PASTUÑA ESTEFANIA ALEJANDRA;n/a;n/a;0000000127;;;;;;;;;
0;CLIENTE;Código Asesor (Tarifas Estiba);AsesorCaptacionID;11;TOLEPU :: SANCHEZ CRIOLLO MARIO DAVID;n/a;n/a;0000000128;;;;;;;;;
0;CLIENTE;Código Asesor (Tarifas Estiba);AsesorCaptacionID;12;TOLEPU :: HERNANDEZ OROCHENA FREDDY JOSE;n/a;n/a;0000000129;;;;;;;;;
0;CLIENTE;Código Asesor (Tarifas Estiba);AsesorCaptacionID;13;TOLEPU :: PANTALEON SALDAÑA ALLISON DENISSE;n/a;n/a;0000000133;;;;;;;;;
0;CLIENTE;Código Asesor (Tarifas Estiba);AsesorCaptacionID;14;TOLEPU :: ULLOA RODRÍGUEZ CINTHYA CAROLINA;n/a;n/a;0000000144;;;;;;;;;
0;CLIENTE;Código Asesor (Tarifas Estiba);AsesorCaptacionID;15;TOLEPU :: CUENCA RAMIREZ CHRISTYE MIREYA;n/a;n/a;0000000042;;;;;;;;;
0;CLIENTE;Código Asesor (Tarifas Estiba);AsesorCaptacionID;16;TOLEPU :: YU ANDRADE MAYLEN ESTEFANIA;n/a;n/a;0000000045;;;;;;;;;
0;CLIENTE;Código Asesor (Tarifas Estiba);AsesorCaptacionID;17;TOLEPU :: AVALOS MARTINEZ LORENA ALEXA;n/a;n/a;0000000075;;;;;;;;;
0;CLIENTE;Código Asesor (Tarifas Estiba);AsesorCaptacionID;18;MONTALVO ARCOS RUTH LORENA;n/a;n/a;0000000162;;;;;;;;;
0;CLIENTE;Código Asesor (Tarifas Estiba);AsesorCaptacionID;19;RODAS BENAVIDES FANNY AMALIA;n/a;n/a;0000000237;;;;;;;;;
0;CLIENTE;Código Asesor (Tarifas Estiba);AsesorCaptacionID;20;AULLA ALLAUCA MONICA ALEXANDRA;n/a;n/a;0000000289;;;;;;;;;
0;CLIENTE;Código Asesor (Tarifas Estiba);AsesorCaptacionID;21;HERRERA ZAMBRANO LORENA MARICELA;n/a;n/a;0000000324;;;;;;;;;
0;CLIENTE;Código Asesor (Tarifas Estiba);AsesorCaptacionID;22;TORRES ALAÑA PEDRO RAFAEL;n/a;n/a;0000000013;;;;;;;;;
0;CLIENTE;Código Asesor (Tarifas Estiba);AsesorCaptacionID;23;ESPINOZA MORA MARIA LISSETE;n/a;n/a;0000000407;;;;;;;;;
0;CLIENTE;Código Asesor (Tarifas Estiba);AsesorCaptacionID;24;SILVA CABRERA VANESSA LISSETTE;n/a;n/a;0000000462;;;;;;;;;
0;CLIENTE;Código Asesor (Tarifas Estiba);AsesorCaptacionID;25;MARTILLO NIETO FABIOLA ROSA;n/a;n/a;0000000464;;;;;;;;;
0;CLIENTE;Código Asesor (Tarifas Estiba);AsesorCaptacionID;26;AZUA CARVAJAL MARIA GABRIELA;n/a;n/a;0000000594;;;;;;;;;
0;CLIENTE;Código Asesor (Tarifas Estiba);AsesorCaptacionID;27;CUADRO ITURRALDE WALTER LUIS;n/a;n/a;0000000863;;;;;;;;;
0;CLIENTE;Código Asesor (Tarifas Estiba);AsesorCaptacionID;28;BASANTES PABON JORGE PATRICIO;n/a;n/a;0000000875;;;;;;;;;
0;CLIENTE;Código Asesor (Tarifas Estiba);AsesorCaptacionID;29;FIGUEROA CUERO CILIA ISABEL;n/a;n/a;0000001009;;;;;;;;;
0;CLIENTE;Código Asesor (Tarifas Estiba);AsesorCaptacionID;30;RUIZ BARZOLA ANTHONY ALEXANDER;n/a;n/a;0000001020;;;;;;;;;
0;CLIENTE;Código Asesor (Tarifas Estiba);AsesorCaptacionID;31;LOPEZ MACIAS BELLA BERENICE;n/a;n/a;0000000048;;;;;;;;;
0;CLIENTE;Código Asesor (Tarifas Estiba);AsesorCaptacionID;32;VILLAVICENCIO PESANTEZ DIANA ANTONELLA;n/a;n/a;0000001084;;;;;;;;;
0;CLIENTE;Código Asesor (Tarifas Estiba);AsesorCaptacionID;33;PARA FACTURACION;n/a;n/a;9999999996;;;;;;;;;
0;CLIENTE;Código (Serv. Adicionales Estiba);Código;1;HONORARIO SERVICIO DE MAQUINARIAS PARA DESCARGA;n/a;n/a;0000000218;;;;;;;;;
0;CLIENTE;Código (Serv. Adicionales Estiba);Código;2;HON. DE ESTIBA POR HORA;n/a;n/a;0000000222;;;;;;;;;
0;CLIENTE;Código (Serv. Adicionales Estiba);Código;3;HON. ALQUILER DE BODEGAJE;n/a;n/a;0000000223;;;;;;;;;
0;CLIENTE;Código (Serv. Adicionales Estiba);Código;4;CAJA SANITIZADA;n/a;n/a;0000000224;;;;;;;;;
0;CLIENTE;Código (Serv. Adicionales Estiba);Código;5;HONORARIO HORA/FRACCION ADICIONAL DURAN DIURNA;n/a;n/a;0000000225;;;;;;;;;
0;CLIENTE;Código (Serv. Adicionales Estiba);Código;6;HONORARIO HORA/FRACCIÓN ADICIONAL DURAN NOCTURNO;n/a;n/a;0000000226;;;;;;;;;
0;CLIENTE;Código (Serv. Adicionales Estiba);Código;7;HONORARIO ALQUILER DE YALE;n/a;n/a;0000000227;;;;;;;;;
0;CLIENTE;Código (Serv. Adicionales Estiba);Código;8;HONORARIO SUPERVISOR DE ESTIBAS;n/a;n/a;0000000228;;;;;;;;;
0;CLIENTE;Código (Serv. Adicionales Estiba);Código;9;HONORARIO ALQUILER DE MONTACARGAS;n/a;n/a;0000000230;;;;;;;;;
0;CLIENTE;Código (Serv. Adicionales Estiba);Código;10;HONORARIO COORDINACION DE TRANSPORTE;n/a;n/a;0000000231;;;;;;;;;
0;CLIENTE;Código (Serv. Adicionales Estiba);Código;11;REMBOLSO DE ESTIBA CARGA SUELTA;n/a;n/a;0000000232;;;;;;;;;
0;CLIENTE;Código (Serv. Adicionales Estiba);Código;12;Honorario Estiba por Semana;n/a;n/a;0000000233;;;;;;;;;
0;CLIENTE;Código (Serv. Adicionales Estiba);Código;13;SERVICIO DE SANITIZACION DE PALLETS;n/a;n/a;0000000234;;;;;;;;;
0;CLIENTE;Código (Serv. Adicionales Estiba);Código;14;REEMBOLSO COMPRA EQUIPO CELULAR;n/a;n/a;0000000235;;;;;;;;;
0;CLIENTE;Código (Serv. Adicionales Estiba);Código;15;HONORARIO POR MOVILIZACIÓN;n/a;n/a;0000000236;;;;;;;;;
0;CLIENTE;Código (Serv. Adicionales Estiba);Código;16;HONORARIO DE COORDINACION ALQUILER GRUA;n/a;n/a;0000000247;;;;;;;;;
0;CLIENTE;Código (Serv. Adicionales Estiba);Código;17;HONORARIO POR SERVICIO DE ETIQUETADO;n/a;n/a;0000000248;;;;;;;;;
0;CLIENTE;Código (Serv. Adicionales Estiba);Código;18;HONORARIO DE COORDINACION DE INSPECTOR DE CARGA;n/a;n/a;0000000237;;;;;;;;;
0;CLIENTE;Código (Serv. Adicionales Estiba);Código;19;GASTOS ADMINISTRATIVOS;n/a;n/a;0000000202;;;;;;;;;
0;CLIENTE;Código (Serv. Adicionales Estiba);Código;20;HON. ESTIBA POR HORA (FERIADO-F-SEMANA-NOCTUR);n/a;n/a;0000000212;;;;;;;;;
0;CLIENTE;Código (Serv. Adicionales Estiba);Código;21;ESTIBA DE CARGA SUELTA;n/a;n/a;0000000013;;;;;;;;;
0;CLIENTE;Código (Serv. Adicionales Estiba);Código;22;HON. ESTIBA NOCTURNA - FERIADO - FINES DE SEMANA;n/a;n/a;0000000206;;;;;;;;;
0;CLIENTE;Código (Serv. Adicionales Estiba);Código;23;EMBALAJE DE CARGA;n/a;n/a;0000000213;;;;;;;;;
0;CLIENTE;Código (Serv. Adicionales Estiba);Código;24;"Honorario Estiba Contenedor 40"" No Paletizado";n/a;n/a;0000000199;;;;;;;;;
0;CLIENTE;Código (Serv. Adicionales Estiba);Código;25;HONORARIO ESTIBA / INVENTARIO;n/a;n/a;0000000200;;;;;;;;;
0;CLIENTE;Código (Serv. Adicionales Estiba);Código;26;ESTIBA EN GUAYAQUIL;n/a;n/a;0000000100;;;;;;;;;
0;CLIENTE;Código (Serv. Adicionales Estiba);Código;27;ESTIBA EN  QTO.;n/a;n/a;0000000101;;;;;;;;;
0;CLIENTE;Código (Serv. Adicionales Estiba);Código;28;HON. ESTIBA POR HORA /FRACCION ADICIONAL DIURNA;n/a;n/a;0000000201;;;;;;;;;
0;CLIENTE;Código (Serv. Adicionales Estiba);Código;29;HON.ESTIBA HORA/FRAC.ADICIONAL NOCT/FERIADO/F SEM;n/a;n/a;0000000209;;;;;;;;;
0;CLIENTE;Código (Serv. Adicionales Estiba);Código;30;HONORARIO SERVICIO PALETIZACION (DIURNA);n/a;n/a;0000000210;;;;;;;;;
0;CLIENTE;Código (Serv. Adicionales Estiba);Código;31;HONORARIO DIURNO ESTIBA DE 1X20 CNTR;n/a;n/a;0000000068;;;;;;;;;
0;CLIENTE;Código (Serv. Adicionales Estiba);Código;32;HONORARIO SERVICIO PALETIZACION (NOCTURNA);n/a;n/a;0000000211;;;;;;;;;
0;CLIENTE;Código (Serv. Adicionales Estiba);Código;33;HONORARIO VERIFICACION DE CARGA;n/a;n/a;0000000214;;;;;;;;;
0;CLIENTE;Código (Serv. Adicionales Estiba);Código;34;HONORARIO ALQUILER DE CARRETILLA;n/a;n/a;0000000215;;;;;;;;;
0;CLIENTE;Código (Serv. Adicionales Estiba);Código;35;HONORARIO DIURNO ESTIBA DE  1X40 CNTR;n/a;n/a;0000000086;;;;;;;;;
0;CLIENTE;Código (Serv. Adicionales Estiba);Código;36;ESTIBA EN PLATAFORMA DE 12 METROS;n/a;n/a;0000000197;;;;;;;;;
0;CLIENTE;Código (Serv. Adicionales Estiba);Código;37;ESTIBADA - TRASBORDO;n/a;n/a;0000000069;;;;;;;;;
0;CLIENTE;Código (Serv. Adicionales Estiba);Código;38;HON. ESTIBA HORARIO ESPECIAL;n/a;n/a;0000000128;;;;;;;;;
0;CLIENTE;Código (Serv. Adicionales Estiba);Código;39;ECP-003 COMPUTADOR INTEL QTO;n/a;n/a;0000000204;;;;;;;;;
0;CLIENTE;Código (Serv. Adicionales Estiba);Código;40;NOTEBOOK HP;n/a;n/a;0000000238;;;;;;;;;
0;CLIENTE;Código (Serv. Adicionales Estiba);Código;41;EQUIPOS DE SEGURIDAD;n/a;n/a;0000000239;;;;;;;;;
0;CLIENTE;Código (Serv. Adicionales Estiba);Código;42;HONORARIO ESTIBA A DURAN;n/a;n/a;0000000203;;;;;;;;;
0;CLIENTE;Código (Serv. Adicionales Estiba);Código;43;ESTIBA DE AFORO;n/a;n/a;0000000195;;;;;;;;;
0;CLIENTE;Código (Serv. Adicionales Estiba);Código;44;"ESTIBA 20"" BABAHOYO";n/a;n/a;0000000198;;;;;;;;;
0;CLIENTE;Código (Serv. Adicionales Estiba);Código;45;GRAN VITARA 5P 4X2 DLX CHEVROLET;n/a;n/a;0000000205;;;;;;;;;
0;CLIENTE;Código (Serv. Adicionales Estiba);Código;46;FURGONETA  JAC HFC6591 PLACA GSN-7913;n/a;n/a;0000000246;;;;;;;;;
0;CLIENTE;Código (Serv. Adicionales Estiba);Código;47;GRAND VITARA SZ GRIS LONDON-SUZUKI GRM-0688;n/a;n/a;0000000249;;;;;;;;;
0;CLIENTE;Código (Serv. Adicionales Estiba);Código;48;EXPORTACION DE SERVICIOS;n/a;n/a;0000000221;;;;;;;;;
0;CLIENTE;Código (Serv. Adicionales Estiba);Código;49;ESTIBA TRASBORDO DE MERC;n/a;n/a;0000000117;;;;;;;;;
0;CLIENTE;Código (Serv. Adicionales Estiba);Código;50;HONORARIOS ESTIBA JORNADA POR DIA;n/a;n/a;0000000194;;;;;;;;;
0;CLIENTE;Código (Serv. Adicionales Estiba);Código;51;Honorario Estiba de Sacos;n/a;n/a;0000000216;;;;;;;;;
0;CLIENTE;Código (Serv. Adicionales Estiba);Código;52;HONORARIO SERVICIO DE ESTIBAJE DE 1X20 PLANTA DUR;n/a;n/a;0000000217;;;;;;;;;
0;CLIENTE;Código (Serv. Adicionales Estiba);Código;53;INSTALACION DE PERSIANAS EN OFICINA BUNKER;n/a;n/a;0000000240;;;;;;;;;
0;CLIENTE;Código (Serv. Adicionales Estiba);Código;54;INSTALACION DE SISTEMA DE SEGURIDAD EN OFICINA BUN;n/a;n/a;0000000241;;;;;;;;;
0;CLIENTE;Código (Serv. Adicionales Estiba);Código;55;AIRE ACOND DE VENTANA 24000 BTU LG-;n/a;n/a;0000000229;;;;;;;;;
0;CLIENTE;Código (Serv. Adicionales Estiba);Código;56;PANELERIA PISO TECHO - OFICINA BUNKER;n/a;n/a;0000000242;;;;;;;;;
0;CLIENTE;Código (Serv. Adicionales Estiba);Código;57;SEIS PUESTO DE TRABAJO OFICINA BUNKER;n/a;n/a;0000000243;;;;;;;;;
0;CLIENTE;Código (Serv. Adicionales Estiba);Código;58;MESA DE REUNION OFICINA BUNKER;n/a;n/a;0000000244;;;;;;;;;
0;CLIENTE;Código (Serv. Adicionales Estiba);Código;59;SILLAS MOVIBLES DE VISITA OFICINA BUNKER;n/a;n/a;0000000245;;;;;;;;;
0;CLIENTE;Código (Serv. Adicionales Estiba);Código;60;REEMBOLSO DE ESTIBA;n/a;n/a;0000000178;;;;;;;;;
0;CLIENTE;Código (Serv. Adicionales Estiba);Código;61;REEMBOLSO GASTOS VARIOS;n/a;n/a;0000000219;;;;;;;;;
0;CLIENTE;Código (Serv. Adicionales Estiba);Código;62;REEMBOLSO GASTOS VARIOS;n/a;n/a;0000000220;;;;;;;;;
0;CLIENTE;Código (Serv. Adicionales Estiba);Código;63;HONORARIOS NUEVA EMISION DE FACTURA;n/a;n/a;0000000208;;;;;;;;;
0;CLIENTE;Código (Serv. Adicionales Estiba);Código;64;HONORARIO TRINCADA DE CARGA;n/a;n/a;0000000207;;;;;;;;;
0;CLIENTE;Código (Serv. Adicionales Estiba);Código;65;ESTIBADA Y DESESTIBADA;n/a;n/a;0000000093;;;;;;;;;
0;CLIENTE;Código (Serv. Adicionales Estiba);Código;66;RELOJ DE MARCACION;n/a;n/a;0000000196;;;;;;;;;
0;CLIENTE;Código Asesor (Serv. Adicionales Estiba);VALIDAR CON T&T;1;SIN ASESOR;n/a;n/a;9999999999;;;;;;;;;
0;CLIENTE;Código Asesor (Serv. Adicionales Estiba);;2;AGENTE;n/a;n/a;9999999997;;;;;;;;;
0;CLIENTE;Código Asesor (Serv. Adicionales Estiba);;3;CIATEITE :: YCAZA ZEA MARIA FERNANDA;n/a;n/a;CIA0000339;;;;;;;;;
0;CLIENTE;Código Asesor (Serv. Adicionales Estiba);;4;CIATEITE :: MORETA TOMSICH FAUSTO ALVARO;n/a;n/a;CIA0000014;;;;;;;;;
0;CLIENTE;Código Asesor (Serv. Adicionales Estiba);;5;CIATEITE :: HERRERA PARRA CARLOS GEOVANNY;n/a;n/a;CIA0000945;;;;;;;;;
0;CLIENTE;Código Asesor (Serv. Adicionales Estiba);;6;FREEHAND;n/a;n/a;9999999998;;;;;;;;;
0;CLIENTE;Código Asesor (Serv. Adicionales Estiba);;7;TOLEPU :: ROMERO RUGEL KARINA PAOLA;n/a;n/a;0000000100;;;;;;;;;
0;CLIENTE;Código Asesor (Serv. Adicionales Estiba);;8;TOLEPU :: CAMACHO FLORES ISAAC ANDRES;n/a;n/a;0000000101;;;;;;;;;
0;CLIENTE;Código Asesor (Serv. Adicionales Estiba);;9;TOLEPU :: SALAZAR CARTAGENA LEYLA NATALIA;n/a;n/a;0000000116;;;;;;;;;
0;CLIENTE;Código Asesor (Serv. Adicionales Estiba);;10;TOLEPU :: AREVALO PASTUÑA ESTEFANIA ALEJANDRA;n/a;n/a;0000000127;;;;;;;;;
0;CLIENTE;Código Asesor (Serv. Adicionales Estiba);;11;TOLEPU :: SANCHEZ CRIOLLO MARIO DAVID;n/a;n/a;0000000128;;;;;;;;;
0;CLIENTE;Código Asesor (Serv. Adicionales Estiba);;12;TOLEPU :: HERNANDEZ OROCHENA FREDDY JOSE;n/a;n/a;0000000129;;;;;;;;;
0;CLIENTE;Código Asesor (Serv. Adicionales Estiba);;13;TOLEPU :: PANTALEON SALDAÑA ALLISON DENISSE;n/a;n/a;0000000133;;;;;;;;;
0;CLIENTE;Código Asesor (Serv. Adicionales Estiba);;14;TOLEPU :: ULLOA RODRÍGUEZ CINTHYA CAROLINA;n/a;n/a;0000000144;;;;;;;;;
0;CLIENTE;Código Asesor (Serv. Adicionales Estiba);;15;TOLEPU :: CUENCA RAMIREZ CHRISTYE MIREYA;n/a;n/a;0000000042;;;;;;;;;
0;CLIENTE;Código Asesor (Serv. Adicionales Estiba);;16;TOLEPU :: YU ANDRADE MAYLEN ESTEFANIA;n/a;n/a;0000000045;;;;;;;;;
0;CLIENTE;Código Asesor (Serv. Adicionales Estiba);;17;TOLEPU :: AVALOS MARTINEZ LORENA ALEXA;n/a;n/a;0000000075;;;;;;;;;
0;CLIENTE;Código Asesor (Serv. Adicionales Estiba);;18;MONTALVO ARCOS RUTH LORENA;n/a;n/a;0000000162;;;;;;;;;
0;CLIENTE;Código Asesor (Serv. Adicionales Estiba);;19;RODAS BENAVIDES FANNY AMALIA;n/a;n/a;0000000237;;;;;;;;;
0;CLIENTE;Código Asesor (Serv. Adicionales Estiba);;20;AULLA ALLAUCA MONICA ALEXANDRA;n/a;n/a;0000000289;;;;;;;;;
0;CLIENTE;Código Asesor (Serv. Adicionales Estiba);;21;HERRERA ZAMBRANO LORENA MARICELA;n/a;n/a;0000000324;;;;;;;;;
0;CLIENTE;Código Asesor (Serv. Adicionales Estiba);;22;TORRES ALAÑA PEDRO RAFAEL;n/a;n/a;0000000013;;;;;;;;;
0;CLIENTE;Código Asesor (Serv. Adicionales Estiba);;23;ESPINOZA MORA MARIA LISSETE;n/a;n/a;0000000407;;;;;;;;;
0;CLIENTE;Código Asesor (Serv. Adicionales Estiba);;24;SILVA CABRERA VANESSA LISSETTE;n/a;n/a;0000000462;;;;;;;;;
0;CLIENTE;Código Asesor (Serv. Adicionales Estiba);;25;MARTILLO NIETO FABIOLA ROSA;n/a;n/a;0000000464;;;;;;;;;
0;CLIENTE;Código Asesor (Serv. Adicionales Estiba);;26;AZUA CARVAJAL MARIA GABRIELA;n/a;n/a;0000000594;;;;;;;;;
0;CLIENTE;Código Asesor (Serv. Adicionales Estiba);;27;CUADRO ITURRALDE WALTER LUIS;n/a;n/a;0000000863;;;;;;;;;
0;CLIENTE;Código Asesor (Serv. Adicionales Estiba);;28;BASANTES PABON JORGE PATRICIO;n/a;n/a;0000000875;;;;;;;;;
0;CLIENTE;Código Asesor (Serv. Adicionales Estiba);;29;FIGUEROA CUERO CILIA ISABEL;n/a;n/a;0000001009;;;;;;;;;
0;CLIENTE;Código Asesor (Serv. Adicionales Estiba);;30;RUIZ BARZOLA ANTHONY ALEXANDER;n/a;n/a;0000001020;;;;;;;;;
0;CLIENTE;Código Asesor (Serv. Adicionales Estiba);;31;LOPEZ MACIAS BELLA BERENICE;n/a;n/a;0000000048;;;;;;;;;
0;CLIENTE;Código Asesor (Serv. Adicionales Estiba);;32;VILLAVICENCIO PESANTEZ DIANA ANTONELLA;n/a;n/a;0000001084;;;;;;;;;
0;CLIENTE;Código Asesor (Serv. Adicionales Estiba);;33;PARA FACTURACION;n/a;n/a;9999999996;;;;;;;;;
0;COTIZACIONES;División;DivisionID;1;AEREO;0000000001;n/a;n/a;;;;;;;;;
0;COTIZACIONES;División;DivisionID;2;OPERACIONES;0000000002;n/a;n/a;;;;;;;;;
0;COTIZACIONES;División;DivisionID;3;QUITO;0000000003;n/a;n/a;;;;;;;;;
0;COTIZACIONES;División;DivisionID;4;ADMINISTRATIVO;0000000004;n/a;n/a;;;;;;;;;
0;COTIZACIONES;División;DivisionID;5;EXPORTACIONES;0000000005;n/a;n/a;;;;;;;;;
0;COTIZACIONES;División;DivisionID;6;ASUNTOS Y DOCUMENTOS REGULATORIOS;0000000006;n/a;n/a;;;;;;;;;
0;COTIZACIONES;División;DivisionID;7;COMERCIALIZACION Y VENTAS;0000000007;n/a;n/a;;;;;;;;;
0;COTIZACIONES;División;DivisionID;8;TULCAN;0000000008;n/a;n/a;;;;;;;;;
0;COTIZACIONES;División;DivisionID;9;HUAQUILLAS;0000000009;n/a;n/a;;;;;;;;;
0;COTIZACIONES;División;DivisionID;10;LEGAL;0000000010;n/a;n/a;;;;;;;;;
0;COTIZACIONES;División;DivisionID;11;SAC Y FIDELIZACION;0000000011;n/a;n/a;;;;;;;;;
0;COTIZACIONES;División;DivisionID;12;PROCESOS Y EXCELENCIA;0000000012;n/a;n/a;;;;;;;;;
0;COTIZACIONES;División;DivisionID;13;REGIMENES ESPECIALES;0000000013;n/a;n/a;;;;;;;;;
0;COTIZACIONES;División;DivisionID;14;OUTSOURCING / INHOUSE;0000000014;n/a;n/a;;;;;;;;;
0;COTIZACIONES;División;DivisionID;15;INNOVACION;0000000015;n/a;n/a;;;;;;;;;
0;COTIZACIONES;División;DivisionID;16;ASESORIA TECNICA;0000000016;n/a;n/a;;;;;;;;;
0;COTIZACIONES;Asesor Comercial;VALIDAR CON T&T: CUAL CORRESPONDE A TARIFA Y CUAL A COTIZACIÓN;;SIN ASESOR;9999999999;n/a;n/a;;;;;;;;;
0;COTIZACIONES;Asesor Comercial;;;AGENTE;9999999997;n/a;n/a;;;;;;;;;
0;COTIZACIONES;Asesor Comercial;;;CIATEITE :: YCAZA ZEA MARIA FERNANDA;CIA0000339;n/a;n/a;;;;;;;;;
0;COTIZACIONES;Asesor Comercial;;;CIATEITE :: MORETA TOMSICH FAUSTO ALVARO;CIA0000014;n/a;n/a;;;;;;;;;
0;COTIZACIONES;Asesor Comercial;;;CIATEITE :: HERRERA PARRA CARLOS GEOVANNY;CIA0000945;n/a;n/a;;;;;;;;;
0;COTIZACIONES;Asesor Comercial;;;FREEHAND;9999999998;n/a;n/a;;;;;;;;;
0;COTIZACIONES;Asesor Comercial;;;TOLEPU :: ROMERO RUGEL KARINA PAOLA;0000000100;n/a;n/a;;;;;;;;;
0;COTIZACIONES;Asesor Comercial;;;TOLEPU :: CAMACHO FLORES ISAAC ANDRES;0000000101;n/a;n/a;;;;;;;;;
0;COTIZACIONES;Asesor Comercial;;;TOLEPU :: SALAZAR CARTAGENA LEYLA NATALIA;0000000116;n/a;n/a;;;;;;;;;
0;COTIZACIONES;Asesor Comercial;;;TOLEPU :: AREVALO PASTUÑA ESTEFANIA ALEJANDRA;0000000127;n/a;n/a;;;;;;;;;
0;COTIZACIONES;Asesor Comercial;;;TOLEPU :: SANCHEZ CRIOLLO MARIO DAVID;0000000128;n/a;n/a;;;;;;;;;
0;COTIZACIONES;Asesor Comercial;;;TOLEPU :: HERNANDEZ OROCHENA FREDDY JOSE;0000000129;n/a;n/a;;;;;;;;;
0;COTIZACIONES;Asesor Comercial;;;TOLEPU :: PANTALEON SALDAÑA ALLISON DENISSE;0000000133;n/a;n/a;;;;;;;;;
0;COTIZACIONES;Asesor Comercial;;;TOLEPU :: ULLOA RODRÍGUEZ CINTHYA CAROLINA;0000000144;n/a;n/a;;;;;;;;;
0;COTIZACIONES;Asesor Comercial;;;TOLEPU :: CUENCA RAMIREZ CHRISTYE MIREYA;0000000042;n/a;n/a;;;;;;;;;
0;COTIZACIONES;Asesor Comercial;;;TOLEPU :: YU ANDRADE MAYLEN ESTEFANIA;0000000045;n/a;n/a;;;;;;;;;
0;COTIZACIONES;Asesor Comercial;;;TOLEPU :: AVALOS MARTINEZ LORENA ALEXA;0000000075;n/a;n/a;;;;;;;;;
0;COTIZACIONES;Asesor Comercial;;;MONTALVO ARCOS RUTH LORENA;0000000162;n/a;n/a;;;;;;;;;
0;COTIZACIONES;Asesor Comercial;;;RODAS BENAVIDES FANNY AMALIA;0000000237;n/a;n/a;;;;;;;;;
0;COTIZACIONES;Asesor Comercial;;;AULLA ALLAUCA MONICA ALEXANDRA;0000000289;n/a;n/a;;;;;;;;;
0;COTIZACIONES;Asesor Comercial;;;HERRERA ZAMBRANO LORENA MARICELA;0000000324;n/a;n/a;;;;;;;;;
0;COTIZACIONES;Asesor Comercial;;;TORRES ALAÑA PEDRO RAFAEL;0000000013;n/a;n/a;;;;;;;;;
0;COTIZACIONES;Asesor Comercial;;;ESPINOZA MORA MARIA LISSETE;0000000407;n/a;n/a;;;;;;;;;
0;COTIZACIONES;Asesor Comercial;;;SILVA CABRERA VANESSA LISSETTE;0000000462;n/a;n/a;;;;;;;;;
0;COTIZACIONES;Asesor Comercial;;;MARTILLO NIETO FABIOLA ROSA;0000000464;n/a;n/a;;;;;;;;;
0;COTIZACIONES;Asesor Comercial;;;AZUA CARVAJAL MARIA GABRIELA;0000000594;n/a;n/a;;;;;;;;;
0;COTIZACIONES;Asesor Comercial;;;CUADRO ITURRALDE WALTER LUIS;0000000863;n/a;n/a;;;;;;;;;
0;COTIZACIONES;Asesor Comercial;;;BASANTES PABON JORGE PATRICIO;0000000875;n/a;n/a;;;;;;;;;
0;COTIZACIONES;Asesor Comercial;;;FIGUEROA CUERO CILIA ISABEL;0000001009;n/a;n/a;;;;;;;;;
0;COTIZACIONES;Asesor Comercial;;;RUIZ BARZOLA ANTHONY ALEXANDER;0000001020;n/a;n/a;;;;;;;;;
0;COTIZACIONES;Asesor Comercial;;;LOPEZ MACIAS BELLA BERENICE;0000000048;n/a;n/a;;;;;;;;;
0;COTIZACIONES;Asesor Comercial;;;VILLAVICENCIO PESANTEZ DIANA ANTONELLA;0000001084;n/a;n/a;;;;;;;;;
0;COTIZACIONES;Asesor Comercial;;;PARA FACTURACION;9999999996;n/a;n/a;;;;;;;;;
0;COTIZACIONES;Código (Honorario);VALIDAR CON T&T;1;REGISTRO ANTE EL INEN;0000000700;n/a;n/a;;;;;;;;;
0;COTIZACIONES;Código (Honorario);;2;RECUPERACION CHEQUE DE GARNTIA;0000000705;n/a;n/a;;;;;;;;;
0;COTIZACIONES;Código (Honorario);;3;HON. OBTENCION DE CERTIFICADO CONSEP;0000000717;n/a;n/a;;;;;;;;;
0;COTIZACIONES;Código (Honorario);;4;HONORARIO SALIDA DE CARGA NO EXPORTADA;0000000352;n/a;n/a;;;;;;;;;
0;COTIZACIONES;Código (Honorario);;5;HONARARIO AGENCIAMIENTO DE ADUANA / MUESTRA;0000000356;n/a;n/a;;;;;;;;;
0;COTIZACIONES;Código (Honorario);;6;HONORARIO REGISTRO IMPORTADOR INEN;0000000693;n/a;n/a;;;;;;;;;
0;COTIZACIONES;Código (Honorario);;7;HON. GESTION DE PAGO DE MULTAS EN ADUANA;0000000722;n/a;n/a;;;;;;;;;
0;COTIZACIONES;Código (Honorario);;8;HON. ZONA FRANCA - TRANSITO ADUANERO AECON-AG IVA;0000000714;n/a;n/a;;;;;;;;;
0;COTIZACIONES;Código (Honorario);;9;PLUMAS Y PUBLICIDAD;0000000299;n/a;n/a;;;;;;;;;
0;COTIZACIONES;Código (Honorario);;10;HONORARIO OBTENCION AUTORIZACION PREVIA MTOP;0000000393;n/a;n/a;;;;;;;;;
0;COTIZACIONES;Código (Honorario);;11;ASESORIA TECNICA;0000000054;n/a;n/a;;;;;;;;;
0;COTIZACIONES;Código (Honorario);;12;HONORARIO AUTORIZACION PREVIA;0000000063;n/a;n/a;;;;;;;;;
0;COTIZACIONES;Código (Honorario);;13;HONORARIO CAMBIO DE REGIMEN;0000000051;n/a;n/a;;;;;;;;;
0;COTIZACIONES;Código (Honorario);;14;HONORARIO CANCELACION DE GARANTIA;0000000017;n/a;n/a;;;;;;;;;
0;COTIZACIONES;Código (Honorario);;15;HONORARIO CERTIFICADO DE MATRICULA;0000000029;n/a;n/a;;;;;;;;;
0;COTIZACIONES;Código (Honorario);;16;HONORARIO CONTENEDORES ADICIONALES;0000000055;n/a;n/a;;;;;;;;;
0;COTIZACIONES;Código (Honorario);;17;HONORARIO CUSTODIA Y RECEPCIO                    ;0000000015;n/a;n/a;;;;;;;;;
0;COTIZACIONES;Código (Honorario);;18;HONORARIO AGENCIAMIENTO DE ADUANA  CARGA SUELTA;0000000061;n/a;n/a;;;;;;;;;
0;COTIZACIONES;Código (Honorario);;19;HONORARIO AGENCIAMIENTO DE ADUANA CONTENEDOR;0000000062;n/a;n/a;;;;;;;;;
0;COTIZACIONES;Código (Honorario);;20;HON. ELABORACION CERTIFICADO;0000000060;n/a;n/a;;;;;;;;;
0;COTIZACIONES;Código (Honorario);;21;HONORARIO AGENCIAMIENTO DE ADUANA PTO BOLIVAR;0000000517;n/a;n/a;;;;;;;;;
0;COTIZACIONES;Código (Honorario);;22;HONORARIOS POR USO DE RED COMERCIAL;0000000646;n/a;n/a;;;;;;;;;
0;COTIZACIONES;Código (Honorario);;23;HONORARIO ELABORACION DAV ADI;0000000058;n/a;n/a;;;;;;;;;
0;COTIZACIONES;Código (Honorario);;24;HON. AGENCIAMIENTO DE ADUANA CARGA CONSOLIDADA;0000000688;n/a;n/a;;;;;;;;;
0;COTIZACIONES;Código (Honorario);;25;HONORARIO ELABORACION DE FORMATOS;0000000059;n/a;n/a;;;;;;;;;
0;COTIZACIONES;Código (Honorario);;26;HONORARIO EXPORTACION GUAYAQUIL;0000000016;n/a;n/a;;;;;;;;;
0;COTIZACIONES;Código (Honorario);;27;COORDINACION DE EMISION POLIZAS;0000000074;n/a;n/a;;;;;;;;;
0;COTIZACIONES;Código (Honorario);;28;PROCESO OPERATIVO DE SEGURIDAD;0000000702;n/a;n/a;;;;;;;;;
0;COTIZACIONES;Código (Honorario);;29;HONORARIO CERTIFICACION CHEQUES;0000000190;n/a;n/a;;;;;;;;;
0;COTIZACIONES;Código (Honorario);;30;HONORARIO RE-EXPORTACION;0000000066;n/a;n/a;;;;;;;;;
0;COTIZACIONES;Código (Honorario);;31;HONORARIO REEMBARQUE;0000000065;n/a;n/a;;;;;;;;;
0;COTIZACIONES;Código (Honorario);;32;HONORARIO REGISTRO DE IMPORT;0000000036;n/a;n/a;;;;;;;;;
0;COTIZACIONES;Código (Honorario);;33;HONOR. OFICIO NO CONTROLADO  AGROCALIDAD;0000000078;n/a;n/a;;;;;;;;;
0;COTIZACIONES;Código (Honorario);;34;HONORARIO AGENCIAMIENTO DE ADUANA  AEREO;0000000544;n/a;n/a;;;;;;;;;
0;COTIZACIONES;Código (Honorario);;35;HONORARIO TRAMITE LEGAL;0000000053;n/a;n/a;;;;;;;;;
0;COTIZACIONES;Código (Honorario);;36;HONORARIO AUTOR. PREVIA ADIC.;0000000081;n/a;n/a;;;;;;;;;
0;COTIZACIONES;Código (Honorario);;37;HONORARIO OBTENCION CERTIFICADO INEN;0000000090;n/a;n/a;;;;;;;;;
0;COTIZACIONES;Código (Honorario);;38;HON. AGENCIAMIENTO DE ADUANA AEREO GUAYAQUIL;0000000091;n/a;n/a;;;;;;;;;
0;COTIZACIONES;Código (Honorario);;39;HON. DE REIMPORTACION DE CARGA EXPORTADA A CONSUMO;0000000093;n/a;n/a;;;;;;;;;
0;COTIZACIONES;Código (Honorario);;40;HONORARIO DESPACHO GRANELES                       ;0000000094;n/a;n/a;;;;;;;;;
0;COTIZACIONES;Código (Honorario);;41;HONORARIO AGENCIAMIENTO DE ADUANA;0000000095;n/a;n/a;;;;;;;;;
0;COTIZACIONES;Código (Honorario);;42;HONORARIO AGENCIAMIENTO DE ADUANA TULCAN;0000000395;n/a;n/a;;;;;;;;;
0;COTIZACIONES;Código (Honorario);;43;HONORARIO COOORDINACION DE REGISTRO SANITARIO;0000000501;n/a;n/a;;;;;;;;;
0;COTIZACIONES;Código (Honorario);;44;HONORARIO REGIMEN 70 VEHICULO;0000000097;n/a;n/a;;;;;;;;;
0;COTIZACIONES;Código (Honorario);;45;HONORARIO REGIMEN 70- VEHIC ADICIONAL;0000000098;n/a;n/a;;;;;;;;;
0;COTIZACIONES;Código (Honorario);;46;HON. AGENCIAMIENTO DE ADUANA MARITIMO;0000000105;n/a;n/a;;;;;;;;;
0;COTIZACIONES;Código (Honorario);;47;HONORARIO REGIMEN ADMISION TEMPORAL;0000000106;n/a;n/a;;;;;;;;;
0;COTIZACIONES;Código (Honorario);;48;HONORARIO REGIMEN EXPORT.TEMPORAL;0000000107;n/a;n/a;;;;;;;;;
0;COTIZACIONES;Código (Honorario);;49;HONORARIO EXPORTACION TEMPORAL;0000000521;n/a;n/a;;;;;;;;;
0;COTIZACIONES;Código (Honorario);;50;HONORARIO DESPACHO MAXIMO;0000000112;n/a;n/a;;;;;;;;;
0;COTIZACIONES;Código (Honorario);;51;HONORARIO LEVANTE GARANTIA                        ;0000000115;n/a;n/a;;;;;;;;;
0;COTIZACIONES;Código (Honorario);;52;HONORARIO RENOVACION GARANTIA;0000000116;n/a;n/a;;;;;;;;;
0;COTIZACIONES;Código (Honorario);;53;HONORARIO ELABORACION DOC.PREVIA;0000000117;n/a;n/a;;;;;;;;;
0;COTIZACIONES;Código (Honorario);;54;HONORARIO APROBACION CESION DE TITULARIDAD;0000000118;n/a;n/a;;;;;;;;;
0;COTIZACIONES;Código (Honorario);;55;HONORARIO CESION DE DERECHOS;0000000120;n/a;n/a;;;;;;;;;
0;COTIZACIONES;Código (Honorario);;56;HONORARIO REGIMEN TRANSITO;0000000122;n/a;n/a;;;;;;;;;
0;COTIZACIONES;Código (Honorario);;57;HONORARIO VEHICULO ADICIONAL;0000000124;n/a;n/a;;;;;;;;;
0;COTIZACIONES;Código (Honorario);;58;HONORARIO REGIMENES ESPECIALES;0000000162;n/a;n/a;;;;;;;;;
0;COTIZACIONES;Código (Honorario);;59;Honorario por Negociacion N/C;0000000138;n/a;n/a;;;;;;;;;
0;COTIZACIONES;Código (Honorario);;60;HONORARIO REGIMEN ZONA FRANCA;0000000141;n/a;n/a;;;;;;;;;
0;COTIZACIONES;Código (Honorario);;61;HONORARIO DESADUANAMIENTO DIRECTO;0000000143;n/a;n/a;;;;;;;;;
0;COTIZACIONES;Código (Honorario);;62;HONORARIO COORDINACION DE TRANSPORTE;0000000144;n/a;n/a;;;;;;;;;
0;COTIZACIONES;Código (Honorario);;63;HON. AGENCIAMIENTO DE ADUANA  AEREO QUITO;0000000145;n/a;n/a;;;;;;;;;
0;COTIZACIONES;Código (Honorario);;64;HONORARIO MENAJE CASA;0000000148;n/a;n/a;;;;;;;;;
0;COTIZACIONES;Código (Honorario);;65;HONORARIO TRASBORDO;0000000146;n/a;n/a;;;;;;;;;
0;COTIZACIONES;Código (Honorario);;66;HONORARIO DESCARGA DIRECTA;0000000159;n/a;n/a;;;;;;;;;
0;COTIZACIONES;Código (Honorario);;67;HONORARIO TRANSFERENCIA DE DOMINIO;0000000151;n/a;n/a;;;;;;;;;
0;COTIZACIONES;Código (Honorario);;68;HONORARIO DEP.INDUSTRIAL FISCALIZACION;0000000160;n/a;n/a;;;;;;;;;
0;COTIZACIONES;Código (Honorario);;69;HONORARIO ELABORACION DOCUMENTO;0000000163;n/a;n/a;;;;;;;;;
0;COTIZACIONES;Código (Honorario);;70;HONORARIO EXONERACION TRIBUTOS;0000000233;n/a;n/a;;;;;;;;;
0;COTIZACIONES;Código (Honorario);;71;HONORARIO AUTORIZACION RETIRO DE CONTENEDOR;0000000155;n/a;n/a;;;;;;;;;
0;COTIZACIONES;Código (Honorario);;72;HONORARIO REGIMEN DEPOSITO ADUANERO;0000000170;n/a;n/a;;;;;;;;;
0;COTIZACIONES;Código (Honorario);;73;HONORARIO DESADUANIZACION VEHICULO;0000000171;n/a;n/a;;;;;;;;;
0;COTIZACIONES;Código (Honorario);;74;HONORARIO REGIMEN DEPOSITO INDUSTRIAL;0000000198;n/a;n/a;;;;;;;;;
0;COTIZACIONES;Código (Honorario);;75;TRINCADA DE VEHICULO;0000000229;n/a;n/a;;;;;;;;;
0;COTIZACIONES;Código (Honorario);;76;HONORARIO DONACION;0000000234;n/a;n/a;;;;;;;;;
0;COTIZACIONES;Código (Honorario);;77;HONORARIO MOVILIZACION DIRECTA;0000000231;n/a;n/a;;;;;;;;;
0;COTIZACIONES;Código (Honorario);;78;HONORARIO TRASBORDO CONTENEDOR ADICIONAL;0000000362;n/a;n/a;;;;;;;;;
0;COTIZACIONES;Código (Honorario);;79;Hon. por sustentación de clasificación arancelaria;0000000363;n/a;n/a;;;;;;;;;
0;COTIZACIONES;Código (Honorario);;80;HONORARIO PROVIDENCIA RETIRO CONTENEDORES VACIOS;0000000364;n/a;n/a;;;;;;;;;
0;COTIZACIONES;Código (Honorario);;81;Coordinación Servicio de Mensajería;0000000365;n/a;n/a;;;;;;;;;
0;COTIZACIONES;Código (Honorario);;82;HONORARIO ACTUALIZACION DE INFORMACION;0000000390;n/a;n/a;;;;;;;;;
0;COTIZACIONES;Código (Honorario);;83;HON.LIQUIDACION Y PAGO DE ALICUOTAS;0000000391;n/a;n/a;;;;;;;;;
0;COTIZACIONES;Código (Honorario);;84;HON.PRORROGA Y RENOVACION DE GARANTIA;0000000392;n/a;n/a;;;;;;;;;
0;COTIZACIONES;Código (Honorario);;85;HONORARIO EMISION GARANTIA;0000000235;n/a;n/a;;;;;;;;;
0;COTIZACIONES;Código (Honorario);;86;HONORARIO AUTORIZACION PREVIA/SALUD;0000000394;n/a;n/a;;;;;;;;;
0;COTIZACIONES;Código (Honorario);;87;Honorario Asesoria Legal;0000000166;n/a;n/a;;;;;;;;;
0;COTIZACIONES;Código (Honorario);;88;HONORARIO AGENCIAMIENTO DE ADUANA TERRESTRE;0000000678;n/a;n/a;;;;;;;;;
0;COTIZACIONES;Código (Honorario);;89;HONORARIO DESPACHO MINIMO;0000000131;n/a;n/a;;;;;;;;;
0;COTIZACIONES;Código (Honorario);;90;HONORARIO ELAB.DUI MAS 6 PARTIDAS;0000000132;n/a;n/a;;;;;;;;;
0;COTIZACIONES;Código (Honorario);;91;HONORARIO SOLICITUD A DEPOSITO COMERCIAL;0000000135;n/a;n/a;;;;;;;;;
0;COTIZACIONES;Código (Honorario);;92;HONORARIO ELABORACIÓN DUI;0000000318;n/a;n/a;;;;;;;;;
0;COTIZACIONES;Código (Honorario);;93;HONORARIO INTERESES;0000000140;n/a;n/a;;;;;;;;;
0;COTIZACIONES;Código (Honorario);;94;HONORARIO TRAMITE NOTARIZACION DE DOCUMENTO;0000000149;n/a;n/a;;;;;;;;;
0;COTIZACIONES;Código (Honorario);;95;HONORARIO COORDINACION AFORO;0000000150;n/a;n/a;;;;;;;;;
0;COTIZACIONES;Código (Honorario);;96;HONORARIO ACEPTACION AL REGIMEN;0000000152;n/a;n/a;;;;;;;;;
0;COTIZACIONES;Código (Honorario);;97;HONORARIO ACEPTACION DE GARANTIA;0000000153;n/a;n/a;;;;;;;;;
0;COTIZACIONES;Código (Honorario);;98;HONORARIO CONSULTA TECNICA;0000000154;n/a;n/a;;;;;;;;;
0;COTIZACIONES;Código (Honorario);;99;HONORARIO LEVANTE DE ABANDONO;0000000157;n/a;n/a;;;;;;;;;
0;COTIZACIONES;Código (Honorario);;100;HON DECLARACION DE REIMPORTACION;0000000706;n/a;n/a;;;;;;;;;
0;COTIZACIONES;Código (Honorario);;101;HONORARIO CUADRILLA;0000000168;n/a;n/a;;;;;;;;;
0;COTIZACIONES;Código (Honorario);;102;HONORARIO ESTIBA;0000000192;n/a;n/a;;;;;;;;;
0;COTIZACIONES;Código (Honorario);;103;HONORARIO PRORROGA DE PERMANENCIA;0000000194;n/a;n/a;;;;;;;;;
0;COTIZACIONES;Código (Honorario);;104;HONORARIO DESPACHO MOTO;0000000123;n/a;n/a;;;;;;;;;
0;COTIZACIONES;Código (Honorario);;105;HONORARIO CORRECCION PROVIDENCIA;0000000173;n/a;n/a;;;;;;;;;
0;COTIZACIONES;Código (Honorario);;106;HONORARIO SUPERVISION EMBARQUE;0000000174;n/a;n/a;;;;;;;;;
0;COTIZACIONES;Código (Honorario);;107;HONORARIO INEN ADICIONAL;0000000176;n/a;n/a;;;;;;;;;
0;COTIZACIONES;Código (Honorario);;108;IMPORT TEMPORAL CON REEXPORT MISMO ESTADO;0000000178;n/a;n/a;;;;;;;;;
0;COTIZACIONES;Código (Honorario);;109;HONORARIO COORDINACION DE ENVIO DE DOCUMENTOS;0000000179;n/a;n/a;;;;;;;;;
0;COTIZACIONES;Código (Honorario);;110;HONORARIO COMISIONES;0000000246;n/a;n/a;;;;;;;;;
0;COTIZACIONES;Código (Honorario);;111;HONORARIO DAS DECLARACION ADUANERA SIMPLIFICADA;0000000180;n/a;n/a;;;;;;;;;
0;COTIZACIONES;Código (Honorario);;112;HONORARIO REGIMEN FERIA INTERNACIONAL;0000000181;n/a;n/a;;;;;;;;;
0;COTIZACIONES;Código (Honorario);;113;HONORARIO PERMISO DIGMER,PASAVANTE,ZARPE,DESVARE;0000000182;n/a;n/a;;;;;;;;;
0;COTIZACIONES;Código (Honorario);;114;HON. OBTENCION LICENCIA DE IMPORTACION MIPRO;0000000689;n/a;n/a;;;;;;;;;
0;COTIZACIONES;Código (Honorario);;115;Hon. Hoja Adicional (Minuta Dec. Juramentada);0000000185;n/a;n/a;;;;;;;;;
0;COTIZACIONES;Código (Honorario);;116;HONORARIO JUSTIFCACION DOCUMENTOS;0000000186;n/a;n/a;;;;;;;;;
0;COTIZACIONES;Código (Honorario);;117;ASESORIA EN COMERCIO EXTERIOR;0000000187;n/a;n/a;;;;;;;;;
0;COTIZACIONES;Código (Honorario);;118;HON. COORDINACION INSP. ANTINARCOTICO;0000000188;n/a;n/a;;;;;;;;;
0;COTIZACIONES;Código (Honorario);;119;HONORARIO POR GESTIÓN DE PAGO INEN;0000000212;n/a;n/a;;;;;;;;;
0;COTIZACIONES;Código (Honorario);;120;HONORARIO EXPORTACION DE SERVICIOS;0000000217;n/a;n/a;;;;;;;;;
0;COTIZACIONES;Código (Honorario);;121;HONORARIO REGISTRO MODELO VEHICULO EN EL SRI;0000000218;n/a;n/a;;;;;;;;;
0;COTIZACIONES;Código (Honorario);;122;HONORARIO FIRMA QUIMICO/VETERINARIO;0000000227;n/a;n/a;;;;;;;;;
0;COTIZACIONES;Código (Honorario);;123;HONORARIO TRAMITE DESPERDICIOS;0000000228;n/a;n/a;;;;;;;;;
0;COTIZACIONES;Código (Honorario);;124;HONORARIO CORRECION CERT.MATRICULA;0000000236;n/a;n/a;;;;;;;;;
0;COTIZACIONES;Código (Honorario);;125;HONORARIO ELAB.NOTA DE PEDIDO;0000000216;n/a;n/a;;;;;;;;;
0;COTIZACIONES;Código (Honorario);;126;HONORARIO REESTIBA;0000000219;n/a;n/a;;;;;;;;;
0;COTIZACIONES;Código (Honorario);;127;HONORARIO REESTIBA CONTENEDOR ADIC;0000000220;n/a;n/a;;;;;;;;;
0;COTIZACIONES;Código (Honorario);;128;HONORARIO CORRECCION MANIFIESTO;0000000222;n/a;n/a;;;;;;;;;
0;COTIZACIONES;Código (Honorario);;129;HONORARIO DESPACHO GRANELES ADICIONAL;0000000223;n/a;n/a;;;;;;;;;
0;COTIZACIONES;Código (Honorario);;130;AUSPICIO SEMINARIO PARA DIRECTIVOS;0000000226;n/a;n/a;;;;;;;;;
0;COTIZACIONES;Código (Honorario);;131;HONORARIO DESTRUCCION DE DESPERDICIOS;0000000230;n/a;n/a;;;;;;;;;
0;COTIZACIONES;Código (Honorario);;132;HON. ELAB. DOCUMENTO PREVIO DE 0 HASTA 100 ITEMS;0000000238;n/a;n/a;;;;;;;;;
0;COTIZACIONES;Código (Honorario);;133;HON. ELABORACION DOCUMENTO PREVIO DE 101 HASTA 300;0000000239;n/a;n/a;;;;;;;;;
0;COTIZACIONES;Código (Honorario);;134;HON.ELABORACION DOCUMENTO PREVIO DE 301 HASTA 600;0000000240;n/a;n/a;;;;;;;;;
0;COTIZACIONES;Código (Honorario);;135;HON.ELABORACION DOCUMENTO PREVIO MAS DE 601 ITEMS;0000000241;n/a;n/a;;;;;;;;;
0;COTIZACIONES;Código (Honorario);;136;HONORARIO FORMULARIOS DUI y/o FUE;0000000242;n/a;n/a;;;;;;;;;
0;COTIZACIONES;Código (Honorario);;137;HONORARIO CONTENEDOR REFRIGERADO;0000000250;n/a;n/a;;;;;;;;;
0;COTIZACIONES;Código (Honorario);;138;HONORARIO REGIMEN ALMACEN LIBRE;0000000257;n/a;n/a;;;;;;;;;
0;COTIZACIONES;Código (Honorario);;139;HONORARIO JUSTIFICACION DE DOCUMENTOS;0000000260;n/a;n/a;;;;;;;;;
0;COTIZACIONES;Código (Honorario);;140;HONORARIO SOL. AUTORIZACION IMP. TEMPORAL;0000000261;n/a;n/a;;;;;;;;;
0;COTIZACIONES;Código (Honorario);;141;HONORARIO SELLO DE CONTENEDOR;0000000262;n/a;n/a;;;;;;;;;
0;COTIZACIONES;Código (Honorario);;142;HONORARIO DESPACHO CONTENEDOR;0000000263;n/a;n/a;;;;;;;;;
0;COTIZACIONES;Código (Honorario);;143;HONORARIO INSPECCIÓN POR SELLOS O PESO;0000000264;n/a;n/a;;;;;;;;;
0;COTIZACIONES;Código (Honorario);;144;HONORARIO REEMBARQUE CON TRASLADO;0000000265;n/a;n/a;;;;;;;;;
0;COTIZACIONES;Código (Honorario);;145;HONORARIO REEXPORTACIÓN;0000000267;n/a;n/a;;;;;;;;;
0;COTIZACIONES;Código (Honorario);;146;HONORARIO DE TRÁMITE URGENTE;0000000268;n/a;n/a;;;;;;;;;
0;COTIZACIONES;Código (Honorario);;147;GENERACION DE SOLICITUD EN EL VUE;0000000272;n/a;n/a;;;;;;;;;
0;COTIZACIONES;Código (Honorario);;148;HONORARIO CONCILIACIÓN SALDOS DEP. INDUSTRIAL;0000000273;n/a;n/a;;;;;;;;;
0;COTIZACIONES;Código (Honorario);;149;HONORARIO APROBACIÓN DUI / FUE;0000000275;n/a;n/a;;;;;;;;;
0;COTIZACIONES;Código (Honorario);;150;HONORARIO REGULARIZACIÓN PRODUCTOS;0000000278;n/a;n/a;;;;;;;;;
0;COTIZACIONES;Código (Honorario);;151;HONORARIO RE-IMPORTACIÓN;0000000280;n/a;n/a;;;;;;;;;
0;COTIZACIONES;Código (Honorario);;152;HONORARIO NACIONALIZACIÓN DEPOSITO ADUANERO;0000000282;n/a;n/a;;;;;;;;;
0;COTIZACIONES;Código (Honorario);;153;HONORARIO DE NACIONALIZACIÓN DEPOSITO INDUSTRIAL;0000000284;n/a;n/a;;;;;;;;;
0;COTIZACIONES;Código (Honorario);;154;HONORARIO ELABORACION DOCUMENTACIÓN PREVIA;0000000285;n/a;n/a;;;;;;;;;
0;COTIZACIONES;Código (Honorario);;155;HONORARIO DE ESTIBA DE AFORO;0000000286;n/a;n/a;;;;;;;;;
0;COTIZACIONES;Código (Honorario);;156;HONORARIO ETIQUETADO;0000000287;n/a;n/a;;;;;;;;;
0;COTIZACIONES;Código (Honorario);;157;HONORARIO ANULACION DE REEXPORTACIÓN;0000000289;n/a;n/a;;;;;;;;;
0;COTIZACIONES;Código (Honorario);;158;HONOR. PRESENTACIÓN INF. AUD. INTER. TEMP;0000000295;n/a;n/a;;;;;;;;;
0;COTIZACIONES;Código (Honorario);;159;HONORARIO POR DEVOLUCION DE MERCANCIAS AL EXTERIOR;0000000296;n/a;n/a;;;;;;;;;
0;COTIZACIONES;Código (Honorario);;160;HONORARIO RÉGIMEN 85;0000000298;n/a;n/a;;;;;;;;;
0;COTIZACIONES;Código (Honorario);;161;HONORARIO GENERACIÓN DE MATRIZ;0000000301;n/a;n/a;;;;;;;;;
0;COTIZACIONES;Código (Honorario);;162;HONORARIO COORDINACION DE ALMACENAMIENTO;0000000303;n/a;n/a;;;;;;;;;
0;COTIZACIONES;Código (Honorario);;163;HON. AGENCIAMIENTO DE ADUANA CONTENEDOR TERRESTRE;0000000304;n/a;n/a;;;;;;;;;
0;COTIZACIONES;Código (Honorario);;164;HONORARIO DESPACHO CARGA SUELTA TERRESTRE;0000000305;n/a;n/a;;;;;;;;;
0;COTIZACIONES;Código (Honorario);;165;HONORARIO COMPENSACIÓN DE EXPORTACIÓN;0000000319;n/a;n/a;;;;;;;;;
0;COTIZACIONES;Código (Honorario);;166;HONORARIO REGISTRO DE PRODUCTO;0000000321;n/a;n/a;;;;;;;;;
0;COTIZACIONES;Código (Honorario);;167;HONORARIO CERTIFICADO DE ORIGEN;0000000322;n/a;n/a;;;;;;;;;
0;COTIZACIONES;Código (Honorario);;168;HONORARIO OBTENCION CERTIFICADO FITOSANITARIO;0000000323;n/a;n/a;;;;;;;;;
0;COTIZACIONES;Código (Honorario);;169;HONORARIO EMISIÓN DE B/L;0000000324;n/a;n/a;;;;;;;;;
0;COTIZACIONES;Código (Honorario);;170;HONORARIO COORDINACIÓN AFORO/ESTIBA;0000000325;n/a;n/a;;;;;;;;;
0;COTIZACIONES;Código (Honorario);;171;HONORARIO EXONERACIÓN ICE;0000000326;n/a;n/a;;;;;;;;;
0;COTIZACIONES;Código (Honorario);;172;HON. DESPACHO CARGA SUELTA GRUPO WONG;0000000327;n/a;n/a;;;;;;;;;
0;COTIZACIONES;Código (Honorario);;173;HONORARIO DESPACHO CONTENEDOR GRUPO WONG;0000000329;n/a;n/a;;;;;;;;;
0;COTIZACIONES;Código (Honorario);;174;HONORARIO DESPACHO CARGA SUELTA GRUPO WONG;0000000330;n/a;n/a;;;;;;;;;
0;COTIZACIONES;Código (Honorario);;175;HON. REG. DEP. INDUSTRIAL GRUPO WONG;0000000331;n/a;n/a;;;;;;;;;
0;COTIZACIONES;Código (Honorario);;176;HONORARIO LICENCIA ESPECIAL;0000000333;n/a;n/a;;;;;;;;;
0;COTIZACIONES;Código (Honorario);;177;HONORARIO LEVANTE DE DUDA RAZONABLE;0000000334;n/a;n/a;;;;;;;;;
0;COTIZACIONES;Código (Honorario);;178;HON. POR OMISIÓN DE INF. EN DAU DE COMPENSANCIÓN;0000000335;n/a;n/a;;;;;;;;;
0;COTIZACIONES;Código (Honorario);;179;HON. PROVIDENCIA AUTORIZACIÒN DE ENTRADA;0000000341;n/a;n/a;;;;;;;;;
0;COTIZACIONES;Código (Honorario);;180;HON. COORDINACIÒN DE ENTRADA Y SALIDA DE BODEGA;0000000342;n/a;n/a;;;;;;;;;
0;COTIZACIONES;Código (Honorario);;181;HON. DE PRORROGA Y RENOVACION DE GARANTIA MANTA;0000000343;n/a;n/a;;;;;;;;;
0;COTIZACIONES;Código (Honorario);;182;HONORARIO ELABORACION Y APROBACION DE DUI;0000000351;n/a;n/a;;;;;;;;;
0;COTIZACIONES;Código (Honorario);;183;HONORARIO REG. TRANSITO GRUPO WONG;0000000332;n/a;n/a;;;;;;;;;
0;COTIZACIONES;Código (Honorario);;184;CERTIFICACIÓN DE SALDOS EN AUTORIZACIONES PREVIAS;0000000336;n/a;n/a;;;;;;;;;
0;COTIZACIONES;Código (Honorario);;185;HONORARIO COORDINACION DE CUSTODIO SVA;0000000340;n/a;n/a;;;;;;;;;
0;COTIZACIONES;Código (Honorario);;186;Honorario por elaboración de Archivo Físico;0000000344;n/a;n/a;;;;;;;;;
0;COTIZACIONES;Código (Honorario);;187;ASESORIA TECNICA EN COMPROBACION FISICA;0000000345;n/a;n/a;;;;;;;;;
0;COTIZACIONES;Código (Honorario);;188;HON COORD INSP. ANTINARCOTICO DESPUES DE LAS 17H00;0000000357;n/a;n/a;;;;;;;;;
0;COTIZACIONES;Código (Honorario);;189;ARRIENDO;0000000358;n/a;n/a;;;;;;;;;
0;COTIZACIONES;Código (Honorario);;190;ALICUOTA;0000000359;n/a;n/a;;;;;;;;;
0;COTIZACIONES;Código (Honorario);;191;HONORARIO RECTIFICACIÓN DE TRIBUTO;0000000360;n/a;n/a;;;;;;;;;
0;COTIZACIONES;Código (Honorario);;192;HONORARIO RECONOCIMIENTO DE CARGA;0000000361;n/a;n/a;;;;;;;;;
0;COTIZACIONES;Código (Honorario);;193;Honorario creación código Producto;0000000366;n/a;n/a;;;;;;;;;
0;COTIZACIONES;Código (Honorario);;194;HON. DEP. IND. GNEL DÍA ADICIONAL DESPUES DE 45 D;0000000367;n/a;n/a;;;;;;;;;
0;COTIZACIONES;Código (Honorario);;195;HON. SALIDA DE MERCANCÍA NO EXPORTADA;0000000369;n/a;n/a;;;;;;;;;
0;COTIZACIONES;Código (Honorario);;196;HON. DESPACHO INCLUYE TRANP HASTA 100 KG.;0000000374;n/a;n/a;;;;;;;;;
0;COTIZACIONES;Código (Honorario);;197;HONORARIO APROB. LIC. IMPORT.;0000000383;n/a;n/a;;;;;;;;;
0;COTIZACIONES;Código (Honorario);;198;HONORARIO CAMBIO CORRECCION ZONA PRIMARIA;0000000386;n/a;n/a;;;;;;;;;
0;COTIZACIONES;Código (Honorario);;199;Hon. Endoso Registro Sanitario en el VUE;0000000387;n/a;n/a;;;;;;;;;
0;COTIZACIONES;Código (Honorario);;200;HONORARIO COORDINACION PRE-EMBARQUE;0000000421;n/a;n/a;;;;;;;;;
0;COTIZACIONES;Código (Honorario);;201;HONORARIO DE COMPENSACION;0000000396;n/a;n/a;;;;;;;;;
0;COTIZACIONES;Código (Honorario);;202;HONORARIO BUSQUEDA DE ARCHIVOS;0000000402;n/a;n/a;;;;;;;;;
0;COTIZACIONES;Código (Honorario);;203;HONORARIO DESADUANIZACION COSECHADORA;0000000403;n/a;n/a;;;;;;;;;
0;COTIZACIONES;Código (Honorario);;204;GASTOS OPERATIVOS;0000000406;n/a;n/a;;;;;;;;;
0;COTIZACIONES;Código (Honorario);;205;HONONORARIO AGENCIAMIENTO DE ADUANA HUAQUILLAS;0000000405;n/a;n/a;;;;;;;;;
0;COTIZACIONES;Código (Honorario);;206;HONORARIO DESPACHO CONTENEDOR MANTA;0000000409;n/a;n/a;;;;;;;;;
0;COTIZACIONES;Código (Honorario);;207;Honorario registro IMEI;0000000410;n/a;n/a;;;;;;;;;
0;COTIZACIONES;Código (Honorario);;208;HON.PROCESO ACEPTACION GENTRON 22;0000000411;n/a;n/a;;;;;;;;;
0;COTIZACIONES;Código (Honorario);;209;HONORARIO EXPORTACION PTO. BOLIVAR;0000000412;n/a;n/a;;;;;;;;;
0;COTIZACIONES;Código (Honorario);;210;HON. POR CORRECION O SUBSANACION EN SOLICITUD;0000000413;n/a;n/a;;;;;;;;;
0;COTIZACIONES;Código (Honorario);;211;RENOVACION DE GARANTIA POLIZA;0000000414;n/a;n/a;;;;;;;;;
0;COTIZACIONES;Código (Honorario);;212;HONORARIO EXPORTACION ESMERALDAS;0000000415;n/a;n/a;;;;;;;;;
0;COTIZACIONES;Código (Honorario);;213;HON. CORRECCION CAMV;0000000416;n/a;n/a;;;;;;;;;
0;COTIZACIONES;Código (Honorario);;214;HON CORRECCION CAMV ADICIONAL;0000000431;n/a;n/a;;;;;;;;;
0;COTIZACIONES;Código (Honorario);;215;HONORARIO NACIONALIZACION DIFERENCIA DE PESOS;0000000417;n/a;n/a;;;;;;;;;
0;COTIZACIONES;Código (Honorario);;216;HONORARIO NACIONALIZACION;0000000422;n/a;n/a;;;;;;;;;
0;COTIZACIONES;Código (Honorario);;217;HONORARIO APROBACION CDA;0000000423;n/a;n/a;;;;;;;;;
0;COTIZACIONES;Código (Honorario);;218;HONORARIO ENLACE APROBACION;0000000424;n/a;n/a;;;;;;;;;
0;COTIZACIONES;Código (Honorario);;219;AUSPICIO  SEMINARIO;0000000270;n/a;n/a;;;;;;;;;
0;COTIZACIONES;Código (Honorario);;220;Hon. Coordinación Rotulado;0000000425;n/a;n/a;;;;;;;;;
0;COTIZACIONES;Código (Honorario);;221;HON. LICENCIA DE IMPORTACION AGROCALIDAD;0000000426;n/a;n/a;;;;;;;;;
0;COTIZACIONES;Código (Honorario);;222;HONORARIO COORDINACION ELAB. DE AISV;0000000427;n/a;n/a;;;;;;;;;
0;COTIZACIONES;Código (Honorario);;223;HONORARIO COORDINACION DE EXPORTACION;0000000428;n/a;n/a;;;;;;;;;
0;COTIZACIONES;Código (Honorario);;224;HON. LEVANTE DE ACTO ADMINISTRATIVO;0000000430;n/a;n/a;;;;;;;;;
0;COTIZACIONES;Código (Honorario);;225;HONORARIO  INFORME SENAE;0000000432;n/a;n/a;;;;;;;;;
0;COTIZACIONES;Código (Honorario);;226;HONORARION ANULACION PROVIDENCIA;0000000434;n/a;n/a;;;;;;;;;
0;COTIZACIONES;Código (Honorario);;227;HON COORDINACION SALIDA DE VEHICULO;0000000435;n/a;n/a;;;;;;;;;
0;COTIZACIONES;Código (Honorario);;228;HONORARIO PROCESO LEGAL CUBRE FALTA;0000000436;n/a;n/a;;;;;;;;;
0;COTIZACIONES;Código (Honorario);;229;HONORARIO CARTA CORRECCION DAU COMPE;0000000437;n/a;n/a;;;;;;;;;
0;COTIZACIONES;Código (Honorario);;230;HONORARIO JUSTIFICACION FUE ANTE B.C.E;0000000438;n/a;n/a;;;;;;;;;
0;COTIZACIONES;Código (Honorario);;231;HONORARIO DESPACHO AVIONETA;0000000439;n/a;n/a;;;;;;;;;
0;COTIZACIONES;Código (Honorario);;232;HON COORDINACION SALIDA MERCANCIA PERECIBLE;0000000442;n/a;n/a;;;;;;;;;
0;COTIZACIONES;Código (Honorario);;233;HONORARIO VEHICULO DE TURISMO;0000000444;n/a;n/a;;;;;;;;;
0;COTIZACIONES;Código (Honorario);;234;HONORARIO PRESCRIPCION DE OBLIGACIONES TRIBUTARIA;0000000446;n/a;n/a;;;;;;;;;
0;COTIZACIONES;Código (Honorario);;235;HONORARIO COORDINACION DE TRASBORDO;0000000447;n/a;n/a;;;;;;;;;
0;COTIZACIONES;Código (Honorario);;236;HONORARIO FACILIDADES DE PAGO;0000000449;n/a;n/a;;;;;;;;;
0;COTIZACIONES;Código (Honorario);;237;HONORARIO DEVOLUCION DE ISOTANQUE;0000000450;n/a;n/a;;;;;;;;;
0;COTIZACIONES;Código (Honorario);;238;HONORARIO TRASLADO DE CONTENEDOR;0000000451;n/a;n/a;;;;;;;;;
0;COTIZACIONES;Código (Honorario);;239;HONORARIO SUPERVISION TRASLADO DE CONTENEDOR;0000000452;n/a;n/a;;;;;;;;;
0;COTIZACIONES;Código (Honorario);;240;HONORARIO RETIQUETEO;0000000453;n/a;n/a;;;;;;;;;
0;COTIZACIONES;Código (Honorario);;241;HONORARIO COORDINACION DE REESTIBA;0000000454;n/a;n/a;;;;;;;;;
0;COTIZACIONES;Código (Honorario);;242;SERVICIO IN-HOUSE;0000000455;n/a;n/a;;;;;;;;;
0;COTIZACIONES;Código (Honorario);;243;HON. NACIONALIZACION DEP.COMERCIAL CONTENEDOR ADIC;0000000456;n/a;n/a;;;;;;;;;
0;COTIZACIONES;Código (Honorario);;244;HONORARIO REIMPRESION CAMV;0000000457;n/a;n/a;;;;;;;;;
0;COTIZACIONES;Código (Honorario);;245;HONORARIO OBTENCION DE CLAVE;0000000458;n/a;n/a;;;;;;;;;
0;COTIZACIONES;Código (Honorario);;246;HONORARIO CERTIFICADO DE SANITIZACION;0000000459;n/a;n/a;;;;;;;;;
0;COTIZACIONES;Código (Honorario);;247;HON. POR INGRESO/RECEPCION DE MERCADERIA;0000000460;n/a;n/a;;;;;;;;;
0;COTIZACIONES;Código (Honorario);;248;HONORARIO EXPORTACION A ZONA FRANCA;0000000462;n/a;n/a;;;;;;;;;
0;COTIZACIONES;Código (Honorario);;249;HONORARIO CERTIFICADO ZOOSANITARIO;0000000463;n/a;n/a;;;;;;;;;
0;COTIZACIONES;Código (Honorario);;250;HON. NACIONALIZACION DE VEHICULOS;0000000464;n/a;n/a;;;;;;;;;
0;COTIZACIONES;Código (Honorario);;251;HON. EMBARQUES PARCIALES;0000000466;n/a;n/a;;;;;;;;;
0;COTIZACIONES;Código (Honorario);;252;VENTA FORMULARIOS;0000000467;n/a;n/a;;;;;;;;;
0;COTIZACIONES;Código (Honorario);;253;HONORARIO REGULARIZACION DE SALDOS;0000000468;n/a;n/a;;;;;;;;;
0;COTIZACIONES;Código (Honorario);;254;HONORARIO OBTENCION CERTIFICADOS;0000000469;n/a;n/a;;;;;;;;;
0;COTIZACIONES;Código (Honorario);;255;HONORARIO DESPACHO PROCTER & GAMBLE;0000000481;n/a;n/a;;;;;;;;;
0;COTIZACIONES;Código (Honorario);;256;HONORARIO DESPACHO ADICIONAL PROCTER & GAMBLE;0000000482;n/a;n/a;;;;;;;;;
0;COTIZACIONES;Código (Honorario);;257;HONORARIO SERVICIOS LOGISTICOS;0000000483;n/a;n/a;;;;;;;;;
0;COTIZACIONES;Código (Honorario);;258;HONORARIO DE ABANDONO EXPRESO;0000000484;n/a;n/a;;;;;;;;;
0;COTIZACIONES;Código (Honorario);;259;HONORARIO EXPORTACION TEMPORAL FLUVIAL;0000000485;n/a;n/a;;;;;;;;;
0;COTIZACIONES;Código (Honorario);;260;HONORARIO EXPORTACION CONSUMO FLUVIAL;0000000486;n/a;n/a;;;;;;;;;
0;COTIZACIONES;Código (Honorario);;261;HONORARIO TRAMITE RECONOCIMIENTO DE FIRMA;0000000487;n/a;n/a;;;;;;;;;
0;COTIZACIONES;Código (Honorario);;262;HON. RECONOCIMIENTO PREVIO DE MERCADERIA;0000000488;n/a;n/a;;;;;;;;;
0;COTIZACIONES;Código (Honorario);;263;HONORARIO CONFIRMACION DE MATRIZ;0000000489;n/a;n/a;;;;;;;;;
0;COTIZACIONES;Código (Honorario);;264;SERVICIO MENSUAL DE COORDINACION DE IMPORTACION;0000000493;n/a;n/a;;;;;;;;;
0;COTIZACIONES;Código (Honorario);;265;HONORARIO COORDINACION DE REEMBARQUE;0000000494;n/a;n/a;;;;;;;;;
0;COTIZACIONES;Código (Honorario);;266;HONORARIO OBTENCION PROVIDENCIA;0000000497;n/a;n/a;;;;;;;;;
0;COTIZACIONES;Código (Honorario);;267;HONORARIO EXPORTACION EMBARQUES PARCIALES;0000000500;n/a;n/a;;;;;;;;;
0;COTIZACIONES;Código (Honorario);;268;HON COORD DE TRANSPORTE PARA RETIRO DE MERCADERIA;0000000502;n/a;n/a;;;;;;;;;
0;COTIZACIONES;Código (Honorario);;269;HON. CORDIANCION INGRESO INFOR. A BODEGA;0000000503;n/a;n/a;;;;;;;;;
0;COTIZACIONES;Código (Honorario);;270;HONORARIO ELABORACION DE DOCUMENTO PREVIO;0000000504;n/a;n/a;;;;;;;;;
0;COTIZACIONES;Código (Honorario);;271;HONORARIO PRECLASIFICACION ARANCELARIA;0000000505;n/a;n/a;;;;;;;;;
0;COTIZACIONES;Código (Honorario);;272;HONORARIO PREFERENCIAS ARANCELARIAS;0000000506;n/a;n/a;;;;;;;;;
0;COTIZACIONES;Código (Honorario);;273;HONORARIO NACIONALIZACION VEHICULO ADICIONAL;0000000507;n/a;n/a;;;;;;;;;
0;COTIZACIONES;Código (Honorario);;274;HONORARIOS;0000000508;n/a;n/a;;;;;;;;;
0;COTIZACIONES;Código (Honorario);;275;HON. SALIDA DE CARGA NO EXPORTADA;0000000509;n/a;n/a;;;;;;;;;
0;COTIZACIONES;Código (Honorario);;276;HONORARIO EXPORTACION DESDE ZONA FRANCA;0000000623;n/a;n/a;;;;;;;;;
0;COTIZACIONES;Código (Honorario);;277;HONORARIO REGISTRO EN EL MIPRO;0000000518;n/a;n/a;;;;;;;;;
0;COTIZACIONES;Código (Honorario);;278;HONORARIO SERVICIO DE PORTEO;0000000519;n/a;n/a;;;;;;;;;
0;COTIZACIONES;Código (Honorario);;279;HONORARIO COORDINACION DE DOCUMENTACION PREVIA;0000000520;n/a;n/a;;;;;;;;;
0;COTIZACIONES;Código (Honorario);;280;HONORARIO  ANALISIS DE IMPORTACION;0000000523;n/a;n/a;;;;;;;;;
0;COTIZACIONES;Código (Honorario);;281;HONORARIO CORRECCION DE MOTOR;0000000525;n/a;n/a;;;;;;;;;
0;COTIZACIONES;Código (Honorario);;282;HONORARIO LICENCIA  ELECTRONICA INEN;0000000526;n/a;n/a;;;;;;;;;
0;COTIZACIONES;Código (Honorario);;283;HONORARIO CANCELACION TITULOS DE CREDITO;0000000532;n/a;n/a;;;;;;;;;
0;COTIZACIONES;Código (Honorario);;284;HONORARIO  EXPORTACION SIN COMPENSACION;0000000533;n/a;n/a;;;;;;;;;
0;COTIZACIONES;Código (Honorario);;285;HONORARIO DE EXPORTACION;0000000538;n/a;n/a;;;;;;;;;
0;COTIZACIONES;Código (Honorario);;286;HONORARIO COORDINACION COURRIER;0000000539;n/a;n/a;;;;;;;;;
0;COTIZACIONES;Código (Honorario);;287;HON.COORDINACION INSP.ANTINARCOTICO CONTDOR ADIC;0000000541;n/a;n/a;;;;;;;;;
0;COTIZACIONES;Código (Honorario);;288;HONORARIO RECLAMO PAGO INDEBIDO;0000000548;n/a;n/a;;;;;;;;;
0;COTIZACIONES;Código (Honorario);;289;HONORARIO ENDOSO / CESION DE DERECHO;0000000550;n/a;n/a;;;;;;;;;
0;COTIZACIONES;Código (Honorario);;290;HONORARIO DESPACHO CONTENEDOR REEFER;0000000551;n/a;n/a;;;;;;;;;
0;COTIZACIONES;Código (Honorario);;291;HONORARIO APROBACION REEXPORTACION;0000000552;n/a;n/a;;;;;;;;;
0;COTIZACIONES;Código (Honorario);;292;HONORARIO EXPORTACION;0000000553;n/a;n/a;;;;;;;;;
0;COTIZACIONES;Código (Honorario);;293;HONORARIO CRUCE DE FRONTERA;0000000554;n/a;n/a;;;;;;;;;
0;COTIZACIONES;Código (Honorario);;294;HONORARIO REGISTRO MIPRO ALCANCE DE PARTIDA ARANC.;0000000555;n/a;n/a;;;;;;;;;
0;COTIZACIONES;Código (Honorario);;295;HONORARIO DESPACHO VEHICULO HIDROCLEANERS;0000000556;n/a;n/a;;;;;;;;;
0;COTIZACIONES;Código (Honorario);;296;HON. COORD. INSPECCION DESTRUCCION DESPERDICIOS;0000000557;n/a;n/a;;;;;;;;;
0;COTIZACIONES;Código (Honorario);;297;HONORARIO REGIMEN 70 VEHICULO ADICIONAL;0000000559;n/a;n/a;;;;;;;;;
0;COTIZACIONES;Código (Honorario);;298;HONORARIO EXPORTACION CON CAMBIO DE REGIMEN;0000000560;n/a;n/a;;;;;;;;;
0;COTIZACIONES;Código (Honorario);;299;HONORARIO DESPACHO VEHICULO MANTA;0000000562;n/a;n/a;;;;;;;;;
0;COTIZACIONES;Código (Honorario);;300;HON DESPACHO VEHICULO ESMERALDAS;0000000563;n/a;n/a;;;;;;;;;
0;COTIZACIONES;Código (Honorario);;301;HON DESPACHO VEHICULO ADICIONAL ESMERALDAS;0000000564;n/a;n/a;;;;;;;;;
0;COTIZACIONES;Código (Honorario);;302;HONORARIO PROYECTO DE IMPORTACION DE PLANTA;0000000565;n/a;n/a;;;;;;;;;
0;COTIZACIONES;Código (Honorario);;303;HONORARIO DEVOLUCION ISOTANQUE ADICIONAL;0000000566;n/a;n/a;;;;;;;;;
0;COTIZACIONES;Código (Honorario);;304;HONORARIO EXPEDIENTE SUMARIO ADUANA;0000000567;n/a;n/a;;;;;;;;;
0;COTIZACIONES;Código (Honorario);;305;SERVICIO LEGAL  ADICIONAL DEPOSITO INDUSTRIAL;0000000568;n/a;n/a;;;;;;;;;
0;COTIZACIONES;Código (Honorario);;306;HONORARIO REVISION PASIVA;0000000571;n/a;n/a;;;;;;;;;
0;COTIZACIONES;Código (Honorario);;307;HON DESPACHO VEHICULO PTO BOLIVAR;0000000573;n/a;n/a;;;;;;;;;
0;COTIZACIONES;Código (Honorario);;308;HONORARIO APROBACION ELECTRONICA MIC;0000000575;n/a;n/a;;;;;;;;;
0;COTIZACIONES;Código (Honorario);;309;Hon Obtención Permiso Importación Min Interior MDI;0000000578;n/a;n/a;;;;;;;;;
0;COTIZACIONES;Código (Honorario);;310;HONORARIO MOVILIZACION DE AFORO;0000000580;n/a;n/a;;;;;;;;;
0;COTIZACIONES;Código (Honorario);;311;HONORARIO AUTORIZACION DEPOSITO COMERCIAL;0000000581;n/a;n/a;;;;;;;;;
0;COTIZACIONES;Código (Honorario);;312;HONORARIO LEVANTAMIENTO OBSERVACION ADUANA;0000000583;n/a;n/a;;;;;;;;;
0;COTIZACIONES;Código (Honorario);;313;HONORARIO DEVOLUCION UNIDAD DE CARGA;0000000584;n/a;n/a;;;;;;;;;
0;COTIZACIONES;Código (Honorario);;314;HONORARIO DEDUCCION DE TRIBUTO POR AVERIA;0000000585;n/a;n/a;;;;;;;;;
0;COTIZACIONES;Código (Honorario);;315;HONORARIO LICENCIA ELECTRONICA;0000000586;n/a;n/a;;;;;;;;;
0;COTIZACIONES;Código (Honorario);;316;HONORARIO EXPORTACION CARGA A GRANEL;0000000587;n/a;n/a;;;;;;;;;
0;COTIZACIONES;Código (Honorario);;317;HONORARIO REGIMEN TRANSITO - ZONA FRANCA;0000000588;n/a;n/a;;;;;;;;;
0;COTIZACIONES;Código (Honorario);;318;HONORARIO CAMBIO DE  REGIMEN  A  EXPORT CONSUMO;0000000590;n/a;n/a;;;;;;;;;
0;COTIZACIONES;Código (Honorario);;319;HONORARIO REGULARIZACION DE CARGAS;0000000591;n/a;n/a;;;;;;;;;
0;COTIZACIONES;Código (Honorario);;320;HONORARIO ZONA FRANCA - TRANSITO ADUANERO AECON-AG;0000000593;n/a;n/a;;;;;;;;;
0;COTIZACIONES;Código (Honorario);;321;HONORARIO ZONA FRANCA QUITO  AECON-AG;0000000594;n/a;n/a;;;;;;;;;
0;COTIZACIONES;Código (Honorario);;322;HONORARIO CORRECCION DE MATRIZ;0000000596;n/a;n/a;;;;;;;;;
0;COTIZACIONES;Código (Honorario);;323;HONORARIO REGIMEN ADMISION TEMPORAL CONTENEDOR ADI;0000000598;n/a;n/a;;;;;;;;;
0;COTIZACIONES;Código (Honorario);;324;HONORARIO SEPARACION DE MERCADERIA;0000000606;n/a;n/a;;;;;;;;;
0;COTIZACIONES;Código (Honorario);;325;HONORARIO CREACION CODIGO LIBERATORIO;0000000607;n/a;n/a;;;;;;;;;
0;COTIZACIONES;Código (Honorario);;326;HONORARIO LEVANTE DE INFORMACION;0000000608;n/a;n/a;;;;;;;;;
0;COTIZACIONES;Código (Honorario);;327;HONORARIO RENOVACION INEN;0000000610;n/a;n/a;;;;;;;;;
0;COTIZACIONES;Código (Honorario);;328;HONORARIO CIERRE DEPOSITO INDUSTRIAL;0000000612;n/a;n/a;;;;;;;;;
0;COTIZACIONES;Código (Honorario);;329;HONORARIO COPIAS SIMPLES;0000000613;n/a;n/a;;;;;;;;;
0;COTIZACIONES;Código (Honorario);;330;ASESORIA TECNICA CLASIFICACION ARANCELARIA;0000000614;n/a;n/a;;;;;;;;;
0;COTIZACIONES;Código (Honorario);;331;HONORARIO CERTIFICADO OAE-SAE;0000000615;n/a;n/a;;;;;;;;;
0;COTIZACIONES;Código (Honorario);;332;HONORARIO DESPACHO AEREO AECONG;0000000616;n/a;n/a;;;;;;;;;
0;COTIZACIONES;Código (Honorario);;333;HON. AUTORIZACION SALIDA DE CONTENEDOR VACIO;0000000618;n/a;n/a;;;;;;;;;
0;COTIZACIONES;Código (Honorario);;334;HONORARIO TRANSITO ADUANERO - ZONA FRANCA AEROPIAG;0000000619;n/a;n/a;;;;;;;;;
0;COTIZACIONES;Código (Honorario);;335;HONORARIO RENOVACION DEPOSITO INDUSTRIAL;0000000620;n/a;n/a;;;;;;;;;
0;COTIZACIONES;Código (Honorario);;336;HON. COORDINACION Y RETIRO DOCUMENTOS;0000000621;n/a;n/a;;;;;;;;;
0;COTIZACIONES;Código (Honorario);;337;HONORARIO OFICIO INEN;0000000622;n/a;n/a;;;;;;;;;
0;COTIZACIONES;Código (Honorario);;338;HONORARIO DIGITALIZACION DE DOCUMENTOS;0000000624;n/a;n/a;;;;;;;;;
0;COTIZACIONES;Código (Honorario);;339;HONORARIO DEDSPACHO COMAT;0000000625;n/a;n/a;;;;;;;;;
0;COTIZACIONES;Código (Honorario);;340;HONORARIO DEVOLUCION DE GARANTIA;1200000064;n/a;n/a;;;;;;;;;
0;COTIZACIONES;Código (Honorario);;341;HONORARIO REGISTRO EN AGROCALIDAD;0000000766;n/a;n/a;;;;;;;;;
0;COTIZACIONES;Código (Honorario);;342;HONORARIO CORRECCION DE CDA;0000000628;n/a;n/a;;;;;;;;;
0;COTIZACIONES;Código (Honorario);;343;HON. COORDINACION PAGO INSPECCION ANTINARCOTICOS;0000000630;n/a;n/a;;;;;;;;;
0;COTIZACIONES;Código (Honorario);;344;HONORARIO DESTRUCCION DE PRODUCTO;0000000631;n/a;n/a;;;;;;;;;
0;COTIZACIONES;Código (Honorario);;345;HONORARIO REGISTRO IMPORTADOR AGROCALIDAD;0000000632;n/a;n/a;;;;;;;;;
0;COTIZACIONES;Código (Honorario);;346;HONORARIO REGISTRO EXPORTADOR AGROCALIDAD;0000000633;n/a;n/a;;;;;;;;;
0;COTIZACIONES;Código (Honorario);;347;HONORARIO LEGALIZACION CERTIFICADO/DOCUMENTO;0000000634;n/a;n/a;;;;;;;;;
0;COTIZACIONES;Código (Honorario);;348;HONORARIO CORRECCION WORK FLOW;0000000635;n/a;n/a;;;;;;;;;
0;COTIZACIONES;Código (Honorario);;349;HONORARIO TRANSITO ADUANERO - EXPORTACION AECON-AG;0000000637;n/a;n/a;;;;;;;;;
0;COTIZACIONES;Código (Honorario);;350;HONORARIO POR BASE DE DATOS;0000000642;n/a;n/a;;;;;;;;;
0;COTIZACIONES;Código (Honorario);;351;HONORARIO OBTENCION OFICIO MSP;0000000643;n/a;n/a;;;;;;;;;
0;COTIZACIONES;Código (Honorario);;352;HON. OBTENCION AUTORIZACION DEPOSITO INDUSTRIAL;0000000648;n/a;n/a;;;;;;;;;
0;COTIZACIONES;Código (Honorario);;353;HONORARIO OBTENCION CERTIFICADO OAE-SAE;0000000652;n/a;n/a;;;;;;;;;
0;COTIZACIONES;Código (Honorario);;354;HONORARIO CONSULARIZACION DE DOCUMENTOS;0000000653;n/a;n/a;;;;;;;;;
0;COTIZACIONES;Código (Honorario);;355;CIERRE DEPOSITO COMERCIAL PUBLICO;0000000656;n/a;n/a;;;;;;;;;
0;COTIZACIONES;Código (Honorario);;356;Hon.Exportacion Servicios (Notarización Documento);0000000658;n/a;n/a;;;;;;;;;
0;COTIZACIONES;Código (Honorario);;357;HONORARIO DECLARACION SUSTITUTIVA;0000000659;n/a;n/a;;;;;;;;;
0;COTIZACIONES;Código (Honorario);;358;HONORARIO COORDINACION RETIRO DE MERCADERIA;0000000660;n/a;n/a;;;;;;;;;
0;COTIZACIONES;Código (Honorario);;359;HON COORD DE TRANSPORTE /RETIRO DE MERCAD AEREA;0000000661;n/a;n/a;;;;;;;;;
0;COTIZACIONES;Código (Honorario);;360;HON. RECONOCIMIENTO PREVIO MERCAD CARGA SUELTA;0000000662;n/a;n/a;;;;;;;;;
0;COTIZACIONES;Código (Honorario);;361;HONORARIO COPIA CERTIFICADA INEN;0000000663;n/a;n/a;;;;;;;;;
0;COTIZACIONES;Código (Honorario);;362;HONORARIO TRANSITO AECON AG;0000000665;n/a;n/a;;;;;;;;;
0;COTIZACIONES;Código (Honorario);;363;Honorario Asesoramiento Aduanero de Importacion;0000000666;n/a;n/a;;;;;;;;;
0;COTIZACIONES;Código (Honorario);;364;HONORARIOS REGULARIZACION DE EXPORTACION;0000000667;n/a;n/a;;;;;;;;;
0;COTIZACIONES;Código (Honorario);;365;Asesoria Legal Desaduanizacion Contenedor;0000000577;n/a;n/a;;;;;;;;;
0;COTIZACIONES;Código (Honorario);;366;HONORARIO LEGALIZACION CDO EN CONSULDADO;0000000668;n/a;n/a;;;;;;;;;
0;COTIZACIONES;Código (Honorario);;367;HONORARIO DESCARGA DIRECTA AECON AG;0000000670;n/a;n/a;;;;;;;;;
0;COTIZACIONES;Código (Honorario);;368;HONORARIO ASESORIA JUSTIFICACION DE SEGURO;0000000664;n/a;n/a;;;;;;;;;
0;COTIZACIONES;Código (Honorario);;369;HONORARIO LEVANTE DE COACTIVA;0000000671;n/a;n/a;;;;;;;;;
0;COTIZACIONES;Código (Honorario);;370;HONORARIO REGIMEN ALMACEN ESPECIAL;0000000672;n/a;n/a;;;;;;;;;
0;COTIZACIONES;Código (Honorario);;371;HON.EXPORTACION DE SERVICIOS (DESPACHO CONTENEDOR);0000000673;n/a;n/a;;;;;;;;;
0;COTIZACIONES;Código (Honorario);;372;HON.EXPORTACION DE SERVICIOS(DESPACHO CONT ADIC);0000000674;n/a;n/a;;;;;;;;;
0;COTIZACIONES;Código (Honorario);;373;HON. SALIDA CONTENEDOR NO EMBARCADO;0000000675;n/a;n/a;;;;;;;;;
0;COTIZACIONES;Código (Honorario);;374;HONORARIO DESPACHO CONTENEDOR (VITAMINAS);0000000679;n/a;n/a;;;;;;;;;
0;COTIZACIONES;Código (Honorario);;375;HONORARIO AMPLIACION DE GARANTIA;0000000681;n/a;n/a;;;;;;;;;
0;COTIZACIONES;Código (Honorario);;376;HONORARIO REGISTRO INFORMACION/SISTEMA HTM;0000000682;n/a;n/a;;;;;;;;;
0;COTIZACIONES;Código (Honorario);;377;HON. RESOLUCION AMPLIACION DEL ALMACEN ESPECIAL;0000000685;n/a;n/a;;;;;;;;;
0;COTIZACIONES;Código (Honorario);;378;HONORARIO REGULARIZACION DE MATRIZ;0000000690;n/a;n/a;;;;;;;;;
0;COTIZACIONES;Código (Honorario);;379;HONORARIO COORDINACION LOGISTICA MIQ;0000000696;n/a;n/a;;;;;;;;;
0;COTIZACIONES;Código (Honorario);;380;HON PATROCINIO EN TRIBUNAL FISCAL;0000000686;n/a;n/a;;;;;;;;;
0;COTIZACIONES;Código (Honorario);;381;HONORARIO OPERATIVOS MIQ;0000000697;n/a;n/a;;;;;;;;;
0;COTIZACIONES;Código (Honorario);;382;HON. EXPORTACION DE SERVICIOS-INSP.ANTINARCOTICOS;0000000703;n/a;n/a;;;;;;;;;
0;COTIZACIONES;Código (Honorario);;383;HON.TRASLADO INTERNO ENTRE ZONAS PRIMARIAS ADUANA;0000000707;n/a;n/a;;;;;;;;;
0;COTIZACIONES;Código (Honorario);;384;HON. OBTENCION-ANALISIS DE INFORMACION DE PROCESOS;0000000708;n/a;n/a;;;;;;;;;
0;COTIZACIONES;Código (Honorario);;385;HONORARIO ZONA FRANCA UIO AECON AG/IVA;0000000709;n/a;n/a;;;;;;;;;
0;COTIZACIONES;Código (Honorario);;386;HONORARIO OBTENCION DE CERTIFICADO INH.;0000000710;n/a;n/a;;;;;;;;;
0;COTIZACIONES;Código (Honorario);;387;DECLARACION JURAMENTADA DE ORIGEN;0000000711;n/a;n/a;;;;;;;;;
0;COTIZACIONES;Código (Honorario);;388;HONORARIO COORDINACION OBTENCION TOKEN;0000000712;n/a;n/a;;;;;;;;;
0;COTIZACIONES;Código (Honorario);;389;HON.EXPORTACION DE SERVICIOS(INSPECCION VEHICULOS);0000000713;n/a;n/a;;;;;;;;;
0;COTIZACIONES;Código (Honorario);;390;HON. REDUCCION DE GARANTIA DEPOSITO INDUSTRIAL;0000000716;n/a;n/a;;;;;;;;;
0;COTIZACIONES;Código (Honorario);;391;HON.CORRECION FECHA DE VENCIMIENTO DE PLAZO PERMAN;0000000718;n/a;n/a;;;;;;;;;
0;COTIZACIONES;Código (Honorario);;392;HON. EXPORTACION DE SERVICIOS (DECLA.JURAMENTADA);0000000720;n/a;n/a;;;;;;;;;
0;COTIZACIONES;Código (Honorario);;393;HONORARIO PROVISION HERRAMIENTAS PARA INSPECCION;0000000723;n/a;n/a;;;;;;;;;
0;COTIZACIONES;Código (Honorario);;394;HON.RENOVACION REGISTRO OPERADOR AGROCALIDAD;0000000727;n/a;n/a;;;;;;;;;
0;COTIZACIONES;Código (Honorario);;395;HON. SOLICITUD DE INFORMACION A SENAE;0000000728;n/a;n/a;;;;;;;;;
0;COTIZACIONES;Código (Honorario);;396;HONORARIO GESTION/REVISION LICENCIA SERCOP;0000000729;n/a;n/a;;;;;;;;;
0;COTIZACIONES;Código (Honorario);;397;HON. REGISTRO ANTE EL OAE-SAE;0000000734;n/a;n/a;;;;;;;;;
0;COTIZACIONES;Código (Honorario);;398;Honorario Ampliación de Providencia;0000000736;n/a;n/a;;;;;;;;;
0;COTIZACIONES;Código (Honorario);;399;HONORARIO GENERACION DAE NO UTILIZADA;0000000742;n/a;n/a;;;;;;;;;
0;COTIZACIONES;Código (Honorario);;400;HONORARIO COORDINACION PROCESO DE NACIONALIZACION;0000000744;n/a;n/a;;;;;;;;;
0;COTIZACIONES;Código (Honorario);;401;HON. COORDINACION DE ESTIBA;0000000745;n/a;n/a;;;;;;;;;
0;COTIZACIONES;Código (Honorario);;402;HONORARIO REGIMEN INSTALACION INDUSTRIAL;0000000747;n/a;n/a;;;;;;;;;
0;COTIZACIONES;Código (Honorario);;403;HON. AUTORIZACION DESCARGA EN LUGAR NO HABILITADO;0000000752;n/a;n/a;;;;;;;;;
0;COTIZACIONES;Código (Honorario);;404;HONORARIO AGENCIAMIENTO DE ADUANA LATACUNGA;0000000756;n/a;n/a;;;;;;;;;
0;COTIZACIONES;Código (Honorario);;405;HONORARIO DE DOCUMENTO DE VIGILANCIA;0000000758;n/a;n/a;;;;;;;;;
0;COTIZACIONES;Código (Honorario);;406;HON. EXPORTACION DE SERVICIOS (DESPACHO ADUANA);0000000760;n/a;n/a;;;;;;;;;
0;COTIZACIONES;Código (Honorario);;407;HONORARIO AGENCIAMIENTO DE ADUANA MANTA;0000000762;n/a;n/a;;;;;;;;;
0;COTIZACIONES;Código (Honorario);;408;HONORARIO ABANDONO DEFINITIVO;0000000784;n/a;n/a;;;;;;;;;
0;COTIZACIONES;Código (Honorario);;409;Hon.Coordinación Certif.Cheque Garantía Contenedor;0000000785;n/a;n/a;;;;;;;;;
0;COTIZACIONES;Código (Honorario);;410;Hon.Coordinación portuaria por salida contenedores;0000000786;n/a;n/a;;;;;;;;;
0;COTIZACIONES;Código (Honorario);;411;Honorario Elaboración de minuta poder especial;0000000793;n/a;n/a;;;;;;;;;
0;COTIZACIONES;Código (Honorario);;412;HONORARIO EXPORTACION DE SERVICIOS-ASESORIA LEGAL;0000000794;n/a;n/a;;;;;;;;;
0;COTIZACIONES;Código (Honorario);;413;HON.ACEPTACION GARANTIA GENERAL DESPACHOS GARANTIZ;0000000795;n/a;n/a;;;;;;;;;
0;COTIZACIONES;Código (Honorario);;414;Hon. Coord. Operación Logística;0000000797;n/a;n/a;;;;;;;;;
0;COTIZACIONES;Código (Honorario);;415;HONORARIO REPORTE MENSUAL;0000000796;n/a;n/a;;;;;;;;;
0;COTIZACIONES;Código (Honorario);;416;HONORARIO CORRECCION CON HOJA DE CAMBIO;0000000798;n/a;n/a;;;;;;;;;
0;COTIZACIONES;Código (Honorario);;417;Hon.Certif. Reconocimiento INEN No sujeto Control;0000000799;n/a;n/a;;;;;;;;;
0;COTIZACIONES;Código (Honorario);;418;Hon. Certif. Reconocimiento INEN Sujeto a Control;0000000800;n/a;n/a;;;;;;;;;
0;COTIZACIONES;Código (Honorario);;419;HONORARIO DE REEMBARQUE Y REESTIBA;0000000801;n/a;n/a;;;;;;;;;
0;COTIZACIONES;Código (Honorario);;420;HON. CERT.SETED NO SUJETO A CONTROL;0000000802;n/a;n/a;;;;;;;;;
0;COTIZACIONES;Código (Honorario);;421;Hon. Extensión/Modificación Cert. Fitosanitario;0000000803;n/a;n/a;;;;;;;;;
0;COTIZACIONES;Código (Honorario);;422;Honorario Reporte de Trámites;0000000804;n/a;n/a;;;;;;;;;
0;COTIZACIONES;Código (Honorario);;423;Hon. Cert. Recon. INEN Sujeto a Control- Adicional;0000000806;n/a;n/a;;;;;;;;;
0;COTIZACIONES;Código (Honorario);;424;Hon.Cert.Recon.INEN NO Sujeto a Control- Adicional;0000000807;n/a;n/a;;;;;;;;;
0;COTIZACIONES;Código (Honorario);;425;Hon.Coordinación Obtención Certificado Conformidad;0000000808;n/a;n/a;;;;;;;;;
0;COTIZACIONES;Código (Honorario);;426;HON.TRAMITE NOTARIZACION DOCUMENTO ELECTRONICO;0000000810;n/a;n/a;;;;;;;;;
0;COTIZACIONES;Código (Honorario);;427;Honorario Diferencia Agenciamiento de Aduana;0000000812;n/a;n/a;;;;;;;;;
0;COTIZACIONES;Código (Honorario);;428;HONORARIO SOLICITUD DE DEPRECIACION;0000000813;n/a;n/a;;;;;;;;;
0;COTIZACIONES;Código (Honorario);;429;HONORARIO REESTIBA Y TRASLADO;0000000814;n/a;n/a;;;;;;;;;
0;COTIZACIONES;Código (Honorario);;430;Hon. Coordinación Logística Candado Electrónico;0000000815;n/a;n/a;;;;;;;;;
0;COTIZACIONES;Código (Honorario);;431;Hon. Coord. de Logística y Reconocimiento de carga;0000000816;n/a;n/a;;;;;;;;;
0;COTIZACIONES;Código (Honorario);;432;HON. COORDINACION DE SERVICIO OUTSOURCING;0000000817;n/a;n/a;;;;;;;;;
0;COTIZACIONES;Código (Honorario);;433;HONORARIOS POR CONVENIO LOGISTICO;0000000820;n/a;n/a;;;;;;;;;
0;COTIZACIONES;Código (Honorario);;434;HONORARIO MANEJO Y COORDINACION;0000000695;n/a;n/a;;;;;;;;;
0;COTIZACIONES;Código (Honorario);;435;HONORARIO SERVICIO DE MANEJO ADUANERO;0000000862;n/a;n/a;;;;;;;;;
0;COTIZACIONES;Código (Honorario);;436;HONORARIO ELIMINACION DE TANQUE;0000000524;n/a;n/a;;;;;;;;;
0;COTIZACIONES;Código (Honorario);;437;HONORARIO GESTION DE PAGOS LOCALES;0000000767;n/a;n/a;;;;;;;;;
0;COTIZACIONES;Código (Honorario);;438;HONORARIO GESTION DE PAGO EN EL OAE-SAE;0000000768;n/a;n/a;;;;;;;;;
0;COTIZACIONES;Código (Honorario);;439;Hon.Coordinación Tramites ZEDES Aéreos;0000000789;n/a;n/a;;;;;;;;;
0;COTIZACIONES;Código (Honorario);;440;HON CONSULTA DE CLASIFICACION ARANCELARIA;0000000725;n/a;n/a;;;;;;;;;
0;COTIZACIONES;Código (Honorario);;441;HONORARIO OBTENCION OFICIO MIPRO;0000000730;n/a;n/a;;;;;;;;;
0;COTIZACIONES;Código (Honorario);;442;HON. AMPLIACION  REGISTRO IMPORTADOR;0000000746;n/a;n/a;;;;;;;;;
0;COTIZACIONES;Código (Honorario);;443;Hon. Asesoría-Patrocinio legal-Sumario Admstrtivo;0000000749;n/a;n/a;;;;;;;;;
0;COTIZACIONES;Código (Honorario);;444;Hon.Ase-Patrocinio legal Reclamo Adm Impugnacion;0000000750;n/a;n/a;;;;;;;;;
0;COTIZACIONES;Código (Honorario);;445;HONORARIO AGENCIAMIENTO TULCAN -(SIN IVA);0000000737;n/a;n/a;;;;;;;;;
0;COTIZACIONES;Código (Honorario);;446;HONORARIO AGENCIAMIENTO DE ADUANA MAQUINARIA;0000000731;n/a;n/a;;;;;;;;;
0;COTIZACIONES;Código (Honorario);;447;Hon. Licencia adicional importación Agrocalidad;0000000732;n/a;n/a;;;;;;;;;
0;COTIZACIONES;Código (Honorario);;448;HON. RECEPCION DE MEDIO DE TRANSPORTE(EMBARCACION);0000000733;n/a;n/a;;;;;;;;;
0;COTIZACIONES;Código (Honorario);;449;HONORARIO AGENCIAMIENTO POR B/L ADICIONAL;0000000669;n/a;n/a;;;;;;;;;
0;COTIZACIONES;Código (Honorario);;450;HON.RECONOCIMIENTO DE MECADERIA CONT.ADICIONAL;0000000753;n/a;n/a;;;;;;;;;
0;COTIZACIONES;Código (Honorario);;451;HON. COORDINACION AFORO CONT ADICIONAL;0000000754;n/a;n/a;;;;;;;;;
0;COTIZACIONES;Código (Honorario);;452;HONORARIO LICENCIA DEL MAGAP;0000000763;n/a;n/a;;;;;;;;;
0;COTIZACIONES;Código (Honorario);;453;HON.COORDINACION COLOCACION DE DISPOSITIVO RASTREO;0000000764;n/a;n/a;;;;;;;;;
0;COTIZACIONES;Código (Honorario);;454;HONORARIO COORDINACION DE PAGO;0000000765;n/a;n/a;;;;;;;;;
0;COTIZACIONES;Código (Honorario);;455;HONORARIO POR GESTION EXONERACION DE GARANTIA;0000000824;n/a;n/a;;;;;;;;;
0;COTIZACIONES;Código (Honorario);;456;Honorario de Coordinación de Traducción  Documento;0000000841;n/a;n/a;;;;;;;;;
0;COTIZACIONES;Código (Honorario);;457;HONORARIO COORDINACION DE INSPECCION INEN;0000000522;n/a;n/a;;;;;;;;;
0;COTIZACIONES;Código (Honorario);;458;HONORARIOS;0000000651;n/a;n/a;;;;;;;;;
0;COTIZACIONES;Código (Honorario);;459;HONORARIO APROBACION ELECTRONICA MIPRO;0000000692;n/a;n/a;;;;;;;;;
0;COTIZACIONES;Código (Honorario);;460;HONORARIO MONITOREO/SEGUIMIENTO/RETIRO MERCADERIA;0000000529;n/a;n/a;;;;;;;;;
0;COTIZACIONES;Código (Honorario);;461;CORD. DE INSP. DEL COM. CONJ. DE LAS FUERZAS ARMA.;0000000683;n/a;n/a;;;;;;;;;
0;COTIZACIONES;Código (Honorario);;462;HONORARIO ANULACION FUE;0000000255;n/a;n/a;;;;;;;;;
0;COTIZACIONES;Código (Honorario);;463;HONORARIO TERCERIZACIÓN DE SERVICIOS;0000000288;n/a;n/a;;;;;;;;;
0;COTIZACIONES;Código (Honorario);;464;HONORARIO RÉGIMEN 15;0000000306;n/a;n/a;;;;;;;;;
0;COTIZACIONES;Código (Honorario);;465;HONORARIO CONSULTA DE AFORO;0000000308;n/a;n/a;;;;;;;;;
0;COTIZACIONES;Código (Honorario);;466;HONORARIO IMPUGNACION;0000000309;n/a;n/a;;;;;;;;;
0;COTIZACIONES;Código (Honorario);;467;HONORARIO RECLAMO ADMINISTRATIVO;0000000310;n/a;n/a;;;;;;;;;
0;COTIZACIONES;Código (Honorario);;468;HONORARIO RECURSO DE REVISIÓN;0000000311;n/a;n/a;;;;;;;;;
0;COTIZACIONES;Código (Honorario);;469;HONORARIO INCLUSIÓN DE PRODUCTOS A DEP. IND.;0000000313;n/a;n/a;;;;;;;;;
0;COTIZACIONES;Código (Honorario);;470;HONORARIO GESTION ANTE EL COMEX;0000000314;n/a;n/a;;;;;;;;;
0;COTIZACIONES;Código (Honorario);;471;HONORARIO AMPLIACIÓN CONTRATO DEP. IND.;0000000315;n/a;n/a;;;;;;;;;
0;COTIZACIONES;Código (Honorario);;472;HONORARIO CERTIFICADO LIBRE VENTA;0000000316;n/a;n/a;;;;;;;;;
0;COTIZACIONES;Código (Honorario);;473;HONORARIO INSP. CONSEP;0000000317;n/a;n/a;;;;;;;;;
0;COTIZACIONES;Código (Honorario);;474;HONORARIO POR CAPACITACION;0000000281;n/a;n/a;;;;;;;;;
0;COTIZACIONES;Código (Honorario);;475;RADIO MOTOROLA GP-300;0000000252;n/a;n/a;;;;;;;;;
0;COTIZACIONES;Código (Honorario);;476;RADIO MOTOROLA SP-50;0000000253;n/a;n/a;;;;;;;;;
0;COTIZACIONES;Código (Honorario);;477;RADIO MOVIL ICOM IC-V100;0000000254;n/a;n/a;;;;;;;;;
0;COTIZACIONES;Código (Honorario);;478;HONORARIO EXPORTACION MANTA;0000000470;n/a;n/a;;;;;;;;;
0;COTIZACIONES;Código (Honorario);;479;HONORARIO EXPORTACION HUAQUILLAS;0000000471;n/a;n/a;;;;;;;;;
0;COTIZACIONES;Código (Honorario);;480;HONORARIO EXPORTACION QUITO;0000000472;n/a;n/a;;;;;;;;;
0;COTIZACIONES;Código (Honorario);;481;Honorario Rechazo DAI;0000000473;n/a;n/a;;;;;;;;;
0;COTIZACIONES;Código (Honorario);;482;HONORARIO PAGO GARANTIZADO;0000000474;n/a;n/a;;;;;;;;;
0;COTIZACIONES;Código (Honorario);;483;HONORARIO EXPORTACION MUESTRAS;0000000475;n/a;n/a;;;;;;;;;
0;COTIZACIONES;Código (Honorario);;484;HONORARIO CLASIFICACION ARANCELARIA;0000000476;n/a;n/a;;;;;;;;;
0;COTIZACIONES;Código (Honorario);;485;HONORARIO CLASIFICACION ARANCELARIA ADICIONAL;0000000477;n/a;n/a;;;;;;;;;
0;COTIZACIONES;Código (Honorario);;486;HONORARIO DESPACHO CARGA SUELTA MANTA;0000000478;n/a;n/a;;;;;;;;;
0;COTIZACIONES;Código (Honorario);;487;HONORARIO DESPACHO ESMERALDAS;0000000479;n/a;n/a;;;;;;;;;
0;COTIZACIONES;Código (Honorario);;488;HONORARIO DESPACHO CONTENEDOR ESMERALDAS;0000000480;n/a;n/a;;;;;;;;;
0;COTIZACIONES;Código (Honorario);;489;HONORARIO SUPERVISIÓN RE-EXPORTACIÓN;0000000347;n/a;n/a;;;;;;;;;
0;COTIZACIONES;Código (Honorario);;490;HONORARIO COORDINACION DE INSPECCIÓN;0000000375;n/a;n/a;;;;;;;;;
0;COTIZACIONES;Código (Honorario);;491;HONORARIOS MOVILIZACION DELEGADO;0000000377;n/a;n/a;;;;;;;;;
0;COTIZACIONES;Código (Honorario);;492;HONORARIO MOVILIZACION CONTENEDOR;0000000382;n/a;n/a;;;;;;;;;
0;COTIZACIONES;Código (Honorario);;493;HONORARIO AGILIZACION DE GASTOS;0000000419;n/a;n/a;;;;;;;;;
0;COTIZACIONES;Código (Honorario);;494;HONORARIO COORDINACION DE IMPORTACIONES;0000000528;n/a;n/a;;;;;;;;;
0;COTIZACIONES;Código (Honorario);;495;HON.EXPORTACION DE SERVICIOS(TRINCADA-INSP. ANTIN);0000000704;n/a;n/a;;;;;;;;;
0;COTIZACIONES;Código (Honorario);;496;HONORARIO REGIMEN ADMISION TEMPORAL (SIN IVA);0000000715;n/a;n/a;;;;;;;;;
0;COTIZACIONES;Código (Honorario);;497;HONORARIOS;0000000013;n/a;n/a;;;;;;;;;
0;COTIZACIONES;Código (Honorario);;498;HONORARIO ACREDITACION DE GARANTIA Y CORREC MATRIZ;0000000644;n/a;n/a;;;;;;;;;
0;COTIZACIONES;Código (Honorario);;499;HONORARIO POR CERTIFICACIONES VARIAS;0000000496;n/a;n/a;;;;;;;;;
0;COTIZACIONES;Código (Honorario);;500;HONORARIO POR FRACCIONAMIENTO DE NOTA DE CREDITO;0000000491;n/a;n/a;;;;;;;;;
0;COTIZACIONES;Código (Honorario);;501;Inspeccion y Control en  Aforo de cargas asegurada;0000000558;n/a;n/a;;;;;;;;;
0;COTIZACIONES;Código (Honorario);;502;HONORARIO NUEVA EMISION DE FACTURAS;0000000576;n/a;n/a;;;;;;;;;
0;COTIZACIONES;Código (Honorario);;503;HONORARIO EXPORTACION TULCAN;0000000401;n/a;n/a;;;;;;;;;
0;COTIZACIONES;Código (Honorario);;504;HON. DEVOLUCION CONDICIONADA;0000000290;n/a;n/a;;;;;;;;;
0;COTIZACIONES;Código (Honorario);;505;HONORARIO COORDINACION PRE-EMBARQUE LIC.;0000000420;n/a;n/a;;;;;;;;;
0;COTIZACIONES;Código (Honorario);;506;HONORARIO TRASLADO;0000000492;n/a;n/a;;;;;;;;;
0;COTIZACIONES;Código (Honorario);;507;HON. COORDINACION LOGISTICA EXPORTACION;0000000510;n/a;n/a;;;;;;;;;
0;COTIZACIONES;Código (Honorario);;508;HONORARIO CORRECCION DE FACTURAS;0000000397;n/a;n/a;;;;;;;;;
0;COTIZACIONES;Código (Honorario);;509;Hon.Coord.Elaboración Minuta Declaración Juramenta;0000000534;n/a;n/a;;;;;;;;;
0;COTIZACIONES;Código (Honorario);;510;Honorario por el Registro en el INEN (DUI);0000000843;n/a;n/a;;;;;;;;;
0;COTIZACIONES;Código (Honorario);;511;Hon Evaluación Conformidad Para Prod Importados;0000000844;n/a;n/a;;;;;;;;;
0;COTIZACIONES;Código (Honorario);;512;HONORARIO GESTION DE PERMISO DE FUNCIONAMIENTO;0000000861;n/a;n/a;;;;;;;;;
0;COTIZACIONES;Código (Honorario);;513;HONORARIO COORDINACION INSPECCION AGROCALIDAD;0000000490;n/a;n/a;;;;;;;;;
0;CLIENTE;Tipos de Traifas de clientes;VALIDAR CON T&T;1;General;0000004493;n/a;n/a;n/a;n/a;n/a;n/a;n/a;n/a;n/a;n/a;n/a
0;CLIENTE;Tipos de Traifas de clientes;;2;Importaciones;0000004494;n/a;n/a;n/a;n/a;n/a;n/a;n/a;n/a;n/a;n/a;n/a
0;CLIENTE;Tipos de Traifas de clientes;;3;Exportaciones;0000004495;n/a;n/a;n/a;n/a;n/a;n/a;n/a;n/a;n/a;n/a;n/a
0;CLIENTE;Tipos de Traifas de clientes;;4;Papeles previos;0000004496;n/a;n/a;n/a;n/a;n/a;n/a;n/a;n/a;n/a;n/a;n/a
0;CLIENTE;Tipos de Traifas de clientes;;5;Legal;0000004526;n/a;n/a;n/a;n/a;n/a;n/a;n/a;n/a;n/a;n/a;n/a
0;CLIENTE;Tipos de Traifas de clientes;;6;Regimenes;0000004527;n/a;n/a;n/a;n/a;n/a;n/a;n/a;n/a;n/a;n/a;n/a
0;CLIENTE;Tipos de Traifas de clientes;;7;Especifico;0000004528;n/a;n/a;n/a;n/a;n/a;n/a;n/a;n/a;n/a;n/a;n/a
0;CLIENTE;Tipo carga;VALIDAR CON T&T;1;BREAKBULK EN CAMA BAJA;n/a;0000000142;n/a;n/a;n/a;n/a;n/a;n/a;n/a;n/a;n/a;n/a
0;CLIENTE;Tipo carga;;2;CARGA SUELTA ARROCILLO;n/a;0000000064;n/a;n/a;n/a;n/a;n/a;n/a;n/a;n/a;n/a;n/a
0;CLIENTE;Tipo carga;;3;CARGA SUELTA CÓD. AZUL;n/a;0000000089;n/a;n/a;n/a;n/a;n/a;n/a;n/a;n/a;n/a;n/a
0;CLIENTE;Tipo carga;;4;CARGA SUELTA EN CONTENEDOR DE 20;n/a;0000000091;n/a;n/a;n/a;n/a;n/a;n/a;n/a;n/a;n/a;n/a
0;CLIENTE;Tipo carga;;5;CARGA SUELTA EN COTENEDOR DE 40;n/a;0000000092;n/a;n/a;n/a;n/a;n/a;n/a;n/a;n/a;n/a;n/a
0;CLIENTE;Tipo carga;;6;CARGA SUELTA DESCONSOLIDADA;n/a;0000000061;n/a;n/a;n/a;n/a;n/a;n/a;n/a;n/a;n/a;n/a
0;CLIENTE;Tipo carga;;7;Exportacion Servicio Carga Suelta;n/a;0000000102;n/a;n/a;n/a;n/a;n/a;n/a;n/a;n/a;n/a;n/a
0;CLIENTE;Tipo carga;;8;TRANSPORTE CARGA SUELTA PARA EXPORTACION;n/a;0000000135;n/a;n/a;n/a;n/a;n/a;n/a;n/a;n/a;n/a;n/a
0;CLIENTE;Tipo carga;;9;Carga Suelta Quifatex Consolidada;n/a;0000000069;n/a;n/a;n/a;n/a;n/a;n/a;n/a;n/a;n/a;n/a
0;CLIENTE;Tipo carga;;10;Carga Suelta Quifatex sin consolidar;n/a;0000000070;n/a;n/a;n/a;n/a;n/a;n/a;n/a;n/a;n/a;n/a
0;CLIENTE;Tipo carga;;11;CARGA SUELTA CÓD. ROJO;n/a;0000000090;n/a;n/a;n/a;n/a;n/a;n/a;n/a;n/a;n/a;n/a
0;CLIENTE;Tipo carga;;12;TRANSPORTE CARGA SUELTA EN FURGON COMPLETO;n/a;0000000046;n/a;n/a;n/a;n/a;n/a;n/a;n/a;n/a;n/a;n/a
0;CLIENTE;Tipo carga;;13;CAMION;n/a;0000000025;n/a;n/a;n/a;n/a;n/a;n/a;n/a;n/a;n/a;n/a
0;CLIENTE;Tipo carga;;14;CARGA SUELTA HORARIO NOCTURNO;n/a;0000000116;n/a;n/a;n/a;n/a;n/a;n/a;n/a;n/a;n/a;n/a
0;CLIENTE;Tipo carga;;15;CARGA SUELTA AEREA;n/a;0000000096;n/a;n/a;n/a;n/a;n/a;n/a;n/a;n/a;n/a;n/a
0;CLIENTE;Tipo carga;;16;Carga suelta en General;n/a;0000000015;n/a;n/a;n/a;n/a;n/a;n/a;n/a;n/a;n/a;n/a
0;CLIENTE;Tipo carga;;17;CARGA SUELTA EN PLATAFORMA;n/a;0000000120;n/a;n/a;n/a;n/a;n/a;n/a;n/a;n/a;n/a;n/a
0;CLIENTE;Tipo carga;;18;CARGA SUELTA AEREA REFRIGERADA;n/a;0000000118;n/a;n/a;n/a;n/a;n/a;n/a;n/a;n/a;n/a;n/a
0;CLIENTE;Tipo carga;;19;Distribución  C2.15;n/a;0000000147;n/a;n/a;n/a;n/a;n/a;n/a;n/a;n/a;n/a;n/a
0;CLIENTE;Tipo carga;;20;Distribución  C2.25;n/a;0000000148;n/a;n/a;n/a;n/a;n/a;n/a;n/a;n/a;n/a;n/a
0;CLIENTE;Tipo carga;;21;Distribución  C2.35;n/a;0000000149;n/a;n/a;n/a;n/a;n/a;n/a;n/a;n/a;n/a;n/a
0;CLIENTE;Tipo carga;;22;Distribución  C2.45;n/a;0000000150;n/a;n/a;n/a;n/a;n/a;n/a;n/a;n/a;n/a;n/a
0;CLIENTE;Tipo carga;;23;Distirbución C2-52;n/a;0000000154;n/a;n/a;n/a;n/a;n/a;n/a;n/a;n/a;n/a;n/a
0;CLIENTE;Tipo carga;;24;Distribución  C2.60;n/a;0000000151;n/a;n/a;n/a;n/a;n/a;n/a;n/a;n/a;n/a;n/a
0;CLIENTE;Tipo carga;;25;Distribución T3S2M;n/a;0000000153;n/a;n/a;n/a;n/a;n/a;n/a;n/a;n/a;n/a;n/a
0;CLIENTE;Tipo carga;;26;Distribución T3S2;n/a;0000000152;n/a;n/a;n/a;n/a;n/a;n/a;n/a;n/a;n/a;n/a
0;CLIENTE;Tipo carga;;27;DISTRIBUCION;n/a;0000000143;n/a;n/a;n/a;n/a;n/a;n/a;n/a;n/a;n/a;n/a
0;CLIENTE;Tipo carga;;28;Furgón / Carga suelta consolidada;n/a;0000000131;n/a;n/a;n/a;n/a;n/a;n/a;n/a;n/a;n/a;n/a
0;CLIENTE;Tipo carga;;29;INBOUND;n/a;0000000144;n/a;n/a;n/a;n/a;n/a;n/a;n/a;n/a;n/a;n/a
0;CLIENTE;Tipo carga;;30;VEHICULOS EN NIÑERAS;n/a;0000000146;n/a;n/a;n/a;n/a;n/a;n/a;n/a;n/a;n/a;n/a
0;CLIENTE;Tipo carga;;31;SACOS;n/a;0000000033;n/a;n/a;n/a;n/a;n/a;n/a;n/a;n/a;n/a;n/a
0;CLIENTE;Tipo carga;;32;Transporte Carga Suelta no Consolidada;n/a;0000000121;n/a;n/a;n/a;n/a;n/a;n/a;n/a;n/a;n/a;n/a
0;CLIENTE;Rubro a Facturar;Nombre;1;                                                  ;n/a;0000000040;n/a;n/a;n/a;n/a;n/a;n/a;n/a;n/a;n/a;n/a
0;CLIENTE;Rubro a Facturar;Nombre;2;FLETE EXTENDIDO;n/a;0000000235;n/a;n/a;n/a;n/a;n/a;n/a;n/a;n/a;n/a;n/a
0;CLIENTE;Rubro a Facturar;Nombre;3;DIFERENCIA DE TRANSPORTE;n/a;0000000257;n/a;n/a;n/a;n/a;n/a;n/a;n/a;n/a;n/a;n/a
0;CLIENTE;Rubro a Facturar;Nombre;4;HONORARIO INSPECCION DE CONTENEDOR VACIO;n/a;0000000258;n/a;n/a;n/a;n/a;n/a;n/a;n/a;n/a;n/a;n/a
0;CLIENTE;Rubro a Facturar;Nombre;5;Reembolso RECEPCION DE CONTENEDOR;n/a;0000000193;n/a;n/a;n/a;n/a;n/a;n/a;n/a;n/a;n/a;n/a
0;CLIENTE;Rubro a Facturar;Nombre;6;VENTA DE BATERIAS;n/a;0000000175;n/a;n/a;n/a;n/a;n/a;n/a;n/a;n/a;n/a;n/a
0;CLIENTE;Rubro a Facturar;Nombre;7;COORDINACION ALQUILER DE GRUA;n/a;0000000102;n/a;n/a;n/a;n/a;n/a;n/a;n/a;n/a;n/a;n/a
0;CLIENTE;Rubro a Facturar;Nombre;8;HON. GESTION DE EMISION Y/O RECUPERACION GARANTIA;n/a;0000000273;n/a;n/a;n/a;n/a;n/a;n/a;n/a;n/a;n/a;n/a
0;CLIENTE;Rubro a Facturar;Nombre;9;COORDINACION DE ALQUILER DE CONTENEDOR;n/a;0000000274;n/a;n/a;n/a;n/a;n/a;n/a;n/a;n/a;n/a;n/a
0;CLIENTE;Rubro a Facturar;Nombre;10;HONORARIO POR COORDINACION DE DESCONSOLIDACION;n/a;0000000275;n/a;n/a;n/a;n/a;n/a;n/a;n/a;n/a;n/a;n/a
0;CLIENTE;Rubro a Facturar;Nombre;11;REEMBOLSO DE ALQ.CLIPON Y COMBUST.;n/a;0000000280;n/a;n/a;n/a;n/a;n/a;n/a;n/a;n/a;n/a;n/a
0;CLIENTE;Rubro a Facturar;Nombre;12;HONORARIO COORD. PORTURARIA POR SALIDA DE CONT.;n/a;0000000281;n/a;n/a;n/a;n/a;n/a;n/a;n/a;n/a;n/a;n/a
0;CLIENTE;Rubro a Facturar;Nombre;13;REEMBOLSO STAN BY;n/a;0000000283;n/a;n/a;n/a;n/a;n/a;n/a;n/a;n/a;n/a;n/a
0;CLIENTE;Rubro a Facturar;Nombre;14;KIT ANTIDERRAME;n/a;0000000284;n/a;n/a;n/a;n/a;n/a;n/a;n/a;n/a;n/a;n/a
0;CLIENTE;Rubro a Facturar;Nombre;15;HONORARIO INSPSECTOR PARA DESCARGUE DE MERCANCIA;n/a;0000000285;n/a;n/a;n/a;n/a;n/a;n/a;n/a;n/a;n/a;n/a
0;CLIENTE;Rubro a Facturar;Nombre;16;Hon. Coord. Alquiler Elevador Lateral;n/a;0000000287;n/a;n/a;n/a;n/a;n/a;n/a;n/a;n/a;n/a;n/a
0;CLIENTE;Rubro a Facturar;Nombre;17;Otros servicios auxiliares del transporte de carga;n/a;0000000288;n/a;n/a;n/a;n/a;n/a;n/a;n/a;n/a;n/a;n/a
0;CLIENTE;Rubro a Facturar;Nombre;18;HONORARIO ASISTENCIA TECNICA;n/a;0000000289;n/a;n/a;n/a;n/a;n/a;n/a;n/a;n/a;n/a;n/a
0;CLIENTE;Rubro a Facturar;Nombre;19;HON. COORD. MOVIMIENTO DE CONTENEDOR;n/a;0000000290;n/a;n/a;n/a;n/a;n/a;n/a;n/a;n/a;n/a;n/a
0;CLIENTE;Rubro a Facturar;Nombre;20;COPIADORA 2230 CANON;n/a;0000000291;n/a;n/a;n/a;n/a;n/a;n/a;n/a;n/a;n/a;n/a
0;CLIENTE;Rubro a Facturar;Nombre;21;VENTA TACOS DE 10X20X35;n/a;0000000292;n/a;n/a;n/a;n/a;n/a;n/a;n/a;n/a;n/a;n/a
0;CLIENTE;Rubro a Facturar;Nombre;22;RELOJ DE MARCACION NOBIS;n/a;0000000293;n/a;n/a;n/a;n/a;n/a;n/a;n/a;n/a;n/a;n/a
0;CLIENTE;Rubro a Facturar;Nombre;23;COORDINACION DE DEVOLUCION DE CONTENEDOR VACIO;n/a;0000000294;n/a;n/a;n/a;n/a;n/a;n/a;n/a;n/a;n/a;n/a
0;CLIENTE;Rubro a Facturar;Nombre;24;HONORARIO HANDLING IN/OUT BUNKER POR CONTENEDOR;n/a;0000000295;n/a;n/a;n/a;n/a;n/a;n/a;n/a;n/a;n/a;n/a
0;CLIENTE;Rubro a Facturar;Nombre;25;COORDINACION DE SERVICIOS;n/a;0000000296;n/a;n/a;n/a;n/a;n/a;n/a;n/a;n/a;n/a;n/a
0;CLIENTE;Rubro a Facturar;Nombre;26;COORD. ALQ DE CONTENEDOR- TOLEPU;n/a;0000000297;n/a;n/a;n/a;n/a;n/a;n/a;n/a;n/a;n/a;n/a
0;CLIENTE;Rubro a Facturar;Nombre;27;COORDINACION ALQUILER CONT. SUDU5525074;n/a;0000000298;n/a;n/a;n/a;n/a;n/a;n/a;n/a;n/a;n/a;n/a
0;CLIENTE;Rubro a Facturar;Nombre;28;COORDINACION ALQUILER CONT. SUDU4933641;n/a;0000000299;n/a;n/a;n/a;n/a;n/a;n/a;n/a;n/a;n/a;n/a
0;CLIENTE;Rubro a Facturar;Nombre;29;COORDINACION ALQUILER CONT. NYKU5688256;n/a;0000000300;n/a;n/a;n/a;n/a;n/a;n/a;n/a;n/a;n/a;n/a
0;CLIENTE;Rubro a Facturar;Nombre;30;COORDINACION ALQUILER CONT. HNSU5007418;n/a;0000000301;n/a;n/a;n/a;n/a;n/a;n/a;n/a;n/a;n/a;n/a
0;CLIENTE;Rubro a Facturar;Nombre;31;AIRES ACONDICIONADOS;n/a;0000000302;n/a;n/a;n/a;n/a;n/a;n/a;n/a;n/a;n/a;n/a
0;CLIENTE;Rubro a Facturar;Nombre;32;Otros Serv. Aux.Transp. Carga - Dev. Contenedores;n/a;0000000303;n/a;n/a;n/a;n/a;n/a;n/a;n/a;n/a;n/a;n/a
0;CLIENTE;Rubro a Facturar;Nombre;33;TANQUE ELEVADO;n/a;0000000304;n/a;n/a;n/a;n/a;n/a;n/a;n/a;n/a;n/a;n/a
0;CLIENTE;Rubro a Facturar;Nombre;34;TRANSFORMADOR 50 KVA;n/a;0000000305;n/a;n/a;n/a;n/a;n/a;n/a;n/a;n/a;n/a;n/a
0;CLIENTE;Rubro a Facturar;Nombre;35;CONTENEDORES DE 45 PIES;n/a;0000000306;n/a;n/a;n/a;n/a;n/a;n/a;n/a;n/a;n/a;n/a
0;CLIENTE;Rubro a Facturar;Nombre;36;COORDINACION ALQ. CONT. HLXU8115672;n/a;0000000307;n/a;n/a;n/a;n/a;n/a;n/a;n/a;n/a;n/a;n/a
0;CLIENTE;Rubro a Facturar;Nombre;37;COORDINACION ALQUILER CONT. FXLU9501904;n/a;0000000308;n/a;n/a;n/a;n/a;n/a;n/a;n/a;n/a;n/a;n/a
0;CLIENTE;Rubro a Facturar;Nombre;38;COORDINACION ALQUILER CONT. FXLU9501334;n/a;0000000309;n/a;n/a;n/a;n/a;n/a;n/a;n/a;n/a;n/a;n/a
0;CLIENTE;Rubro a Facturar;Nombre;39;COORDINACION ALQUILER CONT. AMFU3248355;n/a;0000000310;n/a;n/a;n/a;n/a;n/a;n/a;n/a;n/a;n/a;n/a
0;CLIENTE;Rubro a Facturar;Nombre;40;COORDINACION DE ESTIBA;n/a;0000000314;n/a;n/a;n/a;n/a;n/a;n/a;n/a;n/a;n/a;n/a
0;CLIENTE;Rubro a Facturar;Nombre;41;COORDINACION ALQ. CONT. 20DV - SEGU2215460;n/a;0000000315;n/a;n/a;n/a;n/a;n/a;n/a;n/a;n/a;n/a;n/a
0;CLIENTE;Rubro a Facturar;Nombre;42;COORDINACION ALQ. CONT. 20DV- SEGU2207491;n/a;0000000316;n/a;n/a;n/a;n/a;n/a;n/a;n/a;n/a;n/a;n/a
0;CLIENTE;Rubro a Facturar;Nombre;43;COORDINACION ALQ. CONT.20DV - SEGU2213529;n/a;0000000317;n/a;n/a;n/a;n/a;n/a;n/a;n/a;n/a;n/a;n/a
0;CLIENTE;Rubro a Facturar;Nombre;44;COORDINACION ALQ. CONT. 20DV- SEGU2212712;n/a;0000000318;n/a;n/a;n/a;n/a;n/a;n/a;n/a;n/a;n/a;n/a
0;CLIENTE;Rubro a Facturar;Nombre;45;HONORARIO RETIRO DE CONTENEDOR VACIO;n/a;0000000319;n/a;n/a;n/a;n/a;n/a;n/a;n/a;n/a;n/a;n/a
0;CLIENTE;Rubro a Facturar;Nombre;46;HONORARIO ALMACENAJE DE RECHAZOS;n/a;0000000320;n/a;n/a;n/a;n/a;n/a;n/a;n/a;n/a;n/a;n/a
0;CLIENTE;Rubro a Facturar;Nombre;47;FLETE TERRESTRE;n/a;0000000321;n/a;n/a;n/a;n/a;n/a;n/a;n/a;n/a;n/a;n/a
0;CLIENTE;Rubro a Facturar;Nombre;48;CARPA 4X4 CON LOGO;n/a;0000000322;n/a;n/a;n/a;n/a;n/a;n/a;n/a;n/a;n/a;n/a
0;CLIENTE;Rubro a Facturar;Nombre;49;REMBOLSO DE GUARDIA ARMADO;n/a;0000000323;n/a;n/a;n/a;n/a;n/a;n/a;n/a;n/a;n/a;n/a
0;CLIENTE;Rubro a Facturar;Nombre;50;HONORARIO POR SELLO;n/a;0000000324;n/a;n/a;n/a;n/a;n/a;n/a;n/a;n/a;n/a;n/a
0;CLIENTE;Rubro a Facturar;Nombre;51;USO DE GARANTÍA DE CONTENEDOR;n/a;0000000325;n/a;n/a;n/a;n/a;n/a;n/a;n/a;n/a;n/a;n/a
0;CLIENTE;Rubro a Facturar;Nombre;52;COORDINACION ALQ. DE PORTACONTENEDOR;n/a;0000000326;n/a;n/a;n/a;n/a;n/a;n/a;n/a;n/a;n/a;n/a
0;CLIENTE;Rubro a Facturar;Nombre;53;RELOJ BIOMETRICO;n/a;0000000327;n/a;n/a;n/a;n/a;n/a;n/a;n/a;n/a;n/a;n/a
0;CLIENTE;Rubro a Facturar;Nombre;54;HONORARIO GESTION POR SALVOCONDUCTO DE TRANSITO;n/a;0000000328;n/a;n/a;n/a;n/a;n/a;n/a;n/a;n/a;n/a;n/a
0;CLIENTE;Rubro a Facturar;Nombre;55;COMPRESOR DE AIRE_2HP;n/a;0000000329;n/a;n/a;n/a;n/a;n/a;n/a;n/a;n/a;n/a;n/a
0;CLIENTE;Rubro a Facturar;Nombre;56;VENTA FURGON USADO;n/a;0000000330;n/a;n/a;n/a;n/a;n/a;n/a;n/a;n/a;n/a;n/a
0;CLIENTE;Rubro a Facturar;Nombre;57;HONORARIO LIMPIEZA CONTENEDOR;n/a;0000000331;n/a;n/a;n/a;n/a;n/a;n/a;n/a;n/a;n/a;n/a
0;CLIENTE;Rubro a Facturar;Nombre;58;VENTA DE TABLETS;n/a;0000000333;n/a;n/a;n/a;n/a;n/a;n/a;n/a;n/a;n/a;n/a
0;CLIENTE;Rubro a Facturar;Nombre;59;HONORARIO POR TRANSP. DEVOLUCION DE CONT.VACIO;n/a;0000000339;n/a;n/a;n/a;n/a;n/a;n/a;n/a;n/a;n/a;n/a
0;CLIENTE;Rubro a Facturar;Nombre;60;HONORARIO DE COORD DE RETIRO DE SELLO DE BOTELLA;n/a;0000000334;n/a;n/a;n/a;n/a;n/a;n/a;n/a;n/a;n/a;n/a
0;CLIENTE;Rubro a Facturar;Nombre;61;HONORARIO DE COLOCACION DE PLASTICOS;n/a;0000000338;n/a;n/a;n/a;n/a;n/a;n/a;n/a;n/a;n/a;n/a
0;CLIENTE;Rubro a Facturar;Nombre;62;COORDINACION ALMACENAMIENTO DE CONT. VACIO X DIA;n/a;0000000340;n/a;n/a;n/a;n/a;n/a;n/a;n/a;n/a;n/a;n/a
0;CLIENTE;Rubro a Facturar;Nombre;63;MYE-038V GRADILLERO 15 NIVELES DOBLES;n/a;0000000341;n/a;n/a;n/a;n/a;n/a;n/a;n/a;n/a;n/a;n/a
0;CLIENTE;Rubro a Facturar;Nombre;64;ET-137 PAPI 12;n/a;0000000342;n/a;n/a;n/a;n/a;n/a;n/a;n/a;n/a;n/a;n/a
0;CLIENTE;Rubro a Facturar;Nombre;65;ET-021 PAPI 13;n/a;0000000343;n/a;n/a;n/a;n/a;n/a;n/a;n/a;n/a;n/a;n/a
0;CLIENTE;Rubro a Facturar;Nombre;66;ET-024 PAPI 15;n/a;0000000344;n/a;n/a;n/a;n/a;n/a;n/a;n/a;n/a;n/a;n/a
0;CLIENTE;Rubro a Facturar;Nombre;67;COORDINACION ALMACENAMIENTO DE CONTENEDOR X DIA;n/a;0000000346;n/a;n/a;n/a;n/a;n/a;n/a;n/a;n/a;n/a;n/a
0;CLIENTE;Rubro a Facturar;Nombre;68;COORDINACION ALMACENAMIENTO DE CARGA SUELTA X DIA;n/a;0000000347;n/a;n/a;n/a;n/a;n/a;n/a;n/a;n/a;n/a;n/a
0;CLIENTE;Rubro a Facturar;Nombre;69;VENTA DE DISPENSADOR;n/a;0000000348;n/a;n/a;n/a;n/a;n/a;n/a;n/a;n/a;n/a;n/a
0;CLIENTE;Rubro a Facturar;Nombre;70;Honorario de Servicio de In-House;n/a;0000000349;n/a;n/a;n/a;n/a;n/a;n/a;n/a;n/a;n/a;n/a
0;CLIENTE;Rubro a Facturar;Nombre;71;COORDINACION DE ALQUILER DE MONTACARGAS;n/a;0000000032;n/a;n/a;n/a;n/a;n/a;n/a;n/a;n/a;n/a;n/a
0;CLIENTE;Rubro a Facturar;Nombre;72;ALQUILER DE CAMIONETA;n/a;0000000046;n/a;n/a;n/a;n/a;n/a;n/a;n/a;n/a;n/a;n/a
0;CLIENTE;Rubro a Facturar;Nombre;73;ALQUILER FURGON;n/a;0000000225;n/a;n/a;n/a;n/a;n/a;n/a;n/a;n/a;n/a;n/a
0;CLIENTE;Rubro a Facturar;Nombre;74;COORDINACION ALQUILER DE CNTR.;n/a;0000000053;n/a;n/a;n/a;n/a;n/a;n/a;n/a;n/a;n/a;n/a
0;CLIENTE;Rubro a Facturar;Nombre;75;ALQUILER DE CABEZAL;n/a;0000000083;n/a;n/a;n/a;n/a;n/a;n/a;n/a;n/a;n/a;n/a
0;CLIENTE;Rubro a Facturar;Nombre;76;ALQUILER DE  PLATAFORMA/CHASIS;n/a;0000000084;n/a;n/a;n/a;n/a;n/a;n/a;n/a;n/a;n/a;n/a
0;CLIENTE;Rubro a Facturar;Nombre;77;HONORARIO SOBRESTADIA CUST. PASIVA;n/a;0000000263;n/a;n/a;n/a;n/a;n/a;n/a;n/a;n/a;n/a;n/a
0;CLIENTE;Rubro a Facturar;Nombre;78;ADOQUINES;n/a;0000000247;n/a;n/a;n/a;n/a;n/a;n/a;n/a;n/a;n/a;n/a
0;CLIENTE;Rubro a Facturar;Nombre;79;HONORARIO TRANSPORTES;n/a;0000000124;n/a;n/a;n/a;n/a;n/a;n/a;n/a;n/a;n/a;n/a
0;CLIENTE;Rubro a Facturar;Nombre;80;Coordinación de Alquiler de contenedor día adicio;n/a;0000000279;n/a;n/a;n/a;n/a;n/a;n/a;n/a;n/a;n/a;n/a
0;CLIENTE;Rubro a Facturar;Nombre;81;ARRIENDO;n/a;0000000204;n/a;n/a;n/a;n/a;n/a;n/a;n/a;n/a;n/a;n/a
0;CLIENTE;Rubro a Facturar;Nombre;82;COORDINACION POR ALQUILER DE BODEGA;n/a;0000000026;n/a;n/a;n/a;n/a;n/a;n/a;n/a;n/a;n/a;n/a
0;CLIENTE;Rubro a Facturar;Nombre;83;CUSTODIA PASIVA EN VEHICULO BS;n/a;0000000278;n/a;n/a;n/a;n/a;n/a;n/a;n/a;n/a;n/a;n/a
0;CLIENTE;Rubro a Facturar;Nombre;84;BOTELLONES DE AGUA 20 LTS;n/a;0000000282;n/a;n/a;n/a;n/a;n/a;n/a;n/a;n/a;n/a;n/a
0;CLIENTE;Rubro a Facturar;Nombre;85;HON MONITOREO NOCTURNO HORA / FRACCION ADICIONAL;n/a;0000000250;n/a;n/a;n/a;n/a;n/a;n/a;n/a;n/a;n/a;n/a
0;CLIENTE;Rubro a Facturar;Nombre;86;COORDINACION CUSTODIA ARMADA EN VEHICULO;n/a;0000000157;n/a;n/a;n/a;n/a;n/a;n/a;n/a;n/a;n/a;n/a
0;CLIENTE;Rubro a Facturar;Nombre;87;COORDINACION CUSTODIO ARMADO ADICIONAL;n/a;0000000158;n/a;n/a;n/a;n/a;n/a;n/a;n/a;n/a;n/a;n/a
0;CLIENTE;Rubro a Facturar;Nombre;88;COORDINACION AECON;n/a;0000000203;n/a;n/a;n/a;n/a;n/a;n/a;n/a;n/a;n/a;n/a
0;CLIENTE;Rubro a Facturar;Nombre;89;HONORARIO MONITOREO CONTENEDORES ADICIONALES;n/a;0000000231;n/a;n/a;n/a;n/a;n/a;n/a;n/a;n/a;n/a;n/a
0;CLIENTE;Rubro a Facturar;Nombre;90;HONORARIO MONITOREO CONTENEDORES;n/a;0000000230;n/a;n/a;n/a;n/a;n/a;n/a;n/a;n/a;n/a;n/a
0;CLIENTE;Rubro a Facturar;Nombre;91;HONORARIOS CORDINACION RETIRO/CARGA;n/a;0000000226;n/a;n/a;n/a;n/a;n/a;n/a;n/a;n/a;n/a;n/a
0;CLIENTE;Rubro a Facturar;Nombre;92;HON. MONITOREO DE CONT-SERV COMPLETO CON SELLO;n/a;0000000239;n/a;n/a;n/a;n/a;n/a;n/a;n/a;n/a;n/a;n/a
0;CLIENTE;Rubro a Facturar;Nombre;93;HON. MONITOREO NOCTURNO;n/a;0000000251;n/a;n/a;n/a;n/a;n/a;n/a;n/a;n/a;n/a;n/a
0;CLIENTE;Rubro a Facturar;Nombre;94;HON. MONITOREO NOCTURNO  (4 HORAS);n/a;0000000249;n/a;n/a;n/a;n/a;n/a;n/a;n/a;n/a;n/a;n/a
0;CLIENTE;Rubro a Facturar;Nombre;95;Honorario Coordinación Alquiler de Gen Sep/Clipon;n/a;0000000115;n/a;n/a;n/a;n/a;n/a;n/a;n/a;n/a;n/a;n/a
0;CLIENTE;Rubro a Facturar;Nombre;96;Honorario Coordinación Alquiler de Generadores T&T;n/a;0000000345;n/a;n/a;n/a;n/a;n/a;n/a;n/a;n/a;n/a;n/a
0;CLIENTE;Rubro a Facturar;Nombre;97;COORDINACION CUSTODIO ARMADO EN CABINA;n/a;0000000033;n/a;n/a;n/a;n/a;n/a;n/a;n/a;n/a;n/a;n/a
0;CLIENTE;Rubro a Facturar;Nombre;98;CUADRILLAS CNTR 20;n/a;0000000023;n/a;n/a;n/a;n/a;n/a;n/a;n/a;n/a;n/a;n/a
0;CLIENTE;Rubro a Facturar;Nombre;99;CUADRILLA 40 CNTR.;n/a;0000000025;n/a;n/a;n/a;n/a;n/a;n/a;n/a;n/a;n/a;n/a
0;CLIENTE;Rubro a Facturar;Nombre;100;COORDINACION;n/a;0000000110;n/a;n/a;n/a;n/a;n/a;n/a;n/a;n/a;n/a;n/a
0;CLIENTE;Rubro a Facturar;Nombre;101;COORDINACION DE TRANSPORTE;n/a;0000000209;n/a;n/a;n/a;n/a;n/a;n/a;n/a;n/a;n/a;n/a
0;CLIENTE;Rubro a Facturar;Nombre;102;CAMIONETA CHEVROLET DIESEL 1 CABINA;n/a;0000000259;n/a;n/a;n/a;n/a;n/a;n/a;n/a;n/a;n/a;n/a
0;CLIENTE;Rubro a Facturar;Nombre;103;CARCAZA DE LLANTAS 11R22.5;n/a;0000000206;n/a;n/a;n/a;n/a;n/a;n/a;n/a;n/a;n/a;n/a
0;CLIENTE;Rubro a Facturar;Nombre;104;CARCAZA 12R22.5;n/a;0000000254;n/a;n/a;n/a;n/a;n/a;n/a;n/a;n/a;n/a;n/a
0;CLIENTE;Rubro a Facturar;Nombre;105;CARCAZA 7.50-16;n/a;0000000255;n/a;n/a;n/a;n/a;n/a;n/a;n/a;n/a;n/a;n/a
0;CLIENTE;Rubro a Facturar;Nombre;106;COORDINACION DE DESEMBARQUE;n/a;0000000136;n/a;n/a;n/a;n/a;n/a;n/a;n/a;n/a;n/a;n/a
0;CLIENTE;Rubro a Facturar;Nombre;107;COORDINACION DE CHOFER DE VEHICULO;n/a;0000000153;n/a;n/a;n/a;n/a;n/a;n/a;n/a;n/a;n/a;n/a
0;CLIENTE;Rubro a Facturar;Nombre;108;COMISIONES;n/a;0000000173;n/a;n/a;n/a;n/a;n/a;n/a;n/a;n/a;n/a;n/a
0;CLIENTE;Rubro a Facturar;Nombre;109;CONTENEDOR 20 SCZU 8240735;n/a;0000000181;n/a;n/a;n/a;n/a;n/a;n/a;n/a;n/a;n/a;n/a
0;CLIENTE;Rubro a Facturar;Nombre;110;CONTENEDOR 20 HLCU 241973-3;n/a;0000000182;n/a;n/a;n/a;n/a;n/a;n/a;n/a;n/a;n/a;n/a
0;CLIENTE;Rubro a Facturar;Nombre;111;CONTENEDORES DE 40 PIES;n/a;0000000186;n/a;n/a;n/a;n/a;n/a;n/a;n/a;n/a;n/a;n/a
0;CLIENTE;Rubro a Facturar;Nombre;112;COPIADORA IR-1600 CANON;n/a;0000000184;n/a;n/a;n/a;n/a;n/a;n/a;n/a;n/a;n/a;n/a
0;CLIENTE;Rubro a Facturar;Nombre;113;CUSTODIA ARMADA<NO USAR>;n/a;0000000253;n/a;n/a;n/a;n/a;n/a;n/a;n/a;n/a;n/a;n/a
0;CLIENTE;Rubro a Facturar;Nombre;114;COORDINACION CUSTODIA PASIVA;n/a;0000000098;n/a;n/a;n/a;n/a;n/a;n/a;n/a;n/a;n/a;n/a
0;CLIENTE;Rubro a Facturar;Nombre;115;DISTRIBUCION DENTRO P.URBANO;n/a;0000000120;n/a;n/a;n/a;n/a;n/a;n/a;n/a;n/a;n/a;n/a
0;CLIENTE;Rubro a Facturar;Nombre;116;HON. ALQUILER ESPACIO PARA DESCONSOLIDACION/CONSO;n/a;0000000180;n/a;n/a;n/a;n/a;n/a;n/a;n/a;n/a;n/a;n/a
0;CLIENTE;Rubro a Facturar;Nombre;117;EXPORTACION DE SERVICIOS;n/a;0000000163;n/a;n/a;n/a;n/a;n/a;n/a;n/a;n/a;n/a;n/a
0;CLIENTE;Rubro a Facturar;Nombre;118;ESTIBA DE CARGA SUELTA;n/a;0000000013;n/a;n/a;n/a;n/a;n/a;n/a;n/a;n/a;n/a;n/a
0;CLIENTE;Rubro a Facturar;Nombre;119;ESTIBA EN GUAYAQUIL;n/a;0000000100;n/a;n/a;n/a;n/a;n/a;n/a;n/a;n/a;n/a;n/a
0;CLIENTE;Rubro a Facturar;Nombre;120;ESTIBA EN  QTO.;n/a;0000000101;n/a;n/a;n/a;n/a;n/a;n/a;n/a;n/a;n/a;n/a
0;CLIENTE;Rubro a Facturar;Nombre;121;ESTIBA CAYAMBE;n/a;0000000262;n/a;n/a;n/a;n/a;n/a;n/a;n/a;n/a;n/a;n/a
0;CLIENTE;Rubro a Facturar;Nombre;122;ESTIBA DE 1X20 CNTR;n/a;0000000068;n/a;n/a;n/a;n/a;n/a;n/a;n/a;n/a;n/a;n/a
0;CLIENTE;Rubro a Facturar;Nombre;123;ESTIBA DE  1X40 CNTR;n/a;0000000086;n/a;n/a;n/a;n/a;n/a;n/a;n/a;n/a;n/a;n/a
0;CLIENTE;Rubro a Facturar;Nombre;124;TRANSP.20 CNTR.A MILAGRO;n/a;0000000009;n/a;n/a;n/a;n/a;n/a;n/a;n/a;n/a;n/a;n/a
0;CLIENTE;Rubro a Facturar;Nombre;125;ESTIBA DE PLATAFORMA 12 METROS;n/a;0000000207;n/a;n/a;n/a;n/a;n/a;n/a;n/a;n/a;n/a;n/a
0;CLIENTE;Rubro a Facturar;Nombre;126;ESTIBADA - TRASBORDO;n/a;0000000069;n/a;n/a;n/a;n/a;n/a;n/a;n/a;n/a;n/a;n/a
0;CLIENTE;Rubro a Facturar;Nombre;127;ESTIBA;n/a;0000000128;n/a;n/a;n/a;n/a;n/a;n/a;n/a;n/a;n/a;n/a
0;CLIENTE;Rubro a Facturar;Nombre;128;CAMARA SONY DSC W520 14.1 A. LOPEZ;n/a;0000000252;n/a;n/a;n/a;n/a;n/a;n/a;n/a;n/a;n/a;n/a
0;CLIENTE;Rubro a Facturar;Nombre;129;NOTEBOOK DELL LATITUDE CORE  I5-7200U S/. DPSRCQ2;n/a;0000000353;n/a;n/a;n/a;n/a;n/a;n/a;n/a;n/a;n/a;n/a
0;CLIENTE;Rubro a Facturar;Nombre;130;EDIFICIO CASA BLANCA;n/a;0000000276;n/a;n/a;n/a;n/a;n/a;n/a;n/a;n/a;n/a;n/a
0;CLIENTE;Rubro a Facturar;Nombre;131;EMBALAJE AFORO;n/a;0000000148;n/a;n/a;n/a;n/a;n/a;n/a;n/a;n/a;n/a;n/a
0;CLIENTE;Rubro a Facturar;Nombre;132;EMBALAJE PALETAS;n/a;0000000149;n/a;n/a;n/a;n/a;n/a;n/a;n/a;n/a;n/a;n/a
0;CLIENTE;Rubro a Facturar;Nombre;133;EMBALAJE MENAJE;n/a;0000000150;n/a;n/a;n/a;n/a;n/a;n/a;n/a;n/a;n/a;n/a
0;CLIENTE;Rubro a Facturar;Nombre;134;EMBALAJE CAJAS;n/a;0000000151;n/a;n/a;n/a;n/a;n/a;n/a;n/a;n/a;n/a;n/a
0;CLIENTE;Rubro a Facturar;Nombre;135;EMBALAJE CARTON;n/a;0000000152;n/a;n/a;n/a;n/a;n/a;n/a;n/a;n/a;n/a;n/a
0;CLIENTE;Rubro a Facturar;Nombre;136;"TV LG 50"" LED FULLHD 1080P HDMI USB";n/a;0000000352;n/a;n/a;n/a;n/a;n/a;n/a;n/a;n/a;n/a;n/a
0;CLIENTE;Rubro a Facturar;Nombre;137;CAMION MODELO: HINO CHASIS: JHDFM1JRU7XX10149;n/a;0000000240;n/a;n/a;n/a;n/a;n/a;n/a;n/a;n/a;n/a;n/a
0;CLIENTE;Rubro a Facturar;Nombre;138;EQUIPO CHASIS PORTA CONTENEDOR #11;n/a;0000000242;n/a;n/a;n/a;n/a;n/a;n/a;n/a;n/a;n/a;n/a
0;CLIENTE;Rubro a Facturar;Nombre;139;MOTOCICLETA JINCHENG AZUL - PLACA P040104;n/a;0000000214;n/a;n/a;n/a;n/a;n/a;n/a;n/a;n/a;n/a;n/a
0;CLIENTE;Rubro a Facturar;Nombre;140;MOTOCICLETA XTREME ROJA PLACA 044915 AÑO 2006;n/a;0000000213;n/a;n/a;n/a;n/a;n/a;n/a;n/a;n/a;n/a;n/a
0;CLIENTE;Rubro a Facturar;Nombre;141;MOTO PLACA GVW-982 MOTOR E12JR107381;n/a;0000000189;n/a;n/a;n/a;n/a;n/a;n/a;n/a;n/a;n/a;n/a
0;CLIENTE;Rubro a Facturar;Nombre;142;ET-035 CAMIONETA CHEVROLET LUV DOBLE CABINA;n/a;0000000311;n/a;n/a;n/a;n/a;n/a;n/a;n/a;n/a;n/a;n/a
0;CLIENTE;Rubro a Facturar;Nombre;143;ET-038 CAMIONETA DIMAX DOBLE CABINA BLANCA 4X2;n/a;0000000312;n/a;n/a;n/a;n/a;n/a;n/a;n/a;n/a;n/a;n/a
0;CLIENTE;Rubro a Facturar;Nombre;144;ET-042 CAMIONETA DIMAX DOBLE CABINA BLANCA 4X2;n/a;0000000313;n/a;n/a;n/a;n/a;n/a;n/a;n/a;n/a;n/a;n/a
0;CLIENTE;Rubro a Facturar;Nombre;145;ET-095A CONTENEDOR 1x 40 SUDU5525074;n/a;0000000356;n/a;n/a;n/a;n/a;n/a;n/a;n/a;n/a;n/a;n/a
0;CLIENTE;Rubro a Facturar;Nombre;146;ET-131 CONTENEDOR 40DV HNSU5007418;n/a;0000000355;n/a;n/a;n/a;n/a;n/a;n/a;n/a;n/a;n/a;n/a
0;CLIENTE;Rubro a Facturar;Nombre;147;ET-132 CONTENEDOR 40DV NYKU5688256;n/a;0000000350;n/a;n/a;n/a;n/a;n/a;n/a;n/a;n/a;n/a;n/a
0;CLIENTE;Rubro a Facturar;Nombre;148;ET-139 CONTENEDOR 40 HC  HLXU8115672;n/a;0000000354;n/a;n/a;n/a;n/a;n/a;n/a;n/a;n/a;n/a;n/a
0;CLIENTE;Rubro a Facturar;Nombre;149;ET-140 CONTENEDOR  40HC FXLU9501334;n/a;0000000351;n/a;n/a;n/a;n/a;n/a;n/a;n/a;n/a;n/a;n/a
0;CLIENTE;Rubro a Facturar;Nombre;150;MOTO PLACA GVW-974 MOTOR E12JR107357;n/a;0000000190;n/a;n/a;n/a;n/a;n/a;n/a;n/a;n/a;n/a;n/a
0;CLIENTE;Rubro a Facturar;Nombre;151;CAMIONETA CHEVROLET D-MAX DIESEL 4X2 STD 2011;n/a;0000000222;n/a;n/a;n/a;n/a;n/a;n/a;n/a;n/a;n/a;n/a
0;CLIENTE;Rubro a Facturar;Nombre;152;FLETE A QUITO;n/a;0000000049;n/a;n/a;n/a;n/a;n/a;n/a;n/a;n/a;n/a;n/a
0;CLIENTE;Rubro a Facturar;Nombre;153;FLETE A IBARRA;n/a;0000000050;n/a;n/a;n/a;n/a;n/a;n/a;n/a;n/a;n/a;n/a
0;CLIENTE;Rubro a Facturar;Nombre;154;FLETE FALSO 3 CNTR;n/a;0000000052;n/a;n/a;n/a;n/a;n/a;n/a;n/a;n/a;n/a;n/a
0;CLIENTE;Rubro a Facturar;Nombre;155;HONORARIOS PESAJE;n/a;0000000051;n/a;n/a;n/a;n/a;n/a;n/a;n/a;n/a;n/a;n/a
0;CLIENTE;Rubro a Facturar;Nombre;156;FLETE A MANTA;n/a;0000000066;n/a;n/a;n/a;n/a;n/a;n/a;n/a;n/a;n/a;n/a
0;CLIENTE;Rubro a Facturar;Nombre;157;REPARAC.DE PISO DANADO X MONTA;n/a;0000000067;n/a;n/a;n/a;n/a;n/a;n/a;n/a;n/a;n/a;n/a
0;CLIENTE;Rubro a Facturar;Nombre;158;FLETE FALSO CONTENEDOR;n/a;0000000139;n/a;n/a;n/a;n/a;n/a;n/a;n/a;n/a;n/a;n/a
0;CLIENTE;Rubro a Facturar;Nombre;159;FLETE FALSO CARGA SUELTA;n/a;0000000211;n/a;n/a;n/a;n/a;n/a;n/a;n/a;n/a;n/a;n/a
0;CLIENTE;Rubro a Facturar;Nombre;160;GTOS POR VIATICOS;n/a;0000000099;n/a;n/a;n/a;n/a;n/a;n/a;n/a;n/a;n/a;n/a
0;CLIENTE;Rubro a Facturar;Nombre;161;ESTIBA TRASBORDO DE MERC;n/a;0000000117;n/a;n/a;n/a;n/a;n/a;n/a;n/a;n/a;n/a;n/a
0;CLIENTE;Rubro a Facturar;Nombre;162;GASTO- COMBUSTIBLE/TRACTO C.;n/a;0000000037;n/a;n/a;n/a;n/a;n/a;n/a;n/a;n/a;n/a;n/a
0;CLIENTE;Rubro a Facturar;Nombre;163;GASTOS ADMINISTRATIVOS;n/a;0000000156;n/a;n/a;n/a;n/a;n/a;n/a;n/a;n/a;n/a;n/a
0;CLIENTE;Rubro a Facturar;Nombre;164;GRAND VITARA 5P 4X2 DLX CHEVROLET;n/a;0000000260;n/a;n/a;n/a;n/a;n/a;n/a;n/a;n/a;n/a;n/a
0;CLIENTE;Rubro a Facturar;Nombre;165;TRANSP. TUMBACO - PRONACA;n/a;0000000065;n/a;n/a;n/a;n/a;n/a;n/a;n/a;n/a;n/a;n/a
0;CLIENTE;Rubro a Facturar;Nombre;166;TRANSP.MERCADERIA A GYQ;n/a;0000000064;n/a;n/a;n/a;n/a;n/a;n/a;n/a;n/a;n/a;n/a
0;CLIENTE;Rubro a Facturar;Nombre;167;HONORARIOS;n/a;0000000141;n/a;n/a;n/a;n/a;n/a;n/a;n/a;n/a;n/a;n/a
0;CLIENTE;Rubro a Facturar;Nombre;168;HONORARIO COORDIANCION PERMISO M.O.P;n/a;0000000202;n/a;n/a;n/a;n/a;n/a;n/a;n/a;n/a;n/a;n/a
0;CLIENTE;Rubro a Facturar;Nombre;169;HONORARIO SOBRETIEMPO POR ENTREGA DE CONT.;n/a;0000000241;n/a;n/a;n/a;n/a;n/a;n/a;n/a;n/a;n/a;n/a
0;CLIENTE;Rubro a Facturar;Nombre;170;HONORARIO MONITOREO - INVENTARIO;n/a;0000000217;n/a;n/a;n/a;n/a;n/a;n/a;n/a;n/a;n/a;n/a
0;CLIENTE;Rubro a Facturar;Nombre;171;HONORARIO SOBREESTADIA CUSTODIO;n/a;0000000218;n/a;n/a;n/a;n/a;n/a;n/a;n/a;n/a;n/a;n/a
0;CLIENTE;Rubro a Facturar;Nombre;172;"TRANSPORTE -TRASLADO DE CONTENEDOR 40""";n/a;0000000219;n/a;n/a;n/a;n/a;n/a;n/a;n/a;n/a;n/a;n/a
0;CLIENTE;Rubro a Facturar;Nombre;173;HONORARIO MONITEOREO (RECEPCION-DESPACHO);n/a;0000000220;n/a;n/a;n/a;n/a;n/a;n/a;n/a;n/a;n/a;n/a
0;CLIENTE;Rubro a Facturar;Nombre;174;HON. COORDINACION CANDADO DE SEGURIDAD ELECTRONICO;n/a;0000000248;n/a;n/a;n/a;n/a;n/a;n/a;n/a;n/a;n/a;n/a
0;CLIENTE;Rubro a Facturar;Nombre;175;COORDINACION PAGO DE BODEGAJE/RETIRO DE MERCADERIA;n/a;0000000221;n/a;n/a;n/a;n/a;n/a;n/a;n/a;n/a;n/a;n/a
0;CLIENTE;Rubro a Facturar;Nombre;176;HONORARIO INSPECTOR DE CARGA-AFORO;n/a;0000000232;n/a;n/a;n/a;n/a;n/a;n/a;n/a;n/a;n/a;n/a
0;CLIENTE;Rubro a Facturar;Nombre;177;HONORARIO EXPORTACION DE SERVICIOS;n/a;0000000236;n/a;n/a;n/a;n/a;n/a;n/a;n/a;n/a;n/a;n/a
0;CLIENTE;Rubro a Facturar;Nombre;178;TRINCADA DE MERCADERIA;n/a;0000000237;n/a;n/a;n/a;n/a;n/a;n/a;n/a;n/a;n/a;n/a
0;CLIENTE;Rubro a Facturar;Nombre;179;HON.EXPORTACION DE SERVICIOS(INSPECCION VEHICULOS);n/a;0000000243;n/a;n/a;n/a;n/a;n/a;n/a;n/a;n/a;n/a;n/a
0;CLIENTE;Rubro a Facturar;Nombre;180;HONORARIO INSPECCION DE VEHICULOS;n/a;0000000244;n/a;n/a;n/a;n/a;n/a;n/a;n/a;n/a;n/a;n/a
0;CLIENTE;Rubro a Facturar;Nombre;181;HON. EXPORTACION DE SERVICIOS (SOBREESTADIA CONT.);n/a;0000000246;n/a;n/a;n/a;n/a;n/a;n/a;n/a;n/a;n/a;n/a
0;CLIENTE;Rubro a Facturar;Nombre;182;HONORARIO PORTEO CONTENEDOR;n/a;0000000114;n/a;n/a;n/a;n/a;n/a;n/a;n/a;n/a;n/a;n/a
0;CLIENTE;Rubro a Facturar;Nombre;183;HONORARIO PORTEO CARGA SUELTA;n/a;0000000208;n/a;n/a;n/a;n/a;n/a;n/a;n/a;n/a;n/a;n/a
0;CLIENTE;Rubro a Facturar;Nombre;184;HONORARIO PORTEO TRACTOCAMIONES;n/a;0000000229;n/a;n/a;n/a;n/a;n/a;n/a;n/a;n/a;n/a;n/a
0;CLIENTE;Rubro a Facturar;Nombre;185;HONORARIO PORTEO CONTENEDOR ADICIONAL;n/a;0000000268;n/a;n/a;n/a;n/a;n/a;n/a;n/a;n/a;n/a;n/a
0;CLIENTE;Rubro a Facturar;Nombre;186;HONORARIO MONITOREO AEREO QUITO;n/a;0000000269;n/a;n/a;n/a;n/a;n/a;n/a;n/a;n/a;n/a;n/a
0;CLIENTE;Rubro a Facturar;Nombre;187;HONORARIO MONITOREO AEREO GUAYAQUIL;n/a;0000000271;n/a;n/a;n/a;n/a;n/a;n/a;n/a;n/a;n/a;n/a
0;CLIENTE;Rubro a Facturar;Nombre;188;HONORARIOS INSPECCION POR SELLO;n/a;0000000154;n/a;n/a;n/a;n/a;n/a;n/a;n/a;n/a;n/a;n/a
0;CLIENTE;Rubro a Facturar;Nombre;189;HONORARIOS INSPECCION POR PESOS;n/a;0000000155;n/a;n/a;n/a;n/a;n/a;n/a;n/a;n/a;n/a;n/a
0;CLIENTE;Rubro a Facturar;Nombre;190;HONORARIO ELABORACIÓN  DE AISV;n/a;0000000160;n/a;n/a;n/a;n/a;n/a;n/a;n/a;n/a;n/a;n/a
0;CLIENTE;Rubro a Facturar;Nombre;191;HONORARIO INSPECTOR DE CARGA;n/a;0000000167;n/a;n/a;n/a;n/a;n/a;n/a;n/a;n/a;n/a;n/a
0;CLIENTE;Rubro a Facturar;Nombre;192;HONORARIO SOBRE ESTADIA DE CONTENEDOR;n/a;0000000168;n/a;n/a;n/a;n/a;n/a;n/a;n/a;n/a;n/a;n/a
0;CLIENTE;Rubro a Facturar;Nombre;193;HONORARIO INFORME DE REVISION DE SELLOS;n/a;0000000170;n/a;n/a;n/a;n/a;n/a;n/a;n/a;n/a;n/a;n/a
0;CLIENTE;Rubro a Facturar;Nombre;194;HONORARIO INSPECCION RAYOS X;n/a;0000000223;n/a;n/a;n/a;n/a;n/a;n/a;n/a;n/a;n/a;n/a
0;CLIENTE;Rubro a Facturar;Nombre;195;HONORARIOS PERMISO CONSEP;n/a;0000000176;n/a;n/a;n/a;n/a;n/a;n/a;n/a;n/a;n/a;n/a
0;CLIENTE;Rubro a Facturar;Nombre;196;HONORARIOS LUCRO CESANTE;n/a;0000000169;n/a;n/a;n/a;n/a;n/a;n/a;n/a;n/a;n/a;n/a
0;CLIENTE;Rubro a Facturar;Nombre;197;HONORARIO NUEVA EMISION DE FACTURAS;n/a;0000000192;n/a;n/a;n/a;n/a;n/a;n/a;n/a;n/a;n/a;n/a
0;CLIENTE;Rubro a Facturar;Nombre;198;HON. RECEPCION DE CONTENEDORES-PORTEO;n/a;0000000238;n/a;n/a;n/a;n/a;n/a;n/a;n/a;n/a;n/a;n/a
0;CLIENTE;Rubro a Facturar;Nombre;199;HONORARIO EXONERACION DE GARANTIA;n/a;0000000364;n/a;n/a;n/a;n/a;n/a;n/a;n/a;n/a;n/a;n/a
0;CLIENTE;Rubro a Facturar;Nombre;200;HONORARIO PORTEO-CHASIS;n/a;0000000286;n/a;n/a;n/a;n/a;n/a;n/a;n/a;n/a;n/a;n/a
0;CLIENTE;Rubro a Facturar;Nombre;201;HONORARIO CONTROL TEMPERATURA;n/a;0000000127;n/a;n/a;n/a;n/a;n/a;n/a;n/a;n/a;n/a;n/a
0;CLIENTE;Rubro a Facturar;Nombre;202;HONORARIO SOBREESTADIA;n/a;0000000035;n/a;n/a;n/a;n/a;n/a;n/a;n/a;n/a;n/a;n/a
0;CLIENTE;Rubro a Facturar;Nombre;203;INTERESES DE FINANCIAMIENTO;n/a;0000000146;n/a;n/a;n/a;n/a;n/a;n/a;n/a;n/a;n/a;n/a
0;CLIENTE;Rubro a Facturar;Nombre;204;COMPUTADORA LAPTOP;n/a;0000000179;n/a;n/a;n/a;n/a;n/a;n/a;n/a;n/a;n/a;n/a
0;CLIENTE;Rubro a Facturar;Nombre;205;LLANTAS;n/a;0000000188;n/a;n/a;n/a;n/a;n/a;n/a;n/a;n/a;n/a;n/a
0;CLIENTE;Rubro a Facturar;Nombre;206;LANTAS PAP.;n/a;0000000096;n/a;n/a;n/a;n/a;n/a;n/a;n/a;n/a;n/a;n/a
0;CLIENTE;Rubro a Facturar;Nombre;207;LLANTAS USADAS Y REEN CUACHE;n/a;0000000245;n/a;n/a;n/a;n/a;n/a;n/a;n/a;n/a;n/a;n/a
0;CLIENTE;Rubro a Facturar;Nombre;208;UTILIZACION  DE MAQUINA GRUA;n/a;0000000022;n/a;n/a;n/a;n/a;n/a;n/a;n/a;n/a;n/a;n/a
0;CLIENTE;Rubro a Facturar;Nombre;209;MANEJO DE DOS CNTR.;n/a;0000000027;n/a;n/a;n/a;n/a;n/a;n/a;n/a;n/a;n/a;n/a
0;CLIENTE;Rubro a Facturar;Nombre;210;MONTACARGA;n/a;0000000090;n/a;n/a;n/a;n/a;n/a;n/a;n/a;n/a;n/a;n/a
0;CLIENTE;Rubro a Facturar;Nombre;211;MEDIDOR DE PRESION DE AIRE;n/a;0000000256;n/a;n/a;n/a;n/a;n/a;n/a;n/a;n/a;n/a;n/a
0;CLIENTE;Rubro a Facturar;Nombre;212;HONORARIO MONITOREO DE CARGA SUELTA;n/a;0000000267;n/a;n/a;n/a;n/a;n/a;n/a;n/a;n/a;n/a;n/a
0;CLIENTE;Rubro a Facturar;Nombre;213;MOTONETA LML STAR DELUXE PLACA GZM-744;n/a;0000000216;n/a;n/a;n/a;n/a;n/a;n/a;n/a;n/a;n/a;n/a
0;CLIENTE;Rubro a Facturar;Nombre;214;MOTONETA VESPA SELECT COLOR VERDE;n/a;0000000264;n/a;n/a;n/a;n/a;n/a;n/a;n/a;n/a;n/a;n/a
0;CLIENTE;Rubro a Facturar;Nombre;215;CASILLEROS;n/a;0000000233;n/a;n/a;n/a;n/a;n/a;n/a;n/a;n/a;n/a;n/a
0;CLIENTE;Rubro a Facturar;Nombre;216;BANCA METALICA;n/a;0000000234;n/a;n/a;n/a;n/a;n/a;n/a;n/a;n/a;n/a;n/a
0;CLIENTE;Rubro a Facturar;Nombre;217;Copiadora NP-1520;n/a;0000000165;n/a;n/a;n/a;n/a;n/a;n/a;n/a;n/a;n/a;n/a
0;CLIENTE;Rubro a Facturar;Nombre;218;COPIADORA NP 2120;n/a;0000000164;n/a;n/a;n/a;n/a;n/a;n/a;n/a;n/a;n/a;n/a
0;CLIENTE;Rubro a Facturar;Nombre;219;GASTOS DE  MONTACARGA;n/a;0000000029;n/a;n/a;n/a;n/a;n/a;n/a;n/a;n/a;n/a;n/a
0;CLIENTE;Rubro a Facturar;Nombre;220;ALQUILER PLATAFORMAS GQUIL.;n/a;0000000041;n/a;n/a;n/a;n/a;n/a;n/a;n/a;n/a;n/a;n/a
0;CLIENTE;Rubro a Facturar;Nombre;221;PAPI #14 CAMION HINO;n/a;0000000265;n/a;n/a;n/a;n/a;n/a;n/a;n/a;n/a;n/a;n/a
0;CLIENTE;Rubro a Facturar;Nombre;222;CAMION ISUZU 3 TON.;n/a;0000000183;n/a;n/a;n/a;n/a;n/a;n/a;n/a;n/a;n/a;n/a
0;CLIENTE;Rubro a Facturar;Nombre;223;VENTA TRACTOCAMION KENWORTH - USADO;n/a;0000000337;n/a;n/a;n/a;n/a;n/a;n/a;n/a;n/a;n/a;n/a
0;CLIENTE;Rubro a Facturar;Nombre;224;HONORARIO PROCESO OPERATIVO DE SEGURIDAD;n/a;0000000266;n/a;n/a;n/a;n/a;n/a;n/a;n/a;n/a;n/a;n/a
0;CLIENTE;Rubro a Facturar;Nombre;225;HONORARIO PROCESO OPERATIVO DE SEGURIDAD AEREO;n/a;0000000270;n/a;n/a;n/a;n/a;n/a;n/a;n/a;n/a;n/a;n/a
0;CLIENTE;Rubro a Facturar;Nombre;226;TRANSP. PUERTO - TIMSA;n/a;0000000103;n/a;n/a;n/a;n/a;n/a;n/a;n/a;n/a;n/a;n/a
0;CLIENTE;Rubro a Facturar;Nombre;227;REEMBOLSO REPARACION CONTENEDOR;n/a;0000000161;n/a;n/a;n/a;n/a;n/a;n/a;n/a;n/a;n/a;n/a
0;CLIENTE;Rubro a Facturar;Nombre;228;REEMBOLSO EMISION POLIZA SEGURO;n/a;0000000140;n/a;n/a;n/a;n/a;n/a;n/a;n/a;n/a;n/a;n/a
0;CLIENTE;Rubro a Facturar;Nombre;229;MULTA POR INFRACCION;n/a;0000000159;n/a;n/a;n/a;n/a;n/a;n/a;n/a;n/a;n/a;n/a
0;CLIENTE;Rubro a Facturar;Nombre;230;REEMBOLSO POR ALQUILER DE RAMPA;n/a;0000000047;n/a;n/a;n/a;n/a;n/a;n/a;n/a;n/a;n/a;n/a
0;CLIENTE;Rubro a Facturar;Nombre;231;REEMBOLSO DE ESTIBA;n/a;0000000178;n/a;n/a;n/a;n/a;n/a;n/a;n/a;n/a;n/a;n/a
0;CLIENTE;Rubro a Facturar;Nombre;232;REEMBOLSO LIMPIEZA CONTENEDOR;n/a;0000000147;n/a;n/a;n/a;n/a;n/a;n/a;n/a;n/a;n/a;n/a
0;CLIENTE;Rubro a Facturar;Nombre;233;REEMBOLSO SERVICIO PALETIZAJE;n/a;0000000187;n/a;n/a;n/a;n/a;n/a;n/a;n/a;n/a;n/a;n/a
0;CLIENTE;Rubro a Facturar;Nombre;234;REEMBOLSO PESAJE;n/a;0000000116;n/a;n/a;n/a;n/a;n/a;n/a;n/a;n/a;n/a;n/a
0;CLIENTE;Rubro a Facturar;Nombre;235;REEMBOLSO BODEGAJE;n/a;0000000118;n/a;n/a;n/a;n/a;n/a;n/a;n/a;n/a;n/a;n/a
0;CLIENTE;Rubro a Facturar;Nombre;236;REEMBOLSO GARANTIA;n/a;0000000122;n/a;n/a;n/a;n/a;n/a;n/a;n/a;n/a;n/a;n/a
0;CLIENTE;Rubro a Facturar;Nombre;237;REEMBOLSO COMBUSTIBLE VEHICULO / TRACTO CAMION;n/a;0000000129;n/a;n/a;n/a;n/a;n/a;n/a;n/a;n/a;n/a;n/a
0;CLIENTE;Rubro a Facturar;Nombre;238;REEMBOLSO POR FACTURACION FLETE;n/a;0000000130;n/a;n/a;n/a;n/a;n/a;n/a;n/a;n/a;n/a;n/a
0;CLIENTE;Rubro a Facturar;Nombre;239;COORDINACION ALQUILER DE RAMPA;n/a;0000000135;n/a;n/a;n/a;n/a;n/a;n/a;n/a;n/a;n/a;n/a
0;CLIENTE;Rubro a Facturar;Nombre;240;REEMBOLSO POR DEMORAJE;n/a;0000000111;n/a;n/a;n/a;n/a;n/a;n/a;n/a;n/a;n/a;n/a
0;CLIENTE;Rubro a Facturar;Nombre;241;REEMBOLSO CONTRAT.MONTACARGA;n/a;0000000109;n/a;n/a;n/a;n/a;n/a;n/a;n/a;n/a;n/a;n/a
0;CLIENTE;Rubro a Facturar;Nombre;242;Reembolso Aforo;n/a;0000000132;n/a;n/a;n/a;n/a;n/a;n/a;n/a;n/a;n/a;n/a
0;CLIENTE;Rubro a Facturar;Nombre;243;REEMBOLSO DESCONSOLIDACION;n/a;0000000191;n/a;n/a;n/a;n/a;n/a;n/a;n/a;n/a;n/a;n/a
0;CLIENTE;Rubro a Facturar;Nombre;244;REEMBOLSO COMPRA BIENES;n/a;0000000195;n/a;n/a;n/a;n/a;n/a;n/a;n/a;n/a;n/a;n/a
0;CLIENTE;Rubro a Facturar;Nombre;245;REEMBOLSO CERTIFICACIONES,COPIAS,INFORMES;n/a;0000000194;n/a;n/a;n/a;n/a;n/a;n/a;n/a;n/a;n/a;n/a
0;CLIENTE;Rubro a Facturar;Nombre;246;REEMBOLSO ENVIO MERCADERÍA/DOCUMENTOS;n/a;0000000196;n/a;n/a;n/a;n/a;n/a;n/a;n/a;n/a;n/a;n/a
0;CLIENTE;Rubro a Facturar;Nombre;247;Reembolso Handling;n/a;0000000131;n/a;n/a;n/a;n/a;n/a;n/a;n/a;n/a;n/a;n/a
0;CLIENTE;Rubro a Facturar;Nombre;248;REEMBOLSO ALQUILER MONTACARGA;n/a;0000000197;n/a;n/a;n/a;n/a;n/a;n/a;n/a;n/a;n/a;n/a
0;CLIENTE;Rubro a Facturar;Nombre;249;REEMBOLSO ESTIBA;n/a;0000000198;n/a;n/a;n/a;n/a;n/a;n/a;n/a;n/a;n/a;n/a
0;CLIENTE;Rubro a Facturar;Nombre;250;REEMBOLSO LIMPIEZA DE CONTENEDOR;n/a;0000000199;n/a;n/a;n/a;n/a;n/a;n/a;n/a;n/a;n/a;n/a
0;CLIENTE;Rubro a Facturar;Nombre;251;REEMBOLSO TRANSPORTE AEREO;n/a;0000000201;n/a;n/a;n/a;n/a;n/a;n/a;n/a;n/a;n/a;n/a
0;CLIENTE;Rubro a Facturar;Nombre;252;REEMBOLSO GASTOS VARIOS;n/a;0000000205;n/a;n/a;n/a;n/a;n/a;n/a;n/a;n/a;n/a;n/a
0;CLIENTE;Rubro a Facturar;Nombre;253;REEMBOLSO GASTOS VARIOS;n/a;0000000215;n/a;n/a;n/a;n/a;n/a;n/a;n/a;n/a;n/a;n/a
0;CLIENTE;Rubro a Facturar;Nombre;254;REMBOLSO DE PESAJE 12%;n/a;0000000224;n/a;n/a;n/a;n/a;n/a;n/a;n/a;n/a;n/a;n/a
0;CLIENTE;Rubro a Facturar;Nombre;255;REEMBOLSO DE CUSTODIAS;n/a;0000000272;n/a;n/a;n/a;n/a;n/a;n/a;n/a;n/a;n/a;n/a
0;CLIENTE;Rubro a Facturar;Nombre;256;HONORARIOS NUEVA EMISION DE FACTURA;n/a;0000000142;n/a;n/a;n/a;n/a;n/a;n/a;n/a;n/a;n/a;n/a
0;CLIENTE;Rubro a Facturar;Nombre;257;REEMBOLSO ENERGIA  ELECTRICA;n/a;0000000172;n/a;n/a;n/a;n/a;n/a;n/a;n/a;n/a;n/a;n/a
0;CLIENTE;Rubro a Facturar;Nombre;258;REEMBOLSO TRANSPORTE;n/a;0000000038;n/a;n/a;n/a;n/a;n/a;n/a;n/a;n/a;n/a;n/a
0;CLIENTE;Rubro a Facturar;Nombre;259;REEMBOLSO CONSUMO TELEFONO CONECEL;n/a;0000000200;n/a;n/a;n/a;n/a;n/a;n/a;n/a;n/a;n/a;n/a
0;CLIENTE;Rubro a Facturar;Nombre;260;HONORARIO SEGURO;n/a;0000000089;n/a;n/a;n/a;n/a;n/a;n/a;n/a;n/a;n/a;n/a
0;CLIENTE;Rubro a Facturar;Nombre;261;SALVATAJE DE MERCADERIA;n/a;0000000108;n/a;n/a;n/a;n/a;n/a;n/a;n/a;n/a;n/a;n/a
0;CLIENTE;Rubro a Facturar;Nombre;262;SERVICIO DE EXPORTACION;n/a;0000000227;n/a;n/a;n/a;n/a;n/a;n/a;n/a;n/a;n/a;n/a
0;CLIENTE;Rubro a Facturar;Nombre;263;SERVICIO DE EMBALAJE DE MERCADERIAS;n/a;0000000137;n/a;n/a;n/a;n/a;n/a;n/a;n/a;n/a;n/a;n/a
0;CLIENTE;Rubro a Facturar;Nombre;264;SELLO DE CONTENEDOR;n/a;0000000113;n/a;n/a;n/a;n/a;n/a;n/a;n/a;n/a;n/a;n/a
0;CLIENTE;Rubro a Facturar;Nombre;265;SERVICIO POR GARAJE;n/a;0000000261;n/a;n/a;n/a;n/a;n/a;n/a;n/a;n/a;n/a;n/a
0;CLIENTE;Rubro a Facturar;Nombre;266;CARRO SKODA;n/a;0000000162;n/a;n/a;n/a;n/a;n/a;n/a;n/a;n/a;n/a;n/a
0;CLIENTE;Rubro a Facturar;Nombre;267;AUTO CHEVROLET SPARK GNU-647 KL1MJ61075C110654;n/a;0000000185;n/a;n/a;n/a;n/a;n/a;n/a;n/a;n/a;n/a;n/a
0;CLIENTE;Rubro a Facturar;Nombre;268;TRANSP. CNTR. A LASSO;n/a;0000000039;n/a;n/a;n/a;n/a;n/a;n/a;n/a;n/a;n/a;n/a
0;CLIENTE;Rubro a Facturar;Nombre;269;TRANSP.DE CNTR 40 A IBARRA;n/a;0000000048;n/a;n/a;n/a;n/a;n/a;n/a;n/a;n/a;n/a;n/a
0;CLIENTE;Rubro a Facturar;Nombre;270;TRANSP. DE TRAILER;n/a;0000000078;n/a;n/a;n/a;n/a;n/a;n/a;n/a;n/a;n/a;n/a
0;CLIENTE;Rubro a Facturar;Nombre;271;TRANSPORTE  DE  ISOTANQUES;n/a;0000000028;n/a;n/a;n/a;n/a;n/a;n/a;n/a;n/a;n/a;n/a
0;CLIENTE;Rubro a Facturar;Nombre;272;TRANSP.CNTR.A SANTO DOMINGO;n/a;0000000030;n/a;n/a;n/a;n/a;n/a;n/a;n/a;n/a;n/a;n/a
0;CLIENTE;Rubro a Facturar;Nombre;273;TRANSPORTE DE UN SENCILLO;n/a;0000000008;n/a;n/a;n/a;n/a;n/a;n/a;n/a;n/a;n/a;n/a
0;CLIENTE;Rubro a Facturar;Nombre;274;TRANSP. CARGA SUELTA;n/a;0000000005;n/a;n/a;n/a;n/a;n/a;n/a;n/a;n/a;n/a;n/a
0;CLIENTE;Rubro a Facturar;Nombre;275;TRANSPORTE DE CARGA SUELTA DESDE ZONA CARGA;n/a;0000000171;n/a;n/a;n/a;n/a;n/a;n/a;n/a;n/a;n/a;n/a
0;CLIENTE;Rubro a Facturar;Nombre;276;TRANSPORTE DE CAMA BAJA;n/a;0000000166;n/a;n/a;n/a;n/a;n/a;n/a;n/a;n/a;n/a;n/a
0;CLIENTE;Rubro a Facturar;Nombre;277;TRANSP.DE EXPORTACION CNTR.;n/a;0000000010;n/a;n/a;n/a;n/a;n/a;n/a;n/a;n/a;n/a;n/a
0;CLIENTE;Rubro a Facturar;Nombre;278;TRANSPORTE CNTR 20;n/a;0000000001;n/a;n/a;n/a;n/a;n/a;n/a;n/a;n/a;n/a;n/a
0;CLIENTE;Rubro a Facturar;Nombre;279;TRANSP.1 SENCILLO ALMESA-BODE;n/a;0000000012;n/a;n/a;n/a;n/a;n/a;n/a;n/a;n/a;n/a;n/a
0;CLIENTE;Rubro a Facturar;Nombre;280;TRANSPORTE GYQ - MANTA- GYQ;n/a;0000000097;n/a;n/a;n/a;n/a;n/a;n/a;n/a;n/a;n/a;n/a
0;CLIENTE;Rubro a Facturar;Nombre;281;TRANSPORTE DE  MULA;n/a;0000000003;n/a;n/a;n/a;n/a;n/a;n/a;n/a;n/a;n/a;n/a
0;CLIENTE;Rubro a Facturar;Nombre;282;FLETE HUAQUILLAS - GUAYAQUIL;n/a;0000000212;n/a;n/a;n/a;n/a;n/a;n/a;n/a;n/a;n/a;n/a
0;CLIENTE;Rubro a Facturar;Nombre;283;TRANSP.  RIFFER QUITO;n/a;0000000085;n/a;n/a;n/a;n/a;n/a;n/a;n/a;n/a;n/a;n/a
0;CLIENTE;Rubro a Facturar;Nombre;284;TRANSPORTE  CNTR 40;n/a;0000000002;n/a;n/a;n/a;n/a;n/a;n/a;n/a;n/a;n/a;n/a
0;CLIENTE;Rubro a Facturar;Nombre;285;TRANSPORTE T&T A QUITO CNTR40;n/a;0000000004;n/a;n/a;n/a;n/a;n/a;n/a;n/a;n/a;n/a;n/a
0;CLIENTE;Rubro a Facturar;Nombre;286;TRANSPORTE CAMA BAJA A TULCAN;n/a;0000000043;n/a;n/a;n/a;n/a;n/a;n/a;n/a;n/a;n/a;n/a
0;CLIENTE;Rubro a Facturar;Nombre;287;TRANSPORTE DE FLAT RACK;n/a;0000000042;n/a;n/a;n/a;n/a;n/a;n/a;n/a;n/a;n/a;n/a
0;CLIENTE;Rubro a Facturar;Nombre;288;TRANSP.CARGA SUELTA 7 TAMBORES;n/a;0000000044;n/a;n/a;n/a;n/a;n/a;n/a;n/a;n/a;n/a;n/a
0;CLIENTE;Rubro a Facturar;Nombre;289;TRANSP. A AMBATO CARGA SUELTA;n/a;0000000006;n/a;n/a;n/a;n/a;n/a;n/a;n/a;n/a;n/a;n/a
0;CLIENTE;Rubro a Facturar;Nombre;290;TRANSPORTE A AMBATO 40 CNTR.;n/a;0000000007;n/a;n/a;n/a;n/a;n/a;n/a;n/a;n/a;n/a;n/a
0;CLIENTE;Rubro a Facturar;Nombre;291;TRANSP. CARGA SUELTA RIOBAMBA;n/a;0000000031;n/a;n/a;n/a;n/a;n/a;n/a;n/a;n/a;n/a;n/a
0;CLIENTE;Rubro a Facturar;Nombre;292;TRANSPORTE A PUERTO BOLIVAR;n/a;0000000011;n/a;n/a;n/a;n/a;n/a;n/a;n/a;n/a;n/a;n/a
0;CLIENTE;Rubro a Facturar;Nombre;293;TRANSP. A MACHACHI Y LATACUNGA;n/a;0000000123;n/a;n/a;n/a;n/a;n/a;n/a;n/a;n/a;n/a;n/a
0;CLIENTE;Rubro a Facturar;Nombre;294;TRANSPORTE CONT.20 GYQ;n/a;0000000054;n/a;n/a;n/a;n/a;n/a;n/a;n/a;n/a;n/a;n/a
0;CLIENTE;Rubro a Facturar;Nombre;295;TRANSP.ADUANA / T&T QUITO;n/a;0000000073;n/a;n/a;n/a;n/a;n/a;n/a;n/a;n/a;n/a;n/a
0;CLIENTE;Rubro a Facturar;Nombre;296;TRANSP. DESDE SHELL-COMEXPORT;n/a;0000000074;n/a;n/a;n/a;n/a;n/a;n/a;n/a;n/a;n/a;n/a
0;CLIENTE;Rubro a Facturar;Nombre;297;TRANSP. CARGA SUELTA DE 1 TAMB;n/a;0000000075;n/a;n/a;n/a;n/a;n/a;n/a;n/a;n/a;n/a;n/a
0;CLIENTE;Rubro a Facturar;Nombre;298;TRANSP.  INTERNO;n/a;0000000076;n/a;n/a;n/a;n/a;n/a;n/a;n/a;n/a;n/a;n/a
0;CLIENTE;Rubro a Facturar;Nombre;299;TRANSP. A ECUAQUIMICA;n/a;0000000077;n/a;n/a;n/a;n/a;n/a;n/a;n/a;n/a;n/a;n/a
0;CLIENTE;Rubro a Facturar;Nombre;300;TRANSP DE VEHICULO;n/a;0000000014;n/a;n/a;n/a;n/a;n/a;n/a;n/a;n/a;n/a;n/a
0;CLIENTE;Rubro a Facturar;Nombre;301;TRANSP.DE GUAYAQUIL-QUITO;n/a;0000000015;n/a;n/a;n/a;n/a;n/a;n/a;n/a;n/a;n/a;n/a
0;CLIENTE;Rubro a Facturar;Nombre;302;TRANSPORTE DE UN MONTACARGA;n/a;0000000016;n/a;n/a;n/a;n/a;n/a;n/a;n/a;n/a;n/a;n/a
0;CLIENTE;Rubro a Facturar;Nombre;303;TRANSP.VEHICULO A QUITO;n/a;0000000017;n/a;n/a;n/a;n/a;n/a;n/a;n/a;n/a;n/a;n/a
0;CLIENTE;Rubro a Facturar;Nombre;304;TRANSP.1X20 CNTR A QUEVEDO;n/a;0000000018;n/a;n/a;n/a;n/a;n/a;n/a;n/a;n/a;n/a;n/a
0;CLIENTE;Rubro a Facturar;Nombre;305;TRASBORDO;n/a;0000000087;n/a;n/a;n/a;n/a;n/a;n/a;n/a;n/a;n/a;n/a
0;CLIENTE;Rubro a Facturar;Nombre;306;TRANSP.VEHICULO-CUENCA;n/a;0000000019;n/a;n/a;n/a;n/a;n/a;n/a;n/a;n/a;n/a;n/a
0;CLIENTE;Rubro a Facturar;Nombre;307;TRANSP. MANTA - GUAYAQUIL;n/a;0000000020;n/a;n/a;n/a;n/a;n/a;n/a;n/a;n/a;n/a;n/a
0;CLIENTE;Rubro a Facturar;Nombre;308;TRANSP.1X20 CNTR.A BABAHOYO;n/a;0000000034;n/a;n/a;n/a;n/a;n/a;n/a;n/a;n/a;n/a;n/a
0;CLIENTE;Rubro a Facturar;Nombre;309;TRANSPORTE  CHASIS CABINADO O DESCABINADO;n/a;0000000036;n/a;n/a;n/a;n/a;n/a;n/a;n/a;n/a;n/a;n/a
0;CLIENTE;Rubro a Facturar;Nombre;310;TRANSPORTE CONTENEDOR VACIO;n/a;0000000177;n/a;n/a;n/a;n/a;n/a;n/a;n/a;n/a;n/a;n/a
0;CLIENTE;Rubro a Facturar;Nombre;311;TRANSP.A CUENCA 1X40 CNTR.;n/a;0000000021;n/a;n/a;n/a;n/a;n/a;n/a;n/a;n/a;n/a;n/a
0;CLIENTE;Rubro a Facturar;Nombre;312;FLAY RACK;n/a;0000000055;n/a;n/a;n/a;n/a;n/a;n/a;n/a;n/a;n/a;n/a
0;CLIENTE;Rubro a Facturar;Nombre;313;TRANSPORTE CNTR 40 QUITO;n/a;0000000072;n/a;n/a;n/a;n/a;n/a;n/a;n/a;n/a;n/a;n/a
0;CLIENTE;Rubro a Facturar;Nombre;314;TRANSP. VEHIC.  ALMESA- AUTEC;n/a;0000000062;n/a;n/a;n/a;n/a;n/a;n/a;n/a;n/a;n/a;n/a
0;CLIENTE;Rubro a Facturar;Nombre;315;ESTIBADA Y DESESTIBADA;n/a;0000000093;n/a;n/a;n/a;n/a;n/a;n/a;n/a;n/a;n/a;n/a
0;CLIENTE;Rubro a Facturar;Nombre;316;TRANSPORTE DE CONTENEDORES;n/a;0000000045;n/a;n/a;n/a;n/a;n/a;n/a;n/a;n/a;n/a;n/a
0;CLIENTE;Rubro a Facturar;Nombre;317;TRINCADA CONTENEDOR DE 20;n/a;0000000063;n/a;n/a;n/a;n/a;n/a;n/a;n/a;n/a;n/a;n/a
0;CLIENTE;Rubro a Facturar;Nombre;318;TRANSP.QUITO - GUAYAQUIL;n/a;0000000091;n/a;n/a;n/a;n/a;n/a;n/a;n/a;n/a;n/a;n/a
0;CLIENTE;Rubro a Facturar;Nombre;319;TRANSP. A COTOCOLLAO;n/a;0000000092;n/a;n/a;n/a;n/a;n/a;n/a;n/a;n/a;n/a;n/a
0;CLIENTE;Rubro a Facturar;Nombre;320;TRANSP.DE UN TRACTO CAMION;n/a;0000000056;n/a;n/a;n/a;n/a;n/a;n/a;n/a;n/a;n/a;n/a
0;CLIENTE;Rubro a Facturar;Nombre;321;TRANSP.TRACTO CAMION PTO-ALMES;n/a;0000000057;n/a;n/a;n/a;n/a;n/a;n/a;n/a;n/a;n/a;n/a
0;CLIENTE;Rubro a Facturar;Nombre;322;TRANSP.TRACTO CAMION ALM-QTO;n/a;0000000058;n/a;n/a;n/a;n/a;n/a;n/a;n/a;n/a;n/a;n/a
0;CLIENTE;Rubro a Facturar;Nombre;323;TRANSP.2 TANQUES JAB.NACIONAL;n/a;0000000059;n/a;n/a;n/a;n/a;n/a;n/a;n/a;n/a;n/a;n/a
0;CLIENTE;Rubro a Facturar;Nombre;324;TRANSP.DE ALMESA A OFICINAS T.;n/a;0000000061;n/a;n/a;n/a;n/a;n/a;n/a;n/a;n/a;n/a;n/a
0;CLIENTE;Rubro a Facturar;Nombre;325;TRANSP. TIMSA - BODEGA CLIENTE;n/a;0000000105;n/a;n/a;n/a;n/a;n/a;n/a;n/a;n/a;n/a;n/a
0;CLIENTE;Rubro a Facturar;Nombre;326;TRANSPORTE DE CAMION;n/a;0000000126;n/a;n/a;n/a;n/a;n/a;n/a;n/a;n/a;n/a;n/a
0;CLIENTE;Rubro a Facturar;Nombre;327;TERRENO CASA BLANCA;n/a;0000000277;n/a;n/a;n/a;n/a;n/a;n/a;n/a;n/a;n/a;n/a
0;CLIENTE;Rubro a Facturar;Nombre;328;TRANSP.DE ALMESA AL PUERTO;n/a;0000000060;n/a;n/a;n/a;n/a;n/a;n/a;n/a;n/a;n/a;n/a
0;CLIENTE;Rubro a Facturar;Nombre;329;TRINCADA O DESTRINCADA DE CHASIS;n/a;0000000138;n/a;n/a;n/a;n/a;n/a;n/a;n/a;n/a;n/a;n/a
0;CLIENTE;Rubro a Facturar;Nombre;330;TRANSPORTE DE TANQUERO;n/a;0000000133;n/a;n/a;n/a;n/a;n/a;n/a;n/a;n/a;n/a;n/a
0;CLIENTE;Rubro a Facturar;Nombre;331;TRANSPORTE DE SEMI-REMOLQUES;n/a;0000000134;n/a;n/a;n/a;n/a;n/a;n/a;n/a;n/a;n/a;n/a
0;CLIENTE;Rubro a Facturar;Nombre;332;TRANSP.DEL PTO HASTA ALMESA;n/a;0000000070;n/a;n/a;n/a;n/a;n/a;n/a;n/a;n/a;n/a;n/a
0;CLIENTE;Rubro a Facturar;Nombre;333;TRANSP. TRAILER E.METAL.MANTA;n/a;0000000107;n/a;n/a;n/a;n/a;n/a;n/a;n/a;n/a;n/a;n/a
0;CLIENTE;Rubro a Facturar;Nombre;334;TRANSP.TRANSFORMADORES(2 UNID);n/a;0000000121;n/a;n/a;n/a;n/a;n/a;n/a;n/a;n/a;n/a;n/a
0;CLIENTE;Rubro a Facturar;Nombre;335;TRANSP.DE OFIC.AEREA -TERMINAL;n/a;0000000071;n/a;n/a;n/a;n/a;n/a;n/a;n/a;n/a;n/a;n/a
0;CLIENTE;Rubro a Facturar;Nombre;336;TRANSP.AEROPTO-CLINICA ALCIVAR;n/a;0000000094;n/a;n/a;n/a;n/a;n/a;n/a;n/a;n/a;n/a;n/a
0;CLIENTE;Rubro a Facturar;Nombre;337;TRANSP.DEL AEREO HASTA ALMAGRO;n/a;0000000079;n/a;n/a;n/a;n/a;n/a;n/a;n/a;n/a;n/a;n/a
0;CLIENTE;Rubro a Facturar;Nombre;338;TRANSP.DE ALMAGRO - DATAPRO;n/a;0000000080;n/a;n/a;n/a;n/a;n/a;n/a;n/a;n/a;n/a;n/a
0;CLIENTE;Rubro a Facturar;Nombre;339;TRANSP.1X20 CNTR A QUITO;n/a;0000000081;n/a;n/a;n/a;n/a;n/a;n/a;n/a;n/a;n/a;n/a
0;CLIENTE;Rubro a Facturar;Nombre;340;TRANSP.1X20 CNTR  EN GYE;n/a;0000000082;n/a;n/a;n/a;n/a;n/a;n/a;n/a;n/a;n/a;n/a
0;CLIENTE;Rubro a Facturar;Nombre;341;TRANSP.CLINICA ALCIVAR-AGA;n/a;0000000095;n/a;n/a;n/a;n/a;n/a;n/a;n/a;n/a;n/a;n/a
0;CLIENTE;Rubro a Facturar;Nombre;342;USO DE BODEGA;n/a;0000000112;n/a;n/a;n/a;n/a;n/a;n/a;n/a;n/a;n/a;n/a
0;CLIENTE;Rubro a Facturar;Nombre;343;TRACTOCAMION KENWORTH;n/a;0000000125;n/a;n/a;n/a;n/a;n/a;n/a;n/a;n/a;n/a;n/a
0;CLIENTE;Rubro a Facturar;Nombre;344;MOTONETA LML;n/a;0000000143;n/a;n/a;n/a;n/a;n/a;n/a;n/a;n/a;n/a;n/a
0;CLIENTE;Rubro a Facturar;Nombre;345;AUTO SKODA;n/a;0000000144;n/a;n/a;n/a;n/a;n/a;n/a;n/a;n/a;n/a;n/a
0;CLIENTE;Rubro a Facturar;Nombre;346;CAMION MACK AÑO 1997;n/a;0000000145;n/a;n/a;n/a;n/a;n/a;n/a;n/a;n/a;n/a;n/a
0;CLIENTE;Rubro a Facturar;Nombre;347;VENTA DE AROS;n/a;0000000174;n/a;n/a;n/a;n/a;n/a;n/a;n/a;n/a;n/a;n/a
0;CLIENTE;Rubro a Facturar;Nombre;348;VENTA DE CHATARRA;n/a;0000000228;n/a;n/a;n/a;n/a;n/a;n/a;n/a;n/a;n/a;n/a
0;CLIENTE;Tipo Servicio;CargaID;1;20¨ COD AZUL QUIFATEX;n/a;n/a;0000000071;n/a;n/a;n/a;n/a;n/a;n/a;n/a;n/a;n/a
0;CLIENTE;Tipo Servicio;CargaID;2;Contenedor de 20 DC Bentonita Unilever;n/a;n/a;0000000043;n/a;n/a;n/a;n/a;n/a;n/a;n/a;n/a;n/a
0;CLIENTE;Tipo Servicio;CargaID;3;CONTENEDOR DE 20 DC TRIPOLIFOSFATO UNILEVER;n/a;n/a;0000000034;n/a;n/a;n/a;n/a;n/a;n/a;n/a;n/a;n/a
0;CLIENTE;Tipo Servicio;CargaID;4;20 DC BOYACA;n/a;n/a;0000000103;n/a;n/a;n/a;n/a;n/a;n/a;n/a;n/a;n/a
0;CLIENTE;Tipo Servicio;CargaID;5;20 DC PERU;n/a;n/a;0000000054;n/a;n/a;n/a;n/a;n/a;n/a;n/a;n/a;n/a
0;CLIENTE;Tipo Servicio;CargaID;6;Contenedor de 20 para Procter;n/a;n/a;0000000050;n/a;n/a;n/a;n/a;n/a;n/a;n/a;n/a;n/a
0;CLIENTE;Tipo Servicio;CargaID;7;CONT 20 CODIGO ROJO;n/a;n/a;0000000067;n/a;n/a;n/a;n/a;n/a;n/a;n/a;n/a;n/a
0;CLIENTE;Tipo Servicio;CargaID;8;"20"" DIURNO DURAN (MAS DE 1)";n/a;n/a;0000000138;n/a;n/a;n/a;n/a;n/a;n/a;n/a;n/a;n/a
0;CLIENTE;Tipo Servicio;CargaID;9;"20"" DIURNO DURAN (MAS DE 2)";n/a;n/a;0000000139;n/a;n/a;n/a;n/a;n/a;n/a;n/a;n/a;n/a
0;CLIENTE;Tipo Servicio;CargaID;10;20 PIES DIURNO QUIMICOS;n/a;n/a;0000000152;n/a;n/a;n/a;n/a;n/a;n/a;n/a;n/a;n/a
0;CLIENTE;Tipo Servicio;CargaID;11;20 PIES DIURNO;n/a;n/a;0000000073;n/a;n/a;n/a;n/a;n/a;n/a;n/a;n/a;n/a
0;CLIENTE;Tipo Servicio;CargaID;12;20 PIES DIURNO AMBATO;n/a;n/a;0000000164;n/a;n/a;n/a;n/a;n/a;n/a;n/a;n/a;n/a
0;CLIENTE;Tipo Servicio;CargaID;13;20 PIES DIURNO DURAN;n/a;n/a;0000000083;n/a;n/a;n/a;n/a;n/a;n/a;n/a;n/a;n/a
0;CLIENTE;Tipo Servicio;CargaID;14;20 DIURNO PRODUCTO TERMINADO;n/a;n/a;0000000122;n/a;n/a;n/a;n/a;n/a;n/a;n/a;n/a;n/a
0;CLIENTE;Tipo Servicio;CargaID;15;20 PIES DIURNO REFRIGERADO;n/a;n/a;0000000146;n/a;n/a;n/a;n/a;n/a;n/a;n/a;n/a;n/a
0;CLIENTE;Tipo Servicio;CargaID;16;20 PIES DIURNO QUITO;n/a;n/a;0000000158;n/a;n/a;n/a;n/a;n/a;n/a;n/a;n/a;n/a
0;CLIENTE;Tipo Servicio;CargaID;17;20 CONTENEDOR EXPORTACION DIURNO;n/a;n/a;0000000085;n/a;n/a;n/a;n/a;n/a;n/a;n/a;n/a;n/a
0;CLIENTE;Tipo Servicio;CargaID;18;20 CONTENEDOR EXPORT EXTENDIDO;n/a;n/a;0000000087;n/a;n/a;n/a;n/a;n/a;n/a;n/a;n/a;n/a
0;CLIENTE;Tipo Servicio;CargaID;19;20 PIES EXTENDIDO;n/a;n/a;0000000074;n/a;n/a;n/a;n/a;n/a;n/a;n/a;n/a;n/a
0;CLIENTE;Tipo Servicio;CargaID;20;20 EXTENDIDO MATERIA PRIMA;n/a;n/a;0000000127;n/a;n/a;n/a;n/a;n/a;n/a;n/a;n/a;n/a
0;CLIENTE;Tipo Servicio;CargaID;21;"20"" NOCTURNO DURAN (MAS DE 1)";n/a;n/a;0000000142;n/a;n/a;n/a;n/a;n/a;n/a;n/a;n/a;n/a
0;CLIENTE;Tipo Servicio;CargaID;22;20 PIES NOCTURNO DURAN;n/a;n/a;0000000078;n/a;n/a;n/a;n/a;n/a;n/a;n/a;n/a;n/a
0;CLIENTE;Tipo Servicio;CargaID;23;20 PIES NOCTURNO AMBATO;n/a;n/a;0000000166;n/a;n/a;n/a;n/a;n/a;n/a;n/a;n/a;n/a
0;CLIENTE;Tipo Servicio;CargaID;24;20 PIES NOCTURNO QUIMICOS;n/a;n/a;0000000155;n/a;n/a;n/a;n/a;n/a;n/a;n/a;n/a;n/a
0;CLIENTE;Tipo Servicio;CargaID;25;"20"" HORARIO NOCTURNO";n/a;n/a;0000000115;n/a;n/a;n/a;n/a;n/a;n/a;n/a;n/a;n/a
0;CLIENTE;Tipo Servicio;CargaID;26;20 PIES NOCTURNO REFRIGERADO;n/a;n/a;0000000149;n/a;n/a;n/a;n/a;n/a;n/a;n/a;n/a;n/a
0;CLIENTE;Tipo Servicio;CargaID;27;20 PIES NOCTURNO QUITO;n/a;n/a;0000000160;n/a;n/a;n/a;n/a;n/a;n/a;n/a;n/a;n/a
0;CLIENTE;Tipo Servicio;CargaID;28;20 PIES;n/a;n/a;0000000130;n/a;n/a;n/a;n/a;n/a;n/a;n/a;n/a;n/a
0;CLIENTE;Tipo Servicio;CargaID;29;Contenedor de 20 DC;n/a;n/a;0000000001;n/a;n/a;n/a;n/a;n/a;n/a;n/a;n/a;n/a
0;CLIENTE;Tipo Servicio;CargaID;30;"20"" DIURNO CODIGO ROJO";n/a;n/a;0000000097;n/a;n/a;n/a;n/a;n/a;n/a;n/a;n/a;n/a
0;CLIENTE;Tipo Servicio;CargaID;31;Contenedor de 20 FR;n/a;n/a;0000000009;n/a;n/a;n/a;n/a;n/a;n/a;n/a;n/a;n/a
0;CLIENTE;Tipo Servicio;CargaID;32;Contenedor de 20 RF;n/a;n/a;0000000002;n/a;n/a;n/a;n/a;n/a;n/a;n/a;n/a;n/a
0;CLIENTE;Tipo Servicio;CargaID;33;Isotanque de 20 TK;n/a;n/a;0000000004;n/a;n/a;n/a;n/a;n/a;n/a;n/a;n/a;n/a
0;CLIENTE;Tipo Servicio;CargaID;34;40¨ COD AZUL QUIFATEX;n/a;n/a;0000000072;n/a;n/a;n/a;n/a;n/a;n/a;n/a;n/a;n/a
0;CLIENTE;Tipo Servicio;CargaID;35;40 DC PERU;n/a;n/a;0000000055;n/a;n/a;n/a;n/a;n/a;n/a;n/a;n/a;n/a
0;CLIENTE;Tipo Servicio;CargaID;36;contenedor 40' para Procter;n/a;n/a;0000000051;n/a;n/a;n/a;n/a;n/a;n/a;n/a;n/a;n/a
0;CLIENTE;Tipo Servicio;CargaID;37;CONTENEDOR DE 40 PRODUC TERMINADO;n/a;n/a;0000000037;n/a;n/a;n/a;n/a;n/a;n/a;n/a;n/a;n/a
0;CLIENTE;Tipo Servicio;CargaID;38;"40"" DIURNO DURAN (MAS DE 1)";n/a;n/a;0000000140;n/a;n/a;n/a;n/a;n/a;n/a;n/a;n/a;n/a
0;CLIENTE;Tipo Servicio;CargaID;39;"40"" DIURNO DURAN (MAS DE 2)";n/a;n/a;0000000141;n/a;n/a;n/a;n/a;n/a;n/a;n/a;n/a;n/a
0;CLIENTE;Tipo Servicio;CargaID;40;40 PIES DIURNO QUIMICOS;n/a;n/a;0000000153;n/a;n/a;n/a;n/a;n/a;n/a;n/a;n/a;n/a
0;CLIENTE;Tipo Servicio;CargaID;41;40 PIES DIURNO;n/a;n/a;0000000075;n/a;n/a;n/a;n/a;n/a;n/a;n/a;n/a;n/a
0;CLIENTE;Tipo Servicio;CargaID;42;40 PIES DIURNO AMBATO;n/a;n/a;0000000165;n/a;n/a;n/a;n/a;n/a;n/a;n/a;n/a;n/a
0;CLIENTE;Tipo Servicio;CargaID;43;40 PIES DIURNO DURAN;n/a;n/a;0000000111;n/a;n/a;n/a;n/a;n/a;n/a;n/a;n/a;n/a
0;CLIENTE;Tipo Servicio;CargaID;44;40 DIURNO MATERIA PRIMA;n/a;n/a;0000000128;n/a;n/a;n/a;n/a;n/a;n/a;n/a;n/a;n/a
0;CLIENTE;Tipo Servicio;CargaID;45;40 DIURNO PRODUCTO TERMINADO;n/a;n/a;0000000124;n/a;n/a;n/a;n/a;n/a;n/a;n/a;n/a;n/a
0;CLIENTE;Tipo Servicio;CargaID;46;40 PIES DIURNO REFRIGERADO;n/a;n/a;0000000147;n/a;n/a;n/a;n/a;n/a;n/a;n/a;n/a;n/a
0;CLIENTE;Tipo Servicio;CargaID;47;40 PIES DIURNO QUITO;n/a;n/a;0000000159;n/a;n/a;n/a;n/a;n/a;n/a;n/a;n/a;n/a
0;CLIENTE;Tipo Servicio;CargaID;48;"EXPORTACION SERVICIOS CONTENEDOR DE 40""";n/a;n/a;0000000095;n/a;n/a;n/a;n/a;n/a;n/a;n/a;n/a;n/a
0;CLIENTE;Tipo Servicio;CargaID;49;"EXPORTACION SERVICIOS CONTENEDOR 40"" PERU";n/a;n/a;0000000108;n/a;n/a;n/a;n/a;n/a;n/a;n/a;n/a;n/a
0;CLIENTE;Tipo Servicio;CargaID;50;40 CONTENEDOR EXPORTACION DIURNO;n/a;n/a;0000000086;n/a;n/a;n/a;n/a;n/a;n/a;n/a;n/a;n/a
0;CLIENTE;Tipo Servicio;CargaID;51;40 CONTENEDOR EXPORT EXTENDIDO;n/a;n/a;0000000088;n/a;n/a;n/a;n/a;n/a;n/a;n/a;n/a;n/a
0;CLIENTE;Tipo Servicio;CargaID;52;40 PIES EXTENDIDO;n/a;n/a;0000000076;n/a;n/a;n/a;n/a;n/a;n/a;n/a;n/a;n/a
0;CLIENTE;Tipo Servicio;CargaID;53;40 EXTENDIDO MATERIA PRIMA;n/a;n/a;0000000129;n/a;n/a;n/a;n/a;n/a;n/a;n/a;n/a;n/a
0;CLIENTE;Tipo Servicio;CargaID;54;40 KRAFT DIURNO;n/a;n/a;0000000104;n/a;n/a;n/a;n/a;n/a;n/a;n/a;n/a;n/a
0;CLIENTE;Tipo Servicio;CargaID;55;40 KRAFT DOMINGOS Y FERIADOS;n/a;n/a;0000000107;n/a;n/a;n/a;n/a;n/a;n/a;n/a;n/a;n/a
0;CLIENTE;Tipo Servicio;CargaID;56;40 KRAFT NOCTURNO;n/a;n/a;0000000105;n/a;n/a;n/a;n/a;n/a;n/a;n/a;n/a;n/a
0;CLIENTE;Tipo Servicio;CargaID;57;40 KRAFT SABADO;n/a;n/a;0000000106;n/a;n/a;n/a;n/a;n/a;n/a;n/a;n/a;n/a
0;CLIENTE;Tipo Servicio;CargaID;58;"40"" NOCTURNO DURAN (MAS DE 1)";n/a;n/a;0000000143;n/a;n/a;n/a;n/a;n/a;n/a;n/a;n/a;n/a
0;CLIENTE;Tipo Servicio;CargaID;59;40 PIES NOCTURNO DURAN;n/a;n/a;0000000113;n/a;n/a;n/a;n/a;n/a;n/a;n/a;n/a;n/a
0;CLIENTE;Tipo Servicio;CargaID;60;40 PIES NOCTURNO AMBATO;n/a;n/a;0000000167;n/a;n/a;n/a;n/a;n/a;n/a;n/a;n/a;n/a
0;CLIENTE;Tipo Servicio;CargaID;61;40 PIES NOCTURNO QUIMICOS;n/a;n/a;0000000156;n/a;n/a;n/a;n/a;n/a;n/a;n/a;n/a;n/a
0;CLIENTE;Tipo Servicio;CargaID;62;"40"" HORARIO NOCTURNO";n/a;n/a;0000000114;n/a;n/a;n/a;n/a;n/a;n/a;n/a;n/a;n/a
0;CLIENTE;Tipo Servicio;CargaID;63;40 PIES NOCTURNO REFRIGERADO;n/a;n/a;0000000150;n/a;n/a;n/a;n/a;n/a;n/a;n/a;n/a;n/a
0;CLIENTE;Tipo Servicio;CargaID;64;40 PIES NOCTURNO QUITO;n/a;n/a;0000000161;n/a;n/a;n/a;n/a;n/a;n/a;n/a;n/a;n/a
0;CLIENTE;Tipo Servicio;CargaID;65;40 PIES;n/a;n/a;0000000080;n/a;n/a;n/a;n/a;n/a;n/a;n/a;n/a;n/a
0;CLIENTE;Tipo Servicio;CargaID;66;Contenedor de 40 DC;n/a;n/a;0000000005;n/a;n/a;n/a;n/a;n/a;n/a;n/a;n/a;n/a
0;CLIENTE;Tipo Servicio;CargaID;67;"40"" DIURNO CODIGO ROJO";n/a;n/a;0000000098;n/a;n/a;n/a;n/a;n/a;n/a;n/a;n/a;n/a
0;CLIENTE;Tipo Servicio;CargaID;68;Contenedor de 40 FR;n/a;n/a;0000000010;n/a;n/a;n/a;n/a;n/a;n/a;n/a;n/a;n/a
0;CLIENTE;Tipo Servicio;CargaID;69;Contenedor 40 HC;n/a;n/a;0000000062;n/a;n/a;n/a;n/a;n/a;n/a;n/a;n/a;n/a
0;CLIENTE;Tipo Servicio;CargaID;70;40 Contenedor Ref no Operable;n/a;n/a;0000000047;n/a;n/a;n/a;n/a;n/a;n/a;n/a;n/a;n/a
0;CLIENTE;Tipo Servicio;CargaID;71;Contenedor de 40 OT;n/a;n/a;0000000006;n/a;n/a;n/a;n/a;n/a;n/a;n/a;n/a;n/a
0;CLIENTE;Tipo Servicio;CargaID;72;Contenedor de 40 RF;n/a;n/a;0000000008;n/a;n/a;n/a;n/a;n/a;n/a;n/a;n/a;n/a
0;CLIENTE;Tipo Servicio;CargaID;73;Contenedor de 40 RH;n/a;n/a;0000000007;n/a;n/a;n/a;n/a;n/a;n/a;n/a;n/a;n/a
0;CLIENTE;Tipo Servicio;CargaID;74;Contenedor 40 HC;n/a;n/a;0000000063;n/a;n/a;n/a;n/a;n/a;n/a;n/a;n/a;n/a
0;CLIENTE;Tipo Servicio;CargaID;75;40 PIES;n/a;n/a;0000000079;n/a;n/a;n/a;n/a;n/a;n/a;n/a;n/a;n/a
0;CLIENTE;Tipo Servicio;CargaID;76;ATADOS DE METAL;n/a;n/a;0000000032;n/a;n/a;n/a;n/a;n/a;n/a;n/a;n/a;n/a
0;CLIENTE;Tipo Servicio;CargaID;77;CARGA SUELTA CÓD. AZUL;n/a;n/a;0000000089;n/a;n/a;n/a;n/a;n/a;n/a;n/a;n/a;n/a
0;CLIENTE;Tipo Servicio;CargaID;78;CARGA SUELTA EN CONTENEDOR DE 20;n/a;n/a;0000000091;n/a;n/a;n/a;n/a;n/a;n/a;n/a;n/a;n/a
0;CLIENTE;Tipo Servicio;CargaID;79;CARGA SUELTA EN COTENEDOR DE 40;n/a;n/a;0000000092;n/a;n/a;n/a;n/a;n/a;n/a;n/a;n/a;n/a
0;CLIENTE;Tipo Servicio;CargaID;80;CARGA SUELTA DIURNA DURAN;n/a;n/a;0000000144;n/a;n/a;n/a;n/a;n/a;n/a;n/a;n/a;n/a
0;CLIENTE;Tipo Servicio;CargaID;81;CARGA SUELTA DIURNA QUIMICOS;n/a;n/a;0000000154;n/a;n/a;n/a;n/a;n/a;n/a;n/a;n/a;n/a
0;CLIENTE;Tipo Servicio;CargaID;82;CARGA SUEKTA DIURNA REFRIGERADA;n/a;n/a;0000000148;n/a;n/a;n/a;n/a;n/a;n/a;n/a;n/a;n/a
0;CLIENTE;Tipo Servicio;CargaID;83;CARGA SUELTA NOCTURNA DURAN;n/a;n/a;0000000145;n/a;n/a;n/a;n/a;n/a;n/a;n/a;n/a;n/a
0;CLIENTE;Tipo Servicio;CargaID;84;CARGA SUELTA NOCTURNA QUIMICOS;n/a;n/a;0000000157;n/a;n/a;n/a;n/a;n/a;n/a;n/a;n/a;n/a
0;CLIENTE;Tipo Servicio;CargaID;85;CARGA SUELTA NOCTURNA REFRIGERADA;n/a;n/a;0000000151;n/a;n/a;n/a;n/a;n/a;n/a;n/a;n/a;n/a
0;CLIENTE;Tipo Servicio;CargaID;86;CARGA SUELTA CÓD. ROJO;n/a;n/a;0000000090;n/a;n/a;n/a;n/a;n/a;n/a;n/a;n/a;n/a
0;CLIENTE;Tipo Servicio;CargaID;87;TRANSPORTE CARGA SUELTA EN FURGON COMPLETO;n/a;n/a;0000000046;n/a;n/a;n/a;n/a;n/a;n/a;n/a;n/a;n/a
0;CLIENTE;Tipo Servicio;CargaID;88;CARGA SUELTA TRANS.AÉREO HORARIO DIURNO;n/a;n/a;0000000132;n/a;n/a;n/a;n/a;n/a;n/a;n/a;n/a;n/a
0;CLIENTE;Tipo Servicio;CargaID;89;CARGA SUELTA TRANS.AÉREO HORARIO NOCTURNO;n/a;n/a;0000000135;n/a;n/a;n/a;n/a;n/a;n/a;n/a;n/a;n/a
0;CLIENTE;Tipo Servicio;CargaID;90;CAMION;n/a;n/a;0000000025;n/a;n/a;n/a;n/a;n/a;n/a;n/a;n/a;n/a
0;CLIENTE;Tipo Servicio;CargaID;91;SACOS EN CAMION HORARIO DIURNO;n/a;n/a;0000000136;n/a;n/a;n/a;n/a;n/a;n/a;n/a;n/a;n/a
0;CLIENTE;Tipo Servicio;CargaID;92;SACOS EN CAMION HORARIO NOCTURNO;n/a;n/a;0000000137;n/a;n/a;n/a;n/a;n/a;n/a;n/a;n/a;n/a
0;CLIENTE;Tipo Servicio;CargaID;93;CARGA SUELTA HORARIO NOCTURNO;n/a;n/a;0000000116;n/a;n/a;n/a;n/a;n/a;n/a;n/a;n/a;n/a
0;CLIENTE;Tipo Servicio;CargaID;94;CARGA SUELTA AEREA;n/a;n/a;0000000096;n/a;n/a;n/a;n/a;n/a;n/a;n/a;n/a;n/a
0;CLIENTE;Tipo Servicio;CargaID;95;CARGA SUELTA EN HORARIO DIURNO;n/a;n/a;0000000015;n/a;n/a;n/a;n/a;n/a;n/a;n/a;n/a;n/a
0;CLIENTE;Tipo Servicio;CargaID;96;CARGA SUELTA EN PLATAFORMA;n/a;n/a;0000000120;n/a;n/a;n/a;n/a;n/a;n/a;n/a;n/a;n/a
0;CLIENTE;Tipo Servicio;CargaID;97;Cartones;n/a;n/a;0000000011;n/a;n/a;n/a;n/a;n/a;n/a;n/a;n/a;n/a
0;CLIENTE;Tipo Servicio;CargaID;98;CARGA SUELTA DIURNO AMBATO;n/a;n/a;0000000168;n/a;n/a;n/a;n/a;n/a;n/a;n/a;n/a;n/a
0;CLIENTE;Tipo Servicio;CargaID;99;CARGA SUELTA DIURNO QUITO;n/a;n/a;0000000162;n/a;n/a;n/a;n/a;n/a;n/a;n/a;n/a;n/a
0;CLIENTE;Tipo Servicio;CargaID;100;CARGA SUELTA NOCTURNO AMBATO;n/a;n/a;0000000169;n/a;n/a;n/a;n/a;n/a;n/a;n/a;n/a;n/a
0;CLIENTE;Tipo Servicio;CargaID;101;CARGA SUELTA NOCTURNO QUITO;n/a;n/a;0000000163;n/a;n/a;n/a;n/a;n/a;n/a;n/a;n/a;n/a
0;CLIENTE;Tipo Servicio;CargaID;102;Distribución  C2.15;n/a;n/a;0000000171;n/a;n/a;n/a;n/a;n/a;n/a;n/a;n/a;n/a
0;CLIENTE;Tipo Servicio;CargaID;103;Distribución  C2.25;n/a;n/a;0000000172;n/a;n/a;n/a;n/a;n/a;n/a;n/a;n/a;n/a
0;CLIENTE;Tipo Servicio;CargaID;104;Distribución  C2.35;n/a;n/a;0000000173;n/a;n/a;n/a;n/a;n/a;n/a;n/a;n/a;n/a
0;CLIENTE;Tipo Servicio;CargaID;105;Distribución  C2.45;n/a;n/a;0000000174;n/a;n/a;n/a;n/a;n/a;n/a;n/a;n/a;n/a
0;CLIENTE;Tipo Servicio;CargaID;106;Distribución  C2.60;n/a;n/a;0000000175;n/a;n/a;n/a;n/a;n/a;n/a;n/a;n/a;n/a
0;CLIENTE;Tipo Servicio;CargaID;107;Distribución T3S2M;n/a;n/a;0000000176;n/a;n/a;n/a;n/a;n/a;n/a;n/a;n/a;n/a
0;CLIENTE;Tipo Servicio;CargaID;108;Distribución T3S2;n/a;n/a;0000000177;n/a;n/a;n/a;n/a;n/a;n/a;n/a;n/a;n/a
0;CLIENTE;Tipo Servicio;CargaID;109;FIN DE SEMANA Y FERIADO;n/a;n/a;0000000117;n/a;n/a;n/a;n/a;n/a;n/a;n/a;n/a;n/a
0;CLIENTE;Tipo Servicio;CargaID;110;FIN SEMANA DIURNO;n/a;n/a;0000000109;n/a;n/a;n/a;n/a;n/a;n/a;n/a;n/a;n/a
0;CLIENTE;Tipo Servicio;CargaID;111;FIN SEMANA EXTENDIDO;n/a;n/a;0000000110;n/a;n/a;n/a;n/a;n/a;n/a;n/a;n/a;n/a
0;CLIENTE;Tipo Servicio;CargaID;112;Furgón / Carga suelta consolidada;n/a;n/a;0000000131;n/a;n/a;n/a;n/a;n/a;n/a;n/a;n/a;n/a
0;CLIENTE;Tipo Servicio;CargaID;113;TRANSPORTE EN FURGON CARGA DESCONSOLIDADA;n/a;n/a;0000000119;n/a;n/a;n/a;n/a;n/a;n/a;n/a;n/a;n/a
0;CLIENTE;Tipo Servicio;CargaID;114;Paletas;n/a;n/a;0000000012;n/a;n/a;n/a;n/a;n/a;n/a;n/a;n/a;n/a
0;CLIENTE;Tipo Servicio;CargaID;115;SACOS;n/a;n/a;0000000033;n/a;n/a;n/a;n/a;n/a;n/a;n/a;n/a;n/a
0;CLIENTE;Tipo Servicio;CargaID;116;SEMI-REMOLQUE / PLATAFORMAS / FURGON;n/a;n/a;0000000030;n/a;n/a;n/a;n/a;n/a;n/a;n/a;n/a;n/a
0;CLIENTE;Tipo Servicio;CargaID;117;TANQUERO;n/a;n/a;0000000022;n/a;n/a;n/a;n/a;n/a;n/a;n/a;n/a;n/a
0;CLIENTE;Tipo Servicio;CargaID;118;Tracto Camion;n/a;n/a;0000000019;n/a;n/a;n/a;n/a;n/a;n/a;n/a;n/a;n/a
0;CLIENTE;Tipo Servicio;CargaID;119;TRABAJOS INTERNOS;n/a;n/a;0000000118;n/a;n/a;n/a;n/a;n/a;n/a;n/a;n/a;n/a
;;;;;;;;;;;;;;;;;
;;;;;;;;;;;;;;;;;
;;;;;;;;;;;;;;;;;
;;;;;;;;;;;;;;;;;
;;;;;;;;;;;;;;;;;
;;;;;;;;;;;;;;;;;
;;;;;;;;;;;;;;;;;
;;;;;;;;;;;;;;;;;
;;;;;;;;;;;;;;;;;
;;;;;;;;;;;;;;;;;
;;;;;;;;;;;;;;;;;
;;;;;;;;;;;;;;;;;
;;;;;;;;;;;;;;;;;
;;;;;;;;;;;;;;;;;
;;;;;;;;;;;;;;;;;
;;;;;;;;;;;;;;;;;
;;;;;;;;;;;;;;;;;
;;;;;;;;;;;;;;;;;
;;;;;;;;;;;;;;;;;
;;;;;;;;;;;;;;;;;
;;;;;;;;;;;;;;;;;
;;;;;;;;;;;;;;;;;
;;;;;;;;;;;;;;;;;
;;;;;;;;;;;;;;;;;
;;;;;;;;;;;;;;;;;
;;;;;;;;;;;;;;;;;
;;;;;;;;;;;;;;;;;
;;;;;;;;;;;;;;;;;
;;;;;;;;;;;;;;;;;
;;;;;;;;;;;;;;;;;
;;;;;;;;;;;;;;;;;
;;;;;;;;;;;;;;;;;
;;;;;;;;;;;;;;;;;
;;;;;;;;;;;;;;;;;
;;;;;;;;;;;;;;;;;
;;;;;;;;;;;;;;;;;
;;;;;;;;;;;;;;;;;
;;;;;;;;;;;;;;;;;
;;;;;;;;;;;;;;;;;
;;;;;;;;;;;;;;;;;
;;;;;;;;;;;;;;;;;
;;;;;;;;;;;;;;;;;
;;;;;;;;;;;;;;;;;
;;;;;;;;;;;;;;;;;
;;;;;;;;;;;;;;;;;
;;;;;;;;;;;;;;;;;
;;;;;;;;;;;;;;;;;
;;;;;;;;;;;;;;;;;
;;;;;;;;;;;;;;;;;
;;;;;;;;;;;;;;;;;
;;;;;;;;;;;;;;;;;
;;;;;;;;;;;;;;;;;
;;;;;;;;;;;;;;;;;
;;;;;;;;;;;;;;;;;
;;;;;;;;;;;;;;;;;
;;;;;;;;;;;;;;;;;
;;;;;;;;;;;;;;;;;
;;;;;;;;;;;;;;;;;
;;;;;;;;;;;;;;;;;
;;;;;;;;;;;;;;;;;
;;;;;;;;;;;;;;;;;
;;;;;;;;;;;;;;;;;
;;;;;;;;;;;;;;;;;
;;;;;;;;;;;;;;;;;
;;;;;;;;;;;;;;;;;
;;;;;;;;;;;;;;;;;
;;;;;;;;;;;;;;;;;
;;;;;;;;;;;;;;;;;
;;;;;;;;;;;;;;;;;
;;;;;;;;;;;;;;;;;
;;;;;;;;;;;;;;;;;
;;;;;;;;;;;;;;;;;
;;;;;;;;;;;;;;;;;
;;;;;;;;;;;;;;;;;
;;;;;;;;;;;;;;;;;
;;;;;;;;;;;;;;;;;
;;;;;;;;;;;;;;;;;
;;;;;;;;;;;;;;;;;
;;;;;;;;;;;;;;;;;
;;;;;;;;;;;;;;;;;
;;;;;;;;;;;;;;;;;
;;;;;;;;;;;;;;;;;
;;;;;;;;;;;;;;;;;
;;;;;;;;;;;;;;;;;
;;;;;;;;;;;;;;;;;
;;;;;;;;;;;;;;;;;
;;;;;;;;;;;;;;;;;
;;;;;;;;;;;;;;;;;
;;;;;;;;;;;;;;;;;
;;;;;;;;;;;;;;;;;
;;;;;;;;;;;;;;;;;
;;;;;;;;;;;;;;;;;
;;;;;;;;;;;;;;;;;
;;;;;;;;;;;;;;;;;
;;;;;;;;;;;;;;;;;
;;;;;;;;;;;;;;;;;
;;;;;;;;;;;;;;;;;
;;;;;;;;;;;;;;;;;
;;;;;;;;;;;;;;;;;
;;;;;;;;;;;;;;;;;
;;;;;;;;;;;;;;;;;
;;;;;;;;;;;;;;;;;
;;;;;;;;;;;;;;;;;
;;;;;;;;;;;;;;;;;
;;;;;;;;;;;;;;;;;
;;;;;;;;;;;;;;;;;
;;;;;;;;;;;;;;;;;
;;;;;;;;;;;;;;;;;
;;;;;;;;;;;;;;;;;
;;;;;;;;;;;;;;;;;
;;;;;;;;;;;;;;;;;
;;;;;;;;;;;;;;;;;
;;;;;;;;;;;;;;;;;
;;;;;;;;;;;;;;;;;
;;;;;;;;;;;;;;;;;
;;;;;;;;;;;;;;;;;
;;;;;;;;;;;;;;;;;
;;;;;;;;;;;;;;;;;
;;;;;;;;;;;;;;;;;
;;;;;;;;;;;;;;;;;
;;;;;;;;;;;;;;;;;
;;;;;;;;;;;;;;;;;
;;;;;;;;;;;;;;;;;
;;;;;;;;;;;;;;;;;
;;;;;;;;;;;;;;;;;
;;;;;;;;;;;;;;;;;
;;;;;;;;;;;;;;;;;
;;;;;;;;;;;;;;;;;
;;;;;;;;;;;;;;;;;
;;;;;;;;;;;;;;;;;
;;;;;;;;;;;;;;;;;
;;;;;;;;;;;;;;;;;
;;;;;;;;;;;;;;;;;
;;;;;;;;;;;;;;;;;
;;;;;;;;;;;;;;;;;
;;;;;;;;;;;;;;;;;
;;;;;;;;;;;;;;;;;
;;;;;;;;;;;;;;;;;
;;;;;;;;;;;;;;;;;
;;;;;;;;;;;;;;;;;
;;;;;;;;;;;;;;;;;
;;;;;;;;;;;;;;;;;
;;;;;;;;;;;;;;;;;
;;;;;;;;;;;;;;;;;
;;;;;;;;;;;;;;;;;
;;;;;;;;;;;;;;;;;
;;;;;;;;;;;;;;;;;
;;;;;;;;;;;;;;;;;
;;;;;;;;;;;;;;;;;
;;;;;;;;;;;;;;;;;
;;;;;;;;;;;;;;;;;
;;;;;;;;;;;;;;;;;
;;;;;;;;;;;;;;;;;
;;;;;;;;;;;;;;;;;
;;;;;;;;;;;;;;;;;
;;;;;;;;;;;;;;;;;
;;;;;;;;;;;;;;;;;
;;;;;;;;;;;;;;;;;
;;;;;;;;;;;;;;;;;
;;;;;;;;;;;;;;;;;
;;;;;;;;;;;;;;;;;
;;;;;;;;;;;;;;;;;
;;;;;;;;;;;;;;;;;
;;;;;;;;;;;;;;;;;
;;;;;;;;;;;;;;;;;
;;;;;;;;;;;;;;;;;
;;;;;;;;;;;;;;;;;
;;;;;;;;;;;;;;;;;
;;;;;;;;;;;;;;;;;
;;;;;;;;;;;;;;;;;
;;;;;;;;;;;;;;;;;
;;;;;;;;;;;;;;;;;
;;;;;;;;;;;;;;;;;
;;;;;;;;;;;;;;;;;
;;;;;;;;;;;;;;;;;
;;;;;;;;;;;;;;;;;
;;;;;;;;;;;;;;;;;
;;;;;;;;;;;;;;;;;
;;;;;;;;;;;;;;;;;
;;;;;;;;;;;;;;;;;
;;;;;;;;;;;;;;;;;
;;;;;;;;;;;;;;;;;
;;;;;;;;;;;;;;;;;
;;;;;;;;;;;;;;;;;
;;;;;;;;;;;;;;;;;
;;;;;;;;;;;;;;;;;
;;;;;;;;;;;;;;;;;
;;;;;;;;;;;;;;;;;
;;;;;;;;;;;;;;;;;
;;;;;;;;;;;;;;;;;
;;;;;;;;;;;;;;;;;
;;;;;;;;;;;;;;;;;
;;;;;;;;;;;;;;;;;
;;;;;;;;;;;;;;;;;
;;;;;;;;;;;;;;;;;
;;;;;;;;;;;;;;;;;
;;;;;;;;;;;;;;;;;
;;;;;;;;;;;;;;;;;
;;;;;;;;;;;;;;;;;
;;;;;;;;;;;;;;;;;
;;;;;;;;;;;;;;;;;
;;;;;;;;;;;;;;;;;
;;;;;;;;;;;;;;;;;
;;;;;;;;;;;;;;;;;
;;;;;;;;;;;;;;;;;
;;;;;;;;;;;;;;;;;
;;;;;;;;;;;;;;;;;
;;;;;;;;;;;;;;;;;
;;;;;;;;;;;;;;;;;
;;;;;;;;;;;;;;;;;
;;;;;;;;;;;;;;;;;
;;;;;;;;;;;;;;;;;
;;;;;;;;;;;;;;;;;
;;;;;;;;;;;;;;;;;
;;;;;;;;;;;;;;;;;
;;;;;;;;;;;;;;;;;
;;;;;;;;;;;;;;;;;
;;;;;;;;;;;;;;;;;
;;;;;;;;;;;;;;;;;
;;;;;;;;;;;;;;;;;
;;;;;;;;;;;;;;;;;
;;;;;;;;;;;;;;;;;
;;;;;;;;;;;;;;;;;
;;;;;;;;;;;;;;;;;
;;;;;;;;;;;;;;;;;
;;;;;;;;;;;;;;;;;
;;;;;;;;;;;;;;;;;
;;;;;;;;;;;;;;;;;
;;;;;;;;;;;;;;;;;
;;;;;;;;;;;;;;;;;
;;;;;;;;;;;;;;;;;
;;;;;;;;;;;;;;;;;
;;;;;;;;;;;;;;;;;
;;;;;;;;;;;;;;;;;
;;;;;;;;;;;;;;;;;
;;;;;;;;;;;;;;;;;
;;;;;;;;;;;;;;;;;
;;;;;;;;;;;;;;;;;
;;;;;;;;;;;;;;;;;
;;;;;;;;;;;;;;;;;
;;;;;;;;;;;;;;;;;
;;;;;;;;;;;;;;;;;
;;;;;;;;;;;;;;;;;
;;;;;;;;;;;;;;;;;
;;;;;;;;;;;;;;;;;
;;;;;;;;;;;;;;;;;
;;;;;;;;;;;;;;;;;
;;;;;;;;;;;;;;;;;
;;;;;;;;;;;;;;;;;
;;;;;;;;;;;;;;;;;
;;;;;;;;;;;;;;;;;
;;;;;;;;;;;;;;;;;
;;;;;;;;;;;;;;;;;
;;;;;;;;;;;;;;;;;
;;;;;;;;;;;;;;;;;
;;;;;;;;;;;;;;;;;
;;;;;;;;;;;;;;;;;
;;;;;;;;;;;;;;;;;
;;;;;;;;;;;;;;;;;
;;;;;;;;;;;;;;;;;
;;;;;;;;;;;;;;;;;
;;;;;;;;;;;;;;;;;
;;;;;;;;;;;;;;;;;
;;;;;;;;;;;;;;;;;
;;;;;;;;;;;;;;;;;
;;;;;;;;;;;;;;;;;
;;;;;;;;;;;;;;;;;
;;;;;;;;;;;;;;;;;
;;;;;;;;;;;;;;;;;
;;;;;;;;;;;;;;;;;
;;;;;;;;;;;;;;;;;
;;;;;;;;;;;;;;;;;
;;;;;;;;;;;;;;;;;
;;;;;;;;;;;;;;;;;
;;;;;;;;;;;;;;;;;
;;;;;;;;;;;;;;;;;
;;;;;;;;;;;;;;;;;
;;;;;;;;;;;;;;;;;
;;;;;;;;;;;;;;;;;
;;;;;;;;;;;;;;;;;
;;;;;;;;;;;;;;;;;
;;;;;;;;;;;;;;;;;
;;;;;;;;;;;;;;;;;
;;;;;;;;;;;;;;;;;
;;;;;;;;;;;;;;;;;
;;;;;;;;;;;;;;;;;
;;;;;;;;;;;;;;;;;
;;;;;;;;;;;;;;;;;
;;;;;;;;;;;;;;;;;
;;;;;;;;;;;;;;;;;
;;;;;;;;;;;;;;;;;
;;;;;;;;;;;;;;;;;
;;;;;;;;;;;;;;;;;
;;;;;;;;;;;;;;;;;
;;;;;;;;;;;;;;;;;
;;;;;;;;;;;;;;;;;
;;;;;;;;;;;;;;;;;
;;;;;;;;;;;;;;;;;
;;;;;;;;;;;;;;;;;
;;;;;;;;;;;;;;;;;
;;;;;;;;;;;;;;;;;
;;;;;;;;;;;;;;;;;
;;;;;;;;;;;;;;;;;
;;;;;;;;;;;;;;;;;
;;;;;;;;;;;;;;;;;
;;;;;;;;;;;;;;;;;
;;;;;;;;;;;;;;;;;
;;;;;;;;;;;;;;;;;
;;;;;;;;;;;;;;;;;
;;;;;;;;;;;;;;;;;
;;;;;;;;;;;;;;;;;
;;;;;;;;;;;;;;;;;
;;;;;;;;;;;;;;;;;
;;;;;;;;;;;;;;;;;
;;;;;;;;;;;;;;;;;
;;;;;;;;;;;;;;;;;
;;;;;;;;;;;;;;;;;
;;;;;;;;;;;;;;;;;
;;;;;;;;;;;;;;;;;
;;;;;;;;;;;;;;;;;
;;;;;;;;;;;;;;;;;
;;;;;;;;;;;;;;;;;
;;;;;;;;;;;;;;;;;
;;;;;;;;;;;;;;;;;
;;;;;;;;;;;;;;;;;
;;;;;;;;;;;;;;;;;
;;;;;;;;;;;;;;;;;
;;;;;;;;;;;;;;;;;
;;;;;;;;;;;;;;;;;
;;;;;;;;;;;;;;;;;
;;;;;;;;;;;;;;;;;
;;;;;;;;;;;;;;;;;
;;;;;;;;;;;;;;;;;
;;;;;;;;;;;;;;;;;
;;;;;;;;;;;;;;;;;
;;;;;;;;;;;;;;;;;
;;;;;;;;;;;;;;;;;
;;;;;;;;;;;;;;;;;
;;;;;;;;;;;;;;;;;
;;;;;;;;;;;;;;;;;
;;;;;;;;;;;;;;;;;
;;;;;;;;;;;;;;;;;
;;;;;;;;;;;;;;;;;
;;;;;;;;;;;;;;;;;
;;;;;;;;;;;;;;;;;
;;;;;;;;;;;;;;;;;
;;;;;;;;;;;;;;;;;
;;;;;;;;;;;;;;;;;
;;;;;;;;;;;;;;;;;
;;;;;;;;;;;;;;;;;
;;;;;;;;;;;;;;;;;
;;;;;;;;;;;;;;;;;
;;;;;;;;;;;;;;;;;
;;;;;;;;;;;;;;;;;
;;;;;;;;;;;;;;;;;
;;;;;;;;;;;;;;;;;
;;;;;;;;;;;;;;;;;
;;;;;;;;;;;;;;;;;
;;;;;;;;;;;;;;;;;
;;;;;;;;;;;;;;;;;
;;;;;;;;;;;;;;;;;
;;;;;;;;;;;;;;;;;
;;;;;;;;;;;;;;;;;
;;;;;;;;;;;;;;;;;
;;;;;;;;;;;;;;;;;
;;;;;;;;;;;;;;;;;
;;;;;;;;;;;;;;;;;
;;;;;;;;;;;;;;;;;
;;;;;;;;;;;;;;;;;
;;;;;;;;;;;;;;;;;
;;;;;;;;;;;;;;;;;
;;;;;;;;;;;;;;;;;
;;;;;;;;;;;;;;;;;
;;;;;;;;;;;;;;;;;
;;;;;;;;;;;;;;;;;
;;;;;;;;;;;;;;;;;
;;;;;;;;;;;;;;;;;
;;;;;;;;;;;;;;;;;
;;;;;;;;;;;;;;;;;
;;;;;;;;;;;;;;;;;
;;;;;;;;;;;;;;;;;
;;;;;;;;;;;;;;;;;
;;;;;;;;;;;;;;;;;
;;;;;;;;;;;;;;;;;
;;;;;;;;;;;;;;;;;
;;;;;;;;;;;;;;;;;
;;;;;;;;;;;;;;;;;
;;;;;;;;;;;;;;;;;
;;;;;;;;;;;;;;;;;
;;;;;;;;;;;;;;;;;
;;;;;;;;;;;;;;;;;
;;;;;;;;;;;;;;;;;
;;;;;;;;;;;;;;;;;
;;;;;;;;;;;;;;;;;
;;;;;;;;;;;;;;;;;
;;;;;;;;;;;;;;;;;
;;;;;;;;;;;;;;;;;
;;;;;;;;;;;;;;;;;
;;;;;;;;;;;;;;;;;
;;;;;;;;;;;;;;;;;
;;;;;;;;;;;;;;;;;
;;;;;;;;;;;;;;;;;
;;;;;;;;;;;;;;;;;
;;;;;;;;;;;;;;;;;
;;;;;;;;;;;;;;;;;
;;;;;;;;;;;;;;;;;
;;;;;;;;;;;;;;;;;
;;;;;;;;;;;;;;;;;
;;;;;;;;;;;;;;;;;
;;;;;;;;;;;;;;;;;
;;;;;;;;;;;;;;;;;
;;;;;;;;;;;;;;;;;
;;;;;;;;;;;;;;;;;
;;;;;;;;;;;;;;;;;
;;;;;;;;;;;;;;;;;
;;;;;;;;;;;;;;;;;
;;;;;;;;;;;;;;;;;
;;;;;;;;;;;;;;;;;
;;;;;;;;;;;;;;;;;
;;;;;;;;;;;;;;;;;
;;;;;;;;;;;;;;;;;
;;;;;;;;;;;;;;;;;
;;;;;;;;;;;;;;;;;
;;;;;;;;;;;;;;;;;
;;;;;;;;;;;;;;;;;
;;;;;;;;;;;;;;;;;
;;;;;;;;;;;;;;;;;
;;;;;;;;;;;;;;;;;
;;;;;;;;;;;;;;;;;
;;;;;;;;;;;;;;;;;
;;;;;;;;;;;;;;;;;
;;;;;;;;;;;;;;;;;
;;;;;;;;;;;;;;;;;
;;;;;;;;;;;;;;;;;
;;;;;;;;;;;;;;;;;
;;;;;;;;;;;;;;;;;
;;;;;;;;;;;;;;;;;
;;;;;;;;;;;;;;;;;
;;;;;;;;;;;;;;;;;
;;;;;;;;;;;;;;;;;
;;;;;;;;;;;;;;;;;
;;;;;;;;;;;;;;;;;
;;;;;;;;;;;;;;;;;
;;;;;;;;;;;;;;;;;
;;;;;;;;;;;;;;;;;
;;;;;;;;;;;;;;;;;
;;;;;;;;;;;;;;;;;
;;;;;;;;;;;;;;;;;
;;;;;;;;;;;;;;;;;
;;;;;;;;;;;;;;;;;
;;;;;;;;;;;;;;;;;
;;;;;;;;;;;;;;;;;
;;;;;;;;;;;;;;;;;
;;;;;;;;;;;;;;;;;
;;;;;;;;;;;;;;;;;
;;;;;;;;;;;;;;;;;
;;;;;;;;;;;;;;;;;
;;;;;;;;;;;;;;;;;
;;;;;;;;;;;;;;;;;
;;;;;;;;;;;;;;;;;
;;;;;;;;;;;;;;;;;
;;;;;;;;;;;;;;;;;
;;;;;;;;;;;;;;;;;
;;;;;;;;;;;;;;;;;
;;;;;;;;;;;;;;;;;
;;;;;;;;;;;;;;;;;
;;;;;;;;;;;;;;;;;
;;;;;;;;;;;;;;;;;
;;;;;;;;;;;;;;;;;
;;;;;;;;;;;;;;;;;
;;;;;;;;;;;;;;;;;
;;;;;;;;;;;;;;;;;
;;;;;;;;;;;;;;;;;
;;;;;;;;;;;;;;;;;
;;;;;;;;;;;;;;;;;
;;;;;;;;;;;;;;;;;
;;;;;;;;;;;;;;;;;
;;;;;;;;;;;;;;;;;
;;;;;;;;;;;;;;;;;
;;;;;;;;;;;;;;;;;
;;;;;;;;;;;;;;;;;
;;;;;;;;;;;;;;;;;
;;;;;;;;;;;;;;;;;
;;;;;;;;;;;;;;;;;
;;;;;;;;;;;;;;;;;
;;;;;;;;;;;;;;;;;
;;;;;;;;;;;;;;;;;
;;;;;;;;;;;;;;;;;
;;;;;;;;;;;;;;;;;
;;;;;;;;;;;;;;;;;
;;;;;;;;;;;;;;;;;
;;;;;;;;;;;;;;;;;
;;;;;;;;;;;;;;;;;
;;;;;;;;;;;;;;;;;
;;;;;;;;;;;;;;;;;
;;;;;;;;;;;;;;;;;
;;;;;;;;;;;;;;;;;
;;;;;;;;;;;;;;;;;
;;;;;;;;;;;;;;;;;
;;;;;;;;;;;;;;;;;
;;;;;;;;;;;;;;;;;
;;;;;;;;;;;;;;;;;
;;;;;;;;;;;;;;;;;
;;;;;;;;;;;;;;;;;
;;;;;;;;;;;;;;;;;
;;;;;;;;;;;;;;;;;
;;;;;;;;;;;;;;;;;
;;;;;;;;;;;;;;;;;
;;;;;;;;;;;;;;;;;
;;;;;;;;;;;;;;;;;
;;;;;;;;;;;;;;;;;
;;;;;;;;;;;;;;;;;
;;;;;;;;;;;;;;;;;
;;;;;;;;;;;;;;;;;
;;;;;;;;;;;;;;;;;
;;;;;;;;;;;;;;;;;
;;;;;;;;;;;;;;;;;
;;;;;;;;;;;;;;;;;
;;;;;;;;;;;;;;;;;
;;;;;;;;;;;;;;;;;
;;;;;;;;;;;;;;;;;
;;;;;;;;;;;;;;;;;
;;;;;;;;;;;;;;;;;
;;;;;;;;;;;;;;;;;
;;;;;;;;;;;;;;;;;
;;;;;;;;;;;;;;;;;
;;;;;;;;;;;;;;;;;
;;;;;;;;;;;;;;;;;
;;;;;;;;;;;;;;;;;
;;;;;;;;;;;;;;;;;
;;;;;;;;;;;;;;;;;
;;;;;;;;;;;;;;;;;
;;;;;;;;;;;;;;;;;
;;;;;;;;;;;;;;;;;
;;;;;;;;;;;;;;;;;
;;;;;;;;;;;;;;;;;
;;;;;;;;;;;;;;;;;
;;;;;;;;;;;;;;;;;
;;;;;;;;;;;;;;;;;
;;;;;;;;;;;;;;;;;
;;;;;;;;;;;;;;;;;
;;;;;;;;;;;;;;;;;
;;;;;;;;;;;;;;;;;
;;;;;;;;;;;;;;;;;
;;;;;;;;;;;;;;;;;
;;;;;;;;;;;;;;;;;
;;;;;;;;;;;;;;;;;
;;;;;;;;;;;;;;;;;
;;;;;;;;;;;;;;;;;
;;;;;;;;;;;;;;;;;
;;;;;;;;;;;;;;;;;
;;;;;;;;;;;;;;;;;
;;;;;;;;;;;;;;;;;
;;;;;;;;;;;;;;;;;
;;;;;;;;;;;;;;;;;
;;;;;;;;;;;;;;;;;
;;;;;;;;;;;;;;;;;
;;;;;;;;;;;;;;;;;
;;;;;;;;;;;;;;;;;
;;;;;;;;;;;;;;;;;
;;;;;;;;;;;;;;;;;
;;;;;;;;;;;;;;;;;
;;;;;;;;;;;;;;;;;
;;;;;;;;;;;;;;;;;
;;;;;;;;;;;;;;;;;
;;;;;;;;;;;;;;;;;
;;;;;;;;;;;;;;;;;
;;;;;;;;;;;;;;;;;
;;;;;;;;;;;;;;;;;
;;;;;;;;;;;;;;;;;
;;;;;;;;;;;;;;;;;
;;;;;;;;;;;;;;;;;
;;;;;;;;;;;;;;;;;
;;;;;;;;;;;;;;;;;
;;;;;;;;;;;;;;;;;
;;;;;;;;;;;;;;;;;
;;;;;;;;;;;;;;;;;
;;;;;;;;;;;;;;;;;
;;;;;;;;;;;;;;;;;
;;;;;;;;;;;;;;;;;
;;;;;;;;;;;;;;;;;
;;;;;;;;;;;;;;;;;
;;;;;;;;;;;;;;;;;
;;;;;;;;;;;;;;;;;
;;;;;;;;;;;;;;;;;
;;;;;;;;;;;;;;;;;
;;;;;;;;;;;;;;;;;
;;;;;;;;;;;;;;;;;
;;;;;;;;;;;;;;;;;
;;;;;;;;;;;;;;;;;
;;;;;;;;;;;;;;;;;
;;;;;;;;;;;;;;;;;
;;;;;;;;;;;;;;;;;
;;;;;;;;;;;;;;;;;
;;;;;;;;;;;;;;;;;
;;;;;;;;;;;;;;;;;
;;;;;;;;;;;;;;;;;
;;;;;;;;;;;;;;;;;
;;;;;;;;;;;;;;;;;
;;;;;;;;;;;;;;;;;
;;;;;;;;;;;;;;;;;
;;;;;;;;;;;;;;;;;
;;;;;;;;;;;;;;;;;
;;;;;;;;;;;;;;;;;
;;;;;;;;;;;;;;;;;
;;;;;;;;;;;;;;;;;
;;;;;;;;;;;;;;;;;
;;;;;;;;;;;;;;;;;
;;;;;;;;;;;;;;;;;
;;;;;;;;;;;;;;;;;
;;;;;;;;;;;;;;;;;
;;;;;;;;;;;;;;;;;
;;;;;;;;;;;;;;;;;
;;;;;;;;;;;;;;;;;
;;;;;;;;;;;;;;;;;
;;;;;;;;;;;;;;;;;
;;;;;;;;;;;;;;;;;
;;;;;;;;;;;;;;;;;
;;;;;;;;;;;;;;;;;
;;;;;;;;;;;;;;;;;
;;;;;;;;;;;;;;;;;
;;;;;;;;;;;;;;;;;
;;;;;;;;;;;;;;;;;
;;;;;;;;;;;;;;;;;
;;;;;;;;;;;;;;;;;
;;;;;;;;;;;;;;;;;
;;;;;;;;;;;;;;;;;
;;;;;;;;;;;;;;;;;
;;;;;;;;;;;;;;;;;
;;;;;;;;;;;;;;;;;
;;;;;;;;;;;;;;;;;
;;;;;;;;;;;;;;;;;
;;;;;;;;;;;;;;;;;
;;;;;;;;;;;;;;;;;
;;;;;;;;;;;;;;;;;
;;;;;;;;;;;;;;;;;
;;;;;;;;;;;;;;;;;
;;;;;;;;;;;;;;;;;
;;;;;;;;;;;;;;;;;
;;;;;;;;;;;;;;;;;
;;;;;;;;;;;;;;;;;
;;;;;;;;;;;;;;;;;
;;;;;;;;;;;;;;;;;
;;;;;;;;;;;;;;;;;
;;;;;;;;;;;;;;;;;
;;;;;;;;;;;;;;;;;
;;;;;;;;;;;;;;;;;
;;;;;;;;;;;;;;;;;
;;;;;;;;;;;;;;;;;
;;;;;;;;;;;;;;;;;
;;;;;;;;;;;;;;;;;
;;;;;;;;;;;;;;;;;
;;;;;;;;;;;;;;;;;
;;;;;;;;;;;;;;;;;
;;;;;;;;;;;;;;;;;
;;;;;;;;;;;;;;;;;
;;;;;;;;;;;;;;;;;
;;;;;;;;;;;;;;;;;
;;;;;;;;;;;;;;;;;
;;;;;;;;;;;;;;;;;
;;;;;;;;;;;;;;;;;
;;;;;;;;;;;;;;;;;
;;;;;;;;;;;;;;;;;
;;;;;;;;;;;;;;;;;
;;;;;;;;;;;;;;;;;
;;;;;;;;;;;;;;;;;
;;;;;;;;;;;;;;;;;
;;;;;;;;;;;;;;;;;
;;;;;;;;;;;;;;;;;
;;;;;;;;;;;;;;;;;
;;;;;;;;;;;;;;;;;
;;;;;;;;;;;;;;;;;
;;;;;;;;;;;;;;;;;
;;;;;;;;;;;;;;;;;
;;;;;;;;;;;;;;;;;
;;;;;;;;;;;;;;;;;
;;;;;;;;;;;;;;;;;
;;;;;;;;;;;;;;;;;
;;;;;;;;;;;;;;;;;
;;;;;;;;;;;;;;;;;
;;;;;;;;;;;;;;;;;
;;;;;;;;;;;;;;;;;
;;;;;;;;;;;;;;;;;
;;;;;;;;;;;;;;;;;
;;;;;;;;;;;;;;;;;
;;;;;;;;;;;;;;;;;
;;;;;;;;;;;;;;;;;
;;;;;;;;;;;;;;;;;
;;;;;;;;;;;;;;;;;
;;;;;;;;;;;;;;;;;
;;;;;;;;;;;;;;;;;
;;;;;;;;;;;;;;;;;
;;;;;;;;;;;;;;;;;
;;;;;;;;;;;;;;;;;
;;;;;;;;;;;;;;;;;
;;;;;;;;;;;;;;;;;
;;;;;;;;;;;;;;;;;
;;;;;;;;;;;;;;;;;
;;;;;;;;;;;;;;;;;
;;;;;;;;;;;;;;;;;
;;;;;;;;;;;;;;;;;
;;;;;;;;;;;;;;;;;
;;;;;;;;;;;;;;;;;
;;;;;;;;;;;;;;;;;
;;;;;;;;;;;;;;;;;
;;;;;;;;;;;;;;;;;
;;;;;;;;;;;;;;;;;
;;;;;;;;;;;;;;;;;
;;;;;;;;;;;;;;;;;
;;;;;;;;;;;;;;;;;
;;;;;;;;;;;;;;;;;
;;;;;;;;;;;;;;;;;
;;;;;;;;;;;;;;;;;
;;;;;;;;;;;;;;;;;
;;;;;;;;;;;;;;;;;
;;;;;;;;;;;;;;;;;
;;;;;;;;;;;;;;;;;
;;;;;;;;;;;;;;;;;
;;;;;;;;;;;;;;;;;
;;;;;;;;;;;;;;;;;
;;;;;;;;;;;;;;;;;
;;;;;;;;;;;;;;;;;
;;;;;;;;;;;;;;;;;
;;;;;;;;;;;;;;;;;
;;;;;;;;;;;;;;;;;
;;;;;;;;;;;;;;;;;
;;;;;;;;;;;;;;;;;
;;;;;;;;;;;;;;;;;
;;;;;;;;;;;;;;;;;
;;;;;;;;;;;;;;;;;
;;;;;;;;;;;;;;;;;
;;;;;;;;;;;;;;;;;
;;;;;;;;;;;;;;;;;
;;;;;;;;;;;;;;;;;
;;;;;;;;;;;;;;;;;
;;;;;;;;;;;;;;;;;
;;;;;;;;;;;;;;;;;
;;;;;;;;;;;;;;;;;
;;;;;;;;;;;;;;;;;
;;;;;;;;;;;;;;;;;
;;;;;;;;;;;;;;;;;
;;;;;;;;;;;;;;;;;
;;;;;;;;;;;;;;;;;
;;;;;;;;;;;;;;;;;
;;;;;;;;;;;;;;;;;
;;;;;;;;;;;;;;;;;
;;;;;;;;;;;;;;;;;
;;;;;;;;;;;;;;;;;
;;;;;;;;;;;;;;;;;
;;;;;;;;;;;;;;;;;
;;;;;;;;;;;;;;;;;
;;;;;;;;;;;;;;;;;
;;;;;;;;;;;;;;;;;
;;;;;;;;;;;;;;;;;
;;;;;;;;;;;;;;;;;
;;;;;;;;;;;;;;;;;
;;;;;;;;;;;;;;;;;
;;;;;;;;;;;;;;;;;
;;;;;;;;;;;;;;;;;
;;;;;;;;;;;;;;;;;
;;;;;;;;;;;;;;;;;
;;;;;;;;;;;;;;;;;
;;;;;;;;;;;;;;;;;
;;;;;;;;;;;;;;;;;
;;;;;;;;;;;;;;;;;
;;;;;;;;;;;;;;;;;
;;;;;;;;;;;;;;;;;
;;;;;;;;;;;;;;;;;
;;;;;;;;;;;;;;;;;
;;;;;;;;;;;;;;;;;
;;;;;;;;;;;;;;;;;
;;;;;;;;;;;;;;;;;
;;;;;;;;;;;;;;;;;
;;;;;;;;;;;;;;;;;
;;;;;;;;;;;;;;;;;
;;;;;;;;;;;;;;;;;
;;;;;;;;;;;;;;;;;
;;;;;;;;;;;;;;;;;
;;;;;;;;;;;;;;;;;
;;;;;;;;;;;;;;;;;
;;;;;;;;;;;;;;;;;
;;;;;;;;;;;;;;;;;
;;;;;;;;;;;;;;;;;
;;;;;;;;;;;;;;;;;
;;;;;;;;;;;;;;;;;
;;;;;;;;;;;;;;;;;
;;;;;;;;;;;;;;;;;
;;;;;;;;;;;;;;;;;
;;;;;;;;;;;;;;;;;
;;;;;;;;;;;;;;;;;
;;;;;;;;;;;;;;;;;
;;;;;;;;;;;;;;;;;
;;;;;;;;;;;;;;;;;
;;;;;;;;;;;;;;;;;
;;;;;;;;;;;;;;;;;
;;;;;;;;;;;;;;;;;
;;;;;;;;;;;;;;;;;
;;;;;;;;;;;;;;;;;
;;;;;;;;;;;;;;;;;
;;;;;;;;;;;;;;;;;
;;;;;;;;;;;;;;;;;
;;;;;;;;;;;;;;;;;
;;;;;;;;;;;;;;;;;
;;;;;;;;;;;;;;;;;
;;;;;;;;;;;;;;;;;
;;;;;;;;;;;;;;;;;
;;;;;;;;;;;;;;;;;
;;;;;;;;;;;;;;;;;
;;;;;;;;;;;;;;;;;
;;;;;;;;;;;;;;;;;
;;;;;;;;;;;;;;;;;
;;;;;;;;;;;;;;;;;
;;;;;;;;;;;;;;;;;
;;;;;;;;;;;;;;;;;
;;;;;;;;;;;;;;;;;
;;;;;;;;;;;;;;;;;
;;;;;;;;;;;;;;;;;
;;;;;;;;;;;;;;;;;
;;;;;;;;;;;;;;;;;
;;;;;;;;;;;;;;;;;
;;;;;;;;;;;;;;;;;
;;;;;;;;;;;;;;;;;
;;;;;;;;;;;;;;;;;
;;;;;;;;;;;;;;;;;
;;;;;;;;;;;;;;;;;
;;;;;;;;;;;;;;;;;
;;;;;;;;;;;;;;;;;
;;;;;;;;;;;;;;;;;
;;;;;;;;;;;;;;;;;
;;;;;;;;;;;;;;;;;
;;;;;;;;;;;;;;;;;
;;;;;;;;;;;;;;;;;
;;;;;;;;;;;;;;;;;
;;;;;;;;;;;;;;;;;
;;;;;;;;;;;;;;;;;
;;;;;;;;;;;;;;;;;
;;;;;;;;;;;;;;;;;
;;;;;;;;;;;;;;;;;
;;;;;;;;;;;;;;;;;
;;;;;;;;;;;;;;;;;
;;;;;;;;;;;;;;;;;
;;;;;;;;;;;;;;;;;
;;;;;;;;;;;;;;;;;
;;;;;;;;;;;;;;;;;
;;;;;;;;;;;;;;;;;
;;;;;;;;;;;;;;;;;
;;;;;;;;;;;;;;;;;
;;;;;;;;;;;;;;;;;
;;;;;;;;;;;;;;;;;
;;;;;;;;;;;;;;;;;
;;;;;;;;;;;;;;;;;
;;;;;;;;;;;;;;;;;
;;;;;;;;;;;;;;;;;
;;;;;;;;;;;;;;;;;
;;;;;;;;;;;;;;;;;
;;;;;;;;;;;;;;;;;
;;;;;;;;;;;;;;;;;
;;;;;;;;;;;;;;;;;
;;;;;;;;;;;;;;;;;
;;;;;;;;;;;;;;;;;
;;;;;;;;;;;;;;;;;
;;;;;;;;;;;;;;;;;
;;;;;;;;;;;;;;;;;
;;;;;;;;;;;;;;;;;
;;;;;;;;;;;;;;;;;
;;;;;;;;;;;;;;;;;
;;;;;;;;;;;;;;;;;
;;;;;;;;;;;;;;;;;
;;;;;;;;;;;;;;;;;
;;;;;;;;;;;;;;;;;
;;;;;;;;;;;;;;;;;
;;;;;;;;;;;;;;;;;
;;;;;;;;;;;;;;;;;
;;;;;;;;;;;;;;;;;
;;;;;;;;;;;;;;;;;
;;;;;;;;;;;;;;;;;
;;;;;;;;;;;;;;;;;
;;;;;;;;;;;;;;;;;
;;;;;;;;;;;;;;;;;
;;;;;;;;;;;;;;;;;
;;;;;;;;;;;;;;;;;
;;;;;;;;;;;;;;;;;
;;;;;;;;;;;;;;;;;
;;;;;;;;;;;;;;;;;
;;;;;;;;;;;;;;;;;
;;;;;;;;;;;;;;;;;
;;;;;;;;;;;;;;;;;
;;;;;;;;;;;;;;;;;
;;;;;;;;;;;;;;;;;
;;;;;;;;;;;;;;;;;
;;;;;;;;;;;;;;;;;
;;;;;;;;;;;;;;;;;
;;;;;;;;;;;;;;;;;
;;;;;;;;;;;;;;;;;
;;;;;;;;;;;;;;;;;
;;;;;;;;;;;;;;;;;
;;;;;;;;;;;;;;;;;
;;;;;;;;;;;;;;;;;
;;;;;;;;;;;;;;;;;
;;;;;;;;;;;;;;;;;
;;;;;;;;;;;;;;;;;
;;;;;;;;;;;;;;;;;
;;;;;;;;;;;;;;;;;
;;;;;;;;;;;;;;;;;
;;;;;;;;;;;;;;;;;
;;;;;;;;;;;;;;;;;
;;;;;;;;;;;;;;;;;
;;;;;;;;;;;;;;;;;
;;;;;;;;;;;;;;;;;
;;;;;;;;;;;;;;;;;
;;;;;;;;;;;;;;;;;
;;;;;;;;;;;;;;;;;
;;;;;;;;;;;;;;;;;
;;;;;;;;;;;;;;;;;
;;;;;;;;;;;;;;;;;
;;;;;;;;;;;;;;;;;
;;;;;;;;;;;;;;;;;
;;;;;;;;;;;;;;;;;
;;;;;;;;;;;;;;;;;
;;;;;;;;;;;;;;;;;
;;;;;;;;;;;;;;;;;
;;;;;;;;;;;;;;;;;
;;;;;;;;;;;;;;;;;
;;;;;;;;;;;;;;;;;
;;;;;;;;;;;;;;;;;
;;;;;;;;;;;;;;;;;
;;;;;;;;;;;;;;;;;
;;;;;;;;;;;;;;;;;
;;;;;;;;;;;;;;;;;
;;;;;;;;;;;;;;;;;
;;;;;;;;;;;;;;;;;
;;;;;;;;;;;;;;;;;
;;;;;;;;;;;;;;;;;
;;;;;;;;;;;;;;;;;
;;;;;;;;;;;;;;;;;
;;;;;;;;;;;;;;;;;
;;;;;;;;;;;;;;;;;
;;;;;;;;;;;;;;;;;
;;;;;;;;;;;;;;;;;
;;;;;;;;;;;;;;;;;
;;;;;;;;;;;;;;;;;
;;;;;;;;;;;;;;;;;
;;;;;;;;;;;;;;;;;
;;;;;;;;;;;;;;;;;
;;;;;;;;;;;;;;;;;
;;;;;;;;;;;;;;;;;
;;;;;;;;;;;;;;;;;
;;;;;;;;;;;;;;;;;
;;;;;;;;;;;;;;;;;
;;;;;;;;;;;;;;;;;
;;;;;;;;;;;;;;;;;
;;;;;;;;;;;;;;;;;
;;;;;;;;;;;;;;;;;
;;;;;;;;;;;;;;;;;
;;;;;;;;;;;;;;;;;
;;;;;;;;;;;;;;;;;
;;;;;;;;;;;;;;;;;
;;;;;;;;;;;;;;;;;
;;;;;;;;;;;;;;;;;
;;;;;;;;;;;;;;;;;
;;;;;;;;;;;;;;;;;
;;;;;;;;;;;;;;;;;
;;;;;;;;;;;;;;;;;
;;;;;;;;;;;;;;;;;
;;;;;;;;;;;;;;;;;
;;;;;;;;;;;;;;;;;
;;;;;;;;;;;;;;;;;
;;;;;;;;;;;;;;;;;
;;;;;;;;;;;;;;;;;
;;;;;;;;;;;;;;;;;
;;;;;;;;;;;;;;;;;
;;;;;;;;;;;;;;;;;
;;;;;;;;;;;;;;;;;
;;;;;;;;;;;;;;;;;
;;;;;;;;;;;;;;;;;
;;;;;;;;;;;;;;;;;
;;;;;;;;;;;;;;;;;
;;;;;;;;;;;;;;;;;
;;;;;;;;;;;;;;;;;
;;;;;;;;;;;;;;;;;
;;;;;;;;;;;;;;;;;
;;;;;;;;;;;;;;;;;
;;;;;;;;;;;;;;;;;
;;;;;;;;;;;;;;;;;
;;;;;;;;;;;;;;;;;
;;;;;;;;;;;;;;;;;
;;;;;;;;;;;;;;;;;
;;;;;;;;;;;;;;;;;
;;;;;;;;;;;;;;;;;
;;;;;;;;;;;;;;;;;
;;;;;;;;;;;;;;;;;
;;;;;;;;;;;;;;;;;
;;;;;;;;;;;;;;;;;
;;;;;;;;;;;;;;;;;
;;;;;;;;;;;;;;;;;
;;;;;;;;;;;;;;;;;
;;;;;;;;;;;;;;;;;
;;;;;;;;;;;;;;;;;
;;;;;;;;;;;;;;;;;
;;;;;;;;;;;;;;;;;
;;;;;;;;;;;;;;;;;
;;;;;;;;;;;;;;;;;
;;;;;;;;;;;;;;;;;
;;;;;;;;;;;;;;;;;
;;;;;;;;;;;;;;;;;
;;;;;;;;;;;;;;;;;
;;;;;;;;;;;;;;;;;
;;;;;;;;;;;;;;;;;
;;;;;;;;;;;;;;;;;
;;;;;;;;;;;;;;;;;
;;;;;;;;;;;;;;;;;
;;;;;;;;;;;;;;;;;
;;;;;;;;;;;;;;;;;
;;;;;;;;;;;;;;;;;
;;;;;;;;;;;;;;;;;
;;;;;;;;;;;;;;;;;
;;;;;;;;;;;;;;;;;
;;;;;;;;;;;;;;;;;
;;;;;;;;;;;;;;;;;
;;;;;;;;;;;;;;;;;
;;;;;;;;;;;;;;;;;
;;;;;;;;;;;;;;;;;
;;;;;;;;;;;;;;;;;
;;;;;;;;;;;;;;;;;
;;;;;;;;;;;;;;;;;
;;;;;;;;;;;;;;;;;
;;;;;;;;;;;;;;;;;
;;;;;;;;;;;;;;;;;
;;;;;;;;;;;;;;;;;
;;;;;;;;;;;;;;;;;
;;;;;;;;;;;;;;;;;
;;;;;;;;;;;;;;;;;
;;;;;;;;;;;;;;;;;
;;;;;;;;;;;;;;;;;
;;;;;;;;;;;;;;;;;
;;;;;;;;;;;;;;;;;
;;;;;;;;;;;;;;;;;
;;;;;;;;;;;;;;;;;
;;;;;;;;;;;;;;;;;
;;;;;;;;;;;;;;;;;
;;;;;;;;;;;;;;;;;
;;;;;;;;;;;;;;;;;
;;;;;;;;;;;;;;;;;
;;;;;;;;;;;;;;;;;
;;;;;;;;;;;;;;;;;
;;;;;;;;;;;;;;;;;
;;;;;;;;;;;;;;;;;
;;;;;;;;;;;;;;;;;
;;;;;;;;;;;;;;;;;
;;;;;;;;;;;;;;;;;
;;;;;;;;;;;;;;;;;
;;;;;;;;;;;;;;;;;
;;;;;;;;;;;;;;;;;
;;;;;;;;;;;;;;;;;
;;;;;;;;;;;;;;;;;
;;;;;;;;;;;;;;;;;
;;;;;;;;;;;;;;;;;
;;;;;;;;;;;;;;;;;
;;;;;;;;;;;;;;;;;
;;;;;;;;;;;;;;;;;
;;;;;;;;;;;;;;;;;
;;;;;;;;;;;;;;;;;
;;;;;;;;;;;;;;;;;
;;;;;;;;;;;;;;;;;
;;;;;;;;;;;;;;;;;
;;;;;;;;;;;;;;;;;
;;;;;;;;;;;;;;;;;
;;;;;;;;;;;;;;;;;
;;;;;;;;;;;;;;;;;
;;;;;;;;;;;;;;;;;
;;;;;;;;;;;;;;;;;
;;;;;;;;;;;;;;;;;
;;;;;;;;;;;;;;;;;
;;;;;;;;;;;;;;;;;
;;;;;;;;;;;;;;;;;
;;;;;;;;;;;;;;;;;
;;;;;;;;;;;;;;;;;
;;;;;;;;;;;;;;;;;
;;;;;;;;;;;;;;;;;
;;;;;;;;;;;;;;;;;
;;;;;;;;;;;;;;;;;
;;;;;;;;;;;;;;;;;
;;;;;;;;;;;;;;;;;
;;;;;;;;;;;;;;;;;
;;;;;;;;;;;;;;;;;
;;;;;;;;;;;;;;;;;
;;;;;;;;;;;;;;;;;
;;;;;;;;;;;;;;;;;
;;;;;;;;;;;;;;;;;
;;;;;;;;;;;;;;;;;
;;;;;;;;;;;;;;;;;
;;;;;;;;;;;;;;;;;
;;;;;;;;;;;;;;;;;
;;;;;;;;;;;;;;;;;
;;;;;;;;;;;;;;;;;
;;;;;;;;;;;;;;;;;
;;;;;;;;;;;;;;;;;
;;;;;;;;;;;;;;;;;
;;;;;;;;;;;;;;;;;
;;;;;;;;;;;;;;;;;
;;;;;;;;;;;;;;;;;
;;;;;;;;;;;;;;;;;
;;;;;;;;;;;;;;;;;
;;;;;;;;;;;;;;;;;
;;;;;;;;;;;;;;;;;
;;;;;;;;;;;;;;;;;
;;;;;;;;;;;;;;;;;
;;;;;;;;;;;;;;;;;
;;;;;;;;;;;;;;;;;
;;;;;;;;;;;;;;;;;
;;;;;;;;;;;;;;;;;
;;;;;;;;;;;;;;;;;
;;;;;;;;;;;;;;;;;
;;;;;;;;;;;;;;;;;
;;;;;;;;;;;;;;;;;
;;;;;;;;;;;;;;;;;
;;;;;;;;;;;;;;;;;
;;;;;;;;;;;;;;;;;
;;;;;;;;;;;;;;;;;
;;;;;;;;;;;;;;;;;
;;;;;;;;;;;;;;;;;
;;;;;;;;;;;;;;;;;
;;;;;;;;;;;;;;;;;
;;;;;;;;;;;;;;;;;
;;;;;;;;;;;;;;;;;
;;;;;;;;;;;;;;;;;
;;;;;;;;;;;;;;;;;
;;;;;;;;;;;;;;;;;
;;;;;;;;;;;;;;;;;
;;;;;;;;;;;;;;;;;
;;;;;;;;;;;;;;;;;
;;;;;;;;;;;;;;;;;
;;;;;;;;;;;;;;;;;
;;;;;;;;;;;;;;;;;
;;;;;;;;;;;;;;;;;
;;;;;;;;;;;;;;;;;
;;;;;;;;;;;;;;;;;
;;;;;;;;;;;;;;;;;
;;;;;;;;;;;;;;;;;
;;;;;;;;;;;;;;;;;
;;;;;;;;;;;;;;;;;
;;;;;;;;;;;;;;;;;
;;;;;;;;;;;;;;;;;
;;;;;;;;;;;;;;;;;
;;;;;;;;;;;;;;;;;
;;;;;;;;;;;;;;;;;
;;;;;;;;;;;;;;;;;
;;;;;;;;;;;;;;;;;
;;;;;;;;;;;;;;;;;
;;;;;;;;;;;;;;;;;
;;;;;;;;;;;;;;;;;
;;;;;;;;;;;;;;;;;
;;;;;;;;;;;;;;;;;
;;;;;;;;;;;;;;;;;
;;;;;;;;;;;;;;;;;
;;;;;;;;;;;;;;;;;
;;;;;;;;;;;;;;;;;
;;;;;;;;;;;;;;;;;
;;;;;;;;;;;;;;;;;
;;;;;;;;;;;;;;;;;
;;;;;;;;;;;;;;;;;
;;;;;;;;;;;;;;;;;
;;;;;;;;;;;;;;;;;
;;;;;;;;;;;;;;;;;
;;;;;;;;;;;;;;;;;
;;;;;;;;;;;;;;;;;
;;;;;;;;;;;;;;;;;
;;;;;;;;;;;;;;;;;
;;;;;;;;;;;;;;;;;
;;;;;;;;;;;;;;;;;
;;;;;;;;;;;;;;;;;
;;;;;;;;;;;;;;;;;
;;;;;;;;;;;;;;;;;
;;;;;;;;;;;;;;;;;
;;;;;;;;;;;;;;;;;
;;;;;;;;;;;;;;;;;
;;;;;;;;;;;;;;;;;
;;;;;;;;;;;;;;;;;
;;;;;;;;;;;;;;;;;
;;;;;;;;;;;;;;;;;
;;;;;;;;;;;;;;;;;
;;;;;;;;;;;;;;;;;
;;;;;;;;;;;;;;;;;
;;;;;;;;;;;;;;;;;
;;;;;;;;;;;;;;;;;
;;;;;;;;;;;;;;;;;
;;;;;;;;;;;;;;;;;
;;;;;;;;;;;;;;;;;
;;;;;;;;;;;;;;;;;
;;;;;;;;;;;;;;;;;
;;;;;;;;;;;;;;;;;
;;;;;;;;;;;;;;;;;
;;;;;;;;;;;;;;;;;
;;;;;;;;;;;;;;;;;
;;;;;;;;;;;;;;;;;
;;;;;;;;;;;;;;;;;
;;;;;;;;;;;;;;;;;
;;;;;;;;;;;;;;;;;
;;;;;;;;;;;;;;;;;
;;;;;;;;;;;;;;;;;
;;;;;;;;;;;;;;;;;
;;;;;;;;;;;;;;;;;
;;;;;;;;;;;;;;;;;
;;;;;;;;;;;;;;;;;
;;;;;;;;;;;;;;;;;
;;;;;;;;;;;;;;;;;
;;;;;;;;;;;;;;;;;
;;;;;;;;;;;;;;;;;
;;;;;;;;;;;;;;;;;
;;;;;;;;;;;;;;;;;
;;;;;;;;;;;;;;;;;
;;;;;;;;;;;;;;;;;
;;;;;;;;;;;;;;;;;
;;;;;;;;;;;;;;;;;
;;;;;;;;;;;;;;;;;
;;;;;;;;;;;;;;;;;
;;;;;;;;;;;;;;;;;
;;;;;;;;;;;;;;;;;
;;;;;;;;;;;;;;;;;
;;;;;;;;;;;;;;;;;
;;;;;;;;;;;;;;;;;
;;;;;;;;;;;;;;;;;
;;;;;;;;;;;;;;;;;
;;;;;;;;;;;;;;;;;
;;;;;;;;;;;;;;;;;
;;;;;;;;;;;;;;;;;
;;;;;;;;;;;;;;;;;
;;;;;;;;;;;;;;;;;
;;;;;;;;;;;;;;;;;
;;;;;;;;;;;;;;;;;
;;;;;;;;;;;;;;;;;
;;;;;;;;;;;;;;;;;
;;;;;;;;;;;;;;;;;
;;;;;;;;;;;;;;;;;
;;;;;;;;;;;;;;;;;
;;;;;;;;;;;;;;;;;
;;;;;;;;;;;;;;;;;
;;;;;;;;;;;;;;;;;
;;;;;;;;;;;;;;;;;
;;;;;;;;;;;;;;;;;
;;;;;;;;;;;;;;;;;
;;;;;;;;;;;;;;;;;
;;;;;;;;;;;;;;;;;
;;;;;;;;;;;;;;;;;
;;;;;;;;;;;;;;;;;
;;;;;;;;;;;;;;;;;
;;;;;;;;;;;;;;;;;
;;;;;;;;;;;;;;;;;
;;;;;;;;;;;;;;;;;
;;;;;;;;;;;;;;;;;
;;;;;;;;;;;;;;;;;
;;;;;;;;;;;;;;;;;
;;;;;;;;;;;;;;;;;
;;;;;;;;;;;;;;;;;
;;;;;;;;;;;;;;;;;
;;;;;;;;;;;;;;;;;
;;;;;;;;;;;;;;;;;
;;;;;;;;;;;;;;;;;
;;;;;;;;;;;;;;;;;
;;;;;;;;;;;;;;;;;
;;;;;;;;;;;;;;;;;
;;;;;;;;;;;;;;;;;
;;;;;;;;;;;;;;;;;
;;;;;;;;;;;;;;;;;
;;;;;;;;;;;;;;;;;
;;;;;;;;;;;;;;;;;
;;;;;;;;;;;;;;;;;
;;;;;;;;;;;;;;;;;
;;;;;;;;;;;;;;;;;
;;;;;;;;;;;;;;;;;
;;;;;;;;;;;;;;;;;
;;;;;;;;;;;;;;;;;
;;;;;;;;;;;;;;;;;
;;;;;;;;;;;;;;;;;
;;;;;;;;;;;;;;;;;
;;;;;;;;;;;;;;;;;
;;;;;;;;;;;;;;;;;
;;;;;;;;;;;;;;;;;
;;;;;;;;;;;;;;;;;
;;;;;;;;;;;;;;;;;
;;;;;;;;;;;;;;;;;
;;;;;;;;;;;;;;;;;
;;;;;;;;;;;;;;;;;
;;;;;;;;;;;;;;;;;
;;;;;;;;;;;;;;;;;
;;;;;;;;;;;;;;;;;
;;;;;;;;;;;;;;;;;
;;;;;;;;;;;;;;;;;
;;;;;;;;;;;;;;;;;
;;;;;;;;;;;;;;;;;
;;;;;;;;;;;;;;;;;
;;;;;;;;;;;;;;;;;
;;;;;;;;;;;;;;;;;
;;;;;;;;;;;;;;;;;
;;;;;;;;;;;;;;;;;
;;;;;;;;;;;;;;;;;
;;;;;;;;;;;;;;;;;
;;;;;;;;;;;;;;;;;
;;;;;;;;;;;;;;;;;
;;;;;;;;;;;;;;;;;
;;;;;;;;;;;;;;;;;
;;;;;;;;;;;;;;;;;
;;;;;;;;;;;;;;;;;
;;;;;;;;;;;;;;;;;
;;;;;;;;;;;;;;;;;
;;;;;;;;;;;;;;;;;
;;;;;;;;;;;;;;;;;
;;;;;;;;;;;;;;;;;
;;;;;;;;;;;;;;;;;
;;;;;;;;;;;;;;;;;
;;;;;;;;;;;;;;;;;
;;;;;;;;;;;;;;;;;
;;;;;;;;;;;;;;;;;
;;;;;;;;;;;;;;;;;
;;;;;;;;;;;;;;;;;
;;;;;;;;;;;;;;;;;
;;;;;;;;;;;;;;;;;
;;;;;;;;;;;;;;;;;
;;;;;;;;;;;;;;;;;
;;;;;;;;;;;;;;;;;
;;;;;;;;;;;;;;;;;
;;;;;;;;;;;;;;;;;
;;;;;;;;;;;;;;;;;
;;;;;;;;;;;;;;;;;
;;;;;;;;;;;;;;;;;
;;;;;;;;;;;;;;;;;
;;;;;;;;;;;;;;;;;
;;;;;;;;;;;;;;;;;
;;;;;;;;;;;;;;;;;
;;;;;;;;;;;;;;;;;
;;;;;;;;;;;;;;;;;
;;;;;;;;;;;;;;;;;
;;;;;;;;;;;;;;;;;
;;;;;;;;;;;;;;;;;
;;;;;;;;;;;;;;;;;
;;;;;;;;;;;;;;;;;
;;;;;;;;;;;;;;;;;
;;;;;;;;;;;;;;;;;
;;;;;;;;;;;;;;;;;
;;;;;;;;;;;;;;;;;
;;;;;;;;;;;;;;;;;
;;;;;;;;;;;;;;;;;
;;;;;;;;;;;;;;;;;
;;;;;;;;;;;;;;;;;
;;;;;;;;;;;;;;;;;
;;;;;;;;;;;;;;;;;
;;;;;;;;;;;;;;;;;
;;;;;;;;;;;;;;;;;
;;;;;;;;;;;;;;;;;
;;;;;;;;;;;;;;;;;
;;;;;;;;;;;;;;;;;
;;;;;;;;;;;;;;;;;
;;;;;;;;;;;;;;;;;
;;;;;;;;;;;;;;;;;
;;;;;;;;;;;;;;;;;
;;;;;;;;;;;;;;;;;
;;;;;;;;;;;;;;;;;
;;;;;;;;;;;;;;;;;
;;;;;;;;;;;;;;;;;
;;;;;;;;;;;;;;;;;
;;;;;;;;;;;;;;;;;
;;;;;;;;;;;;;;;;;
;;;;;;;;;;;;;;;;;
;;;;;;;;;;;;;;;;;
;;;;;;;;;;;;;;;;;
;;;;;;;;;;;;;;;;;
;;;;;;;;;;;;;;;;;
;;;;;;;;;;;;;;;;;
;;;;;;;;;;;;;;;;;
;;;;;;;;;;;;;;;;;
;;;;;;;;;;;;;;;;;
;;;;;;;;;;;;;;;;;
;;;;;;;;;;;;;;;;;
;;;;;;;;;;;;;;;;;
;;;;;;;;;;;;;;;;;
;;;;;;;;;;;;;;;;;
;;;;;;;;;;;;;;;;;
;;;;;;;;;;;;;;;;;
;;;;;;;;;;;;;;;;;
;;;;;;;;;;;;;;;;;
;;;;;;;;;;;;;;;;;
;;;;;;;;;;;;;;;;;
;;;;;;;;;;;;;;;;;
;;;;;;;;;;;;;;;;;
;;;;;;;;;;;;;;;;;
;;;;;;;;;;;;;;;;;
;;;;;;;;;;;;;;;;;
;;;;;;;;;;;;;;;;;
;;;;;;;;;;;;;;;;;
;;;;;;;;;;;;;;;;;
;;;;;;;;;;;;;;;;;
;;;;;;;;;;;;;;;;;
;;;;;;;;;;;;;;;;;
;;;;;;;;;;;;;;;;;
;;;;;;;;;;;;;;;;;
;;;;;;;;;;;;;;;;;
;;;;;;;;;;;;;;;;;
;;;;;;;;;;;;;;;;;
;;;;;;;;;;;;;;;;;
;;;;;;;;;;;;;;;;;
;;;;;;;;;;;;;;;;;
;;;;;;;;;;;;;;;;;
;;;;;;;;;;;;;;;;;
;;;;;;;;;;;;;;;;;
;;;;;;;;;;;;;;;;;
;;;;;;;;;;;;;;;;;
;;;;;;;;;;;;;;;;;
;;;;;;;;;;;;;;;;;
;;;;;;;;;;;;;;;;;
;;;;;;;;;;;;;;;;;
;;;;;;;;;;;;;;;;;
;;;;;;;;;;;;;;;;;
;;;;;;;;;;;;;;;;;
;;;;;;;;;;;;;;;;;
;;;;;;;;;;;;;;;;;
;;;;;;;;;;;;;;;;;
;;;;;;;;;;;;;;;;;
;;;;;;;;;;;;;;;;;
;;;;;;;;;;;;;;;;;
;;;;;;;;;;;;;;;;;
;;;;;;;;;;;;;;;;;
;;;;;;;;;;;;;;;;;
;;;;;;;;;;;;;;;;;
;;;;;;;;;;;;;;;;;
;;;;;;;;;;;;;;;;;
;;;;;;;;;;;;;;;;;
;;;;;;;;;;;;;;;;;
;;;;;;;;;;;;;;;;;
;;;;;;;;;;;;;;;;;
;;;;;;;;;;;;;;;;;
;;;;;;;;;;;;;;;;;
;;;;;;;;;;;;;;;;;
;;;;;;;;;;;;;;;;;
;;;;;;;;;;;;;;;;;
;;;;;;;;;;;;;;;;;
;;;;;;;;;;;;;;;;;
;;;;;;;;;;;;;;;;;
;;;;;;;;;;;;;;;;;
;;;;;;;;;;;;;;;;;
;;;;;;;;;;;;;;;;;
;;;;;;;;;;;;;;;;;
;;;;;;;;;;;;;;;;;
;;;;;;;;;;;;;;;;;
;;;;;;;;;;;;;;;;;
;;;;;;;;;;;;;;;;;
;;;;;;;;;;;;;;;;;
;;;;;;;;;;;;;;;;;
;;;;;;;;;;;;;;;;;
;;;;;;;;;;;;;;;;;
;;;;;;;;;;;;;;;;;
;;;;;;;;;;;;;;;;;
;;;;;;;;;;;;;;;;;
;;;;;;;;;;;;;;;;;
;;;;;;;;;;;;;;;;;
;;;;;;;;;;;;;;;;;
;;;;;;;;;;;;;;;;;
;;;;;;;;;;;;;;;;;
;;;;;;;;;;;;;;;;;
;;;;;;;;;;;;;;;;;
;;;;;;;;;;;;;;;;;
;;;;;;;;;;;;;;;;;
;;;;;;;;;;;;;;;;;
;;;;;;;;;;;;;;;;;
;;;;;;;;;;;;;;;;;
;;;;;;;;;;;;;;;;;
;;;;;;;;;;;;;;;;;
;;;;;;;;;;;;;;;;;
;;;;;;;;;;;;;;;;;
;;;;;;;;;;;;;;;;;
;;;;;;;;;;;;;;;;;
;;;;;;;;;;;;;;;;;
;;;;;;;;;;;;;;;;;
;;;;;;;;;;;;;;;;;
;;;;;;;;;;;;;;;;;
;;;;;;;;;;;;;;;;;
;;;;;;;;;;;;;;;;;
;;;;;;;;;;;;;;;;;
;;;;;;;;;;;;;;;;;
;;;;;;;;;;;;;;;;;
;;;;;;;;;;;;;;;;;
;;;;;;;;;;;;;;;;;
;;;;;;;;;;;;;;;;;
;;;;;;;;;;;;;;;;;
;;;;;;;;;;;;;;;;;
;;;;;;;;;;;;;;;;;
;;;;;;;;;;;;;;;;;
;;;;;;;;;;;;;;;;;
;;;;;;;;;;;;;;;;;
;;;;;;;;;;;;;;;;;
;;;;;;;;;;;;;;;;;
;;;;;;;;;;;;;;;;;
;;;;;;;;;;;;;;;;;
;;;;;;;;;;;;;;;;;
;;;;;;;;;;;;;;;;;
;;;;;;;;;;;;;;;;;
;;;;;;;;;;;;;;;;;
;;;;;;;;;;;;;;;;;
;;;;;;;;;;;;;;;;;
;;;;;;;;;;;;;;;;;
;;;;;;;;;;;;;;;;;
;;;;;;;;;;;;;;;;;
;;;;;;;;;;;;;;;;;
;;;;;;;;;;;;;;;;;
;;;;;;;;;;;;;;;;;
;;;;;;;;;;;;;;;;;
;;;;;;;;;;;;;;;;;
;;;;;;;;;;;;;;;;;
;;;;;;;;;;;;;;;;;
;;;;;;;;;;;;;;;;;
;;;;;;;;;;;;;;;;;
;;;;;;;;;;;;;;;;;
;;;;;;;;;;;;;;;;;
;;;;;;;;;;;;;;;;;
;;;;;;;;;;;;;;;;;
;;;;;;;;;;;;;;;;;
;;;;;;;;;;;;;;;;;
;;;;;;;;;;;;;;;;;
;;;;;;;;;;;;;;;;;
;;;;;;;;;;;;;;;;;
;;;;;;;;;;;;;;;;;
;;;;;;;;;;;;;;;;;
;;;;;;;;;;;;;;;;;
;;;;;;;;;;;;;;;;;
;;;;;;;;;;;;;;;;;
;;;;;;;;;;;;;;;;;
;;;;;;;;;;;;;;;;;
;;;;;;;;;;;;;;;;;
;;;;;;;;;;;;;;;;;
;;;;;;;;;;;;;;;;;
;;;;;;;;;;;;;;;;;
;;;;;;;;;;;;;;;;;
;;;;;;;;;;;;;;;;;
;;;;;;;;;;;;;;;;;
;;;;;;;;;;;;;;;;;
;;;;;;;;;;;;;;;;;
;;;;;;;;;;;;;;;;;
;;;;;;;;;;;;;;;;;
;;;;;;;;;;;;;;;;;
;;;;;;;;;;;;;;;;;
;;;;;;;;;;;;;;;;;
;;;;;;;;;;;;;;;;;
;;;;;;;;;;;;;;;;;
;;;;;;;;;;;;;;;;;
;;;;;;;;;;;;;;;;;
;;;;;;;;;;;;;;;;;
;;;;;;;;;;;;;;;;;
;;;;;;;;;;;;;;;;;
;;;;;;;;;;;;;;;;;
;;;;;;;;;;;;;;;;;
;;;;;;;;;;;;;;;;;
;;;;;;;;;;;;;;;;;
;;;;;;;;;;;;;;;;;
;;;;;;;;;;;;;;;;;
;;;;;;;;;;;;;;;;;
;;;;;;;;;;;;;;;;;
;;;;;;;;;;;;;;;;;
;;;;;;;;;;;;;;;;;
;;;;;;;;;;;;;;;;;
;;;;;;;;;;;;;;;;;
;;;;;;;;;;;;;;;;;
;;;;;;;;;;;;;;;;;
;;;;;;;;;;;;;;;;;
;;;;;;;;;;;;;;;;;
;;;;;;;;;;;;;;;;;
;;;;;;;;;;;;;;;;;
;;;;;;;;;;;;;;;;;
;;;;;;;;;;;;;;;;;
;;;;;;;;;;;;;;;;;
;;;;;;;;;;;;;;;;;
;;;;;;;;;;;;;;;;;
;;;;;;;;;;;;;;;;;
;;;;;;;;;;;;;;;;;
;;;;;;;;;;;;;;;;;
;;;;;;;;;;;;;;;;;
;;;;;;;;;;;;;;;;;
;;;;;;;;;;;;;;;;;
;;;;;;;;;;;;;;;;;
;;;;;;;;;;;;;;;;;
;;;;;;;;;;;;;;;;;
;;;;;;;;;;;;;;;;;
;;;;;;;;;;;;;;;;;
;;;;;;;;;;;;;;;;;
;;;;;;;;;;;;;;;;;
;;;;;;;;;;;;;;;;;
